試合日,チーム,相手チーム,得セット,失セット,勝敗,背番号,リベロ,名前,出場数,1,2,3,4,5,アタック打数,アタック得点,アタック失点,アタック決定率,アタック効果率,アタックセット平均,バックアタック打数,バックアタック得点,バックアタック失点,バックアタック決定率,ブロック得点,ブロックセット平均,サーブ打数,サーブ得点,サーブ失点,サーブ効果,サーブ効果率,受数,サーブレシーブ成功・優,サーブレシーブ成功・良,サーブレシーブ成功率,総得点
2021-12-04,長野GaRons,アイシンティルマーレ,0,3,0,1,,松下祐太,3,■,■,■,nan,nan,12,6,2,50.0,33.3,2.00,0,0,0,-,0,-,11,0,1,2,2.3,10,3,3,45.0,6
2021-12-04,長野GaRons,アイシンティルマーレ,0,3,0,2,,鰐川怜児,2,nan,□,■,nan,nan,17,5,2,29.4,17.6,2.50,11,2,2,18.2,0,-,6,0,1,2,4.2,0,0,0,-,5
2021-12-04,長野GaRons,アイシンティルマーレ,0,3,0,3,,高井大輝,3,■,■,■,nan,nan,3,0,1,0.0,-33.3,-,1,0,0,0.0,0,-,9,0,0,3,8.3,0,0,0,-,0
2021-12-04,長野GaRons,アイシンティルマーレ,0,3,0,4,,福池凌太,3,■,■,■,nan,nan,34,15,3,44.1,35.3,5.00,8,4,2,50.0,0,-,9,0,5,1,-11.1,6,3,2,66.7,15
2021-12-04,長野GaRons,アイシンティルマーレ,0,3,0,5,,浅田潮,2,■,■,nan,nan,nan,10,1,3,10.0,-20.0,0.50,2,0,1,0.0,0,-,7,0,0,2,7.1,6,4,1,75.0,1
2021-12-04,長野GaRons,アイシンティルマーレ,0,3,0,6,,篠原和政,0,nan,nan,nan,nan,nan,0,0,0,,,-,0,0,0,-,0,-,0,0,0,0,-,0,0,0,-,0
2021-12-04,長野GaRons,アイシンティルマーレ,0,3,0,7,,石坂ハスナヌ,3,■,■,■,nan,nan,11,6,0,54.5,54.5,2.00,0,0,0,-,2,0.67,10,1,0,3,17.5,3,2,1,83.3,9
2021-12-04,長野GaRons,アイシンティルマーレ,0,3,0,9,,荻野颯大,1,□,nan,nan,nan,nan,2,1,0,50.0,50.0,1.00,0,0,0,-,0,-,1,0,1,0,-25.0,0,0,0,-,1
2021-12-04,長野GaRons,アイシンティルマーレ,0,3,0,10,,柳生大成,2,■,■,nan,nan,nan,5,4,0,80.0,80.0,2.00,0,0,0,-,1,0.50,4,0,0,0,0.0,2,0,0,0.0,5
2021-12-04,長野GaRons,アイシンティルマーレ,0,3,0,11,L,新関忠稀,3,●,●,●,nan,nan,0,0,0,,,-,0,0,0,-,0,-,0,0,0,0,-,28,19,5,76.8,0
2021-12-04,長野GaRons,アイシンティルマーレ,0,3,0,12,,山田広大,2,□,□,nan,nan,nan,0,0,0,,,-,0,0,0,-,0,-,1,0,0,0,0.0,5,0,4,40.0,0
2021-12-04,長野GaRons,アイシンティルマーレ,0,3,0,13,,今中聖也,2,nan,□,■,nan,nan,2,1,0,50.0,50.0,0.50,0,0,0,-,1,0.50,3,0,1,0,-8.3,0,0,0,-,2
2021-12-04,長野GaRons,アイシンティルマーレ,0,3,0,15,L,難波宏冶,0,nan,nan,nan,nan,nan,0,0,0,,,-,0,0,0,-,0,-,0,0,0,0,-,0,0,0,-,0
2021-12-04,長野GaRons,アイシンティルマーレ,0,3,0,17,,矢澤雅敦,1,□,nan,nan,nan,nan,0,0,0,,,-,0,0,0,-,0,-,1,0,0,0,0.0,0,0,0,-,0
2021-12-04,長野GaRons,アイシンティルマーレ,0,3,0,チーム合計,チーム合計,チーム合計,3,nan,nan,nan,nan,nan,96,39,11,40.6,29.2,13.00,22,6,5,27.3,4,1.33,62,1,9,13,3.2,60,31,16,65.0,44
2021-12-04,アイシンティルマーレ,長野GaRons,3,0,1,1,,滝沢優樹,3,□,□,□,nan,nan,0,0,0,,,-,0,0,0,-,0,-,5,0,0,2,10.0,0,0,0,-,0
2021-12-04,アイシンティルマーレ,長野GaRons,3,0,1,3,,水野将司,3,■,■,■,nan,nan,9,4,0,44.4,44.4,1.33,0,0,0,-,1,0.33,7,0,0,0,0.0,0,0,0,-,5
2021-12-04,アイシンティルマーレ,長野GaRons,3,0,1,4,,斎藤総人,3,■,■,■,nan,nan,23,12,0,52.2,52.2,4.00,3,0,0,0.0,0,-,13,0,2,2,0.0,12,6,2,58.3,12
2021-12-04,アイシンティルマーレ,長野GaRons,3,0,1,5,,井澤大輔,3,□,■,■,nan,nan,6,4,0,66.7,66.7,1.33,0,0,0,-,0,-,17,2,0,2,14.7,0,0,0,-,6
2021-12-04,アイシンティルマーレ,長野GaRons,3,0,1,6,,新保遥己,3,■,■,■,nan,nan,26,16,2,61.5,53.8,5.33,9,5,2,55.6,2,0.67,9,1,4,1,2.8,0,0,0,-,19
2021-12-04,アイシンティルマーレ,長野GaRons,3,0,1,7,,久保下航平,3,■,■,■,nan,nan,2,0,0,0.0,0.0,-,1,0,0,0.0,0,-,10,0,3,1,-5.0,1,0,0,0.0,0
2021-12-04,アイシンティルマーレ,長野GaRons,3,0,1,8,L,安田剛,3,〇,〇,〇,nan,nan,0,0,0,,,-,0,0,0,-,0,-,0,0,0,0,-,0,0,0,-,0
2021-12-04,アイシンティルマーレ,長野GaRons,3,0,1,10,L,鈴木康平,3,●,●,●,nan,nan,0,0,0,,,-,0,0,0,-,0,-,0,0,0,0,-,16,11,1,71.9,0
2021-12-04,アイシンティルマーレ,長野GaRons,3,0,1,12,,山下直樹,0,nan,nan,nan,nan,nan,0,0,0,,,-,0,0,0,-,0,-,0,0,0,0,-,0,0,0,-,0
2021-12-04,アイシンティルマーレ,長野GaRons,3,0,1,14,,リウトマリオ,0,nan,nan,nan,nan,nan,0,0,0,,,-,0,0,0,-,0,-,0,0,0,0,-,0,0,0,-,0
2021-12-04,アイシンティルマーレ,長野GaRons,3,0,1,15,,杉本峻作,2,□,□,nan,nan,nan,0,0,0,,,-,0,0,0,-,0,-,0,0,0,0,-,0,0,0,-,0
2021-12-04,アイシンティルマーレ,長野GaRons,3,0,1,16,,菅原幸紀,0,nan,nan,nan,nan,nan,0,0,0,,,-,0,0,0,-,0,-,0,0,0,0,-,0,0,0,-,0
2021-12-04,アイシンティルマーレ,長野GaRons,3,0,1,20,,櫻井翔馬,1,■,nan,nan,nan,nan,2,0,0,0.0,0.0,-,0,0,0,-,0,-,3,0,1,1,0.0,0,0,0,-,0
2021-12-04,アイシンティルマーレ,長野GaRons,3,0,1,21,,岡森怜夢,3,■,■,■,nan,nan,21,9,2,42.9,33.3,3.00,6,1,2,16.7,0,-,9,0,0,2,5.6,23,11,7,63.0,9
2021-12-04,アイシンティルマーレ,長野GaRons,3,0,1,チーム合計,チーム合計,チーム合計,3,nan,nan,nan,nan,nan,89,45,4,50.6,46.1,15.00,19,6,4,31.6,3,1.00,73,3,10,11,4.5,52,28,10,63.5,51
2021-12-04,トヨタモビリティ東京スパークル,近畿クラブスフィーダ,3,0,1,1,,岩阪健太郎,3,■,■,■,nan,nan,8,4,0,50.0,50.0,1.33,0,0,0,-,2,0.67,9,0,1,0,-2.8,1,1,0,100.0,6
2021-12-04,トヨタモビリティ東京スパークル,近畿クラブスフィーダ,3,0,1,2,,為我井太也,3,■,■,■,nan,nan,4,2,1,50.0,25.0,0.67,0,0,0,-,0,-,7,0,0,0,0.0,0,0,0,-,2
2021-12-04,トヨタモビリティ東京スパークル,近畿クラブスフィーダ,3,0,1,3,,紅林宏輝,3,■,■,■,nan,nan,25,13,5,52.0,32.0,4.33,7,2,3,28.6,2,0.67,17,3,1,5,23.5,10,3,4,50.0,18
2021-12-04,トヨタモビリティ東京スパークル,近畿クラブスフィーダ,3,0,1,4,,西河孝太,3,■,■,■,nan,nan,13,7,0,53.8,53.8,2.33,3,2,0,66.7,1,0.33,18,1,0,3,9.7,0,0,0,-,9
2021-12-04,トヨタモビリティ東京スパークル,近畿クラブスフィーダ,3,0,1,6,,大貫智博,0,nan,nan,nan,nan,nan,0,0,0,,,-,0,0,0,-,0,-,0,0,0,0,-,0,0,0,-,0
2021-12-04,トヨタモビリティ東京スパークル,近畿クラブスフィーダ,3,0,1,8,,西片圭佑,0,nan,nan,nan,nan,nan,0,0,0,,,-,0,0,0,-,0,-,0,0,0,0,-,0,0,0,-,0
2021-12-04,トヨタモビリティ東京スパークル,近畿クラブスフィーダ,3,0,1,9,,東拓巳,0,nan,nan,nan,nan,nan,0,0,0,,,-,0,0,0,-,0,-,0,0,0,0,-,0,0,0,-,0
2021-12-04,トヨタモビリティ東京スパークル,近畿クラブスフィーダ,3,0,1,10,L,野田雄介,3,●,●,●,nan,nan,0,0,0,,,-,0,0,0,-,0,-,0,0,0,0,-,10,9,0,90.0,0
2021-12-04,トヨタモビリティ東京スパークル,近畿クラブスフィーダ,3,0,1,14,,岸海斗,0,nan,nan,nan,nan,nan,0,0,0,,,-,0,0,0,-,0,-,0,0,0,0,-,0,0,0,-,0
2021-12-04,トヨタモビリティ東京スパークル,近畿クラブスフィーダ,3,0,1,15,,新山駿,3,■,■,■,nan,nan,10,4,0,40.0,40.0,1.33,0,0,0,-,1,0.33,12,1,5,2,2.1,26,19,5,82.7,6
2021-12-04,トヨタモビリティ東京スパークル,近畿クラブスフィーダ,3,0,1,16,,西岡泰成,3,■,■,■,nan,nan,11,5,1,45.5,36.4,1.67,0,0,0,-,3,1.00,11,0,2,3,2.3,0,0,0,-,8
2021-12-04,トヨタモビリティ東京スパークル,近畿クラブスフィーダ,3,0,1,18,,鈴木浩大,0,nan,nan,nan,nan,nan,0,0,0,,,-,0,0,0,-,0,-,0,0,0,0,-,0,0,0,-,0
2021-12-04,トヨタモビリティ東京スパークル,近畿クラブスフィーダ,3,0,1,21,,伊藤優介,0,nan,nan,nan,nan,nan,0,0,0,,,-,0,0,0,-,0,-,0,0,0,0,-,0,0,0,-,0
2021-12-04,トヨタモビリティ東京スパークル,近畿クラブスフィーダ,3,0,1,チーム合計,チーム合計,チーム合計,3,nan,nan,nan,nan,nan,71,35,7,49.3,39.4,11.67,10,4,3,40.0,9,3.00,74,5,9,13,8.1,47,32,9,77.7,49
2021-12-04,近畿クラブスフィーダ,トヨタモビリティ東京スパークル,0,3,0,1,,山本映樹,0,nan,nan,nan,nan,nan,0,0,0,,,-,0,0,0,-,0,-,0,0,0,0,-,0,0,0,-,0
2021-12-04,近畿クラブスフィーダ,トヨタモビリティ東京スパークル,0,3,0,2,,中村洸稀,3,■,■,■,nan,nan,21,13,2,61.9,52.4,4.33,1,1,0,100.0,2,0.67,12,0,1,1,0.0,1,0,1,50.0,15
2021-12-04,近畿クラブスフィーダ,トヨタモビリティ東京スパークル,0,3,0,3,,河戸俊亮,3,■,■,■,nan,nan,5,2,0,40.0,40.0,0.67,0,0,0,-,1,0.33,5,0,1,0,-5.0,0,0,0,-,3
2021-12-04,近畿クラブスフィーダ,トヨタモビリティ東京スパークル,0,3,0,5,,高永恭輔,0,nan,nan,nan,nan,nan,0,0,0,,,-,0,0,0,-,0,-,0,0,0,0,-,0,0,0,-,0
2021-12-04,近畿クラブスフィーダ,トヨタモビリティ東京スパークル,0,3,0,8,,谷口晴彦,0,nan,nan,nan,nan,nan,0,0,0,,,-,0,0,0,-,0,-,0,0,0,0,-,0,0,0,-,0
2021-12-04,近畿クラブスフィーダ,トヨタモビリティ東京スパークル,0,3,0,11,,本多駿,3,■,■,□,nan,nan,13,4,3,30.8,7.7,1.33,4,1,1,25.0,1,0.33,3,0,1,1,0.0,12,6,1,54.2,5
2021-12-04,近畿クラブスフィーダ,トヨタモビリティ東京スパークル,0,3,0,12,,中田雄大,3,■,■,■,nan,nan,0,0,0,,,-,0,0,0,-,0,-,11,0,1,0,-2.3,0,0,0,-,0
2021-12-04,近畿クラブスフィーダ,トヨタモビリティ東京スパークル,0,3,0,13,,那須野裕進,3,■,■,■,nan,nan,8,1,0,12.5,12.5,0.33,0,0,0,-,1,0.33,11,0,0,1,2.3,0,0,0,-,2
2021-12-04,近畿クラブスフィーダ,トヨタモビリティ東京スパークル,0,3,0,15,L,久門伸司,3,●,●,●,nan,nan,0,0,0,,,-,0,0,0,-,0,-,0,0,0,0,-,23,10,7,58.7,0
2021-12-04,近畿クラブスフィーダ,トヨタモビリティ東京スパークル,0,3,0,17,,友渕瑠宇久,2,nan,□,■,nan,nan,10,4,3,40.0,10.0,2.00,0,0,0,-,0,-,6,0,2,0,-8.3,5,1,2,40.0,4
2021-12-04,近畿クラブスフィーダ,トヨタモビリティ東京スパークル,0,3,0,21,,武田大直,1,nan,nan,□,nan,nan,0,0,0,,,-,0,0,0,-,0,-,1,0,0,0,0.0,0,0,0,-,0
2021-12-04,近畿クラブスフィーダ,トヨタモビリティ東京スパークル,0,3,0,34,,大手一真,3,■,■,■,nan,nan,23,9,6,39.1,13.0,3.00,5,1,2,20.0,1,0.33,8,0,4,3,-3.1,23,13,6,69.6,10
2021-12-04,近畿クラブスフィーダ,トヨタモビリティ東京スパークル,0,3,0,チーム合計,チーム合計,チーム合計,3,nan,nan,nan,nan,nan,80,33,14,41.2,23.8,11.00,10,3,3,30.0,6,2.00,57,0,10,6,-1.8,64,30,17,60.2,39
2021-12-05,長野GaRons,近畿クラブスフィーダ,3,0,1,1,,松下祐太,3,■,■,■,nan,nan,14,7,2,50.0,35.7,2.33,0,0,0,-,1,0.33,10,0,1,4,7.5,24,12,4,58.3,8
2021-12-05,長野GaRons,近畿クラブスフィーダ,3,0,1,2,,鰐川怜児,3,□,□,□,nan,nan,5,2,1,40.0,20.0,0.67,1,1,0,100.0,0,-,1,0,0,1,25.0,0,0,0,-,2
2021-12-05,長野GaRons,近畿クラブスフィーダ,3,0,1,3,,高井大輝,3,■,■,■,nan,nan,0,0,0,,,-,0,0,0,-,1,0.33,10,2,0,3,27.5,0,0,0,-,3
2021-12-05,長野GaRons,近畿クラブスフィーダ,3,0,1,4,,福池凌太,3,■,■,■,nan,nan,33,20,2,60.6,54.5,6.67,15,7,1,46.7,1,0.33,11,1,1,3,13.6,1,1,0,100.0,22
2021-12-05,長野GaRons,近畿クラブスフィーダ,3,0,1,5,,浅田潮,3,■,■,■,nan,nan,20,8,2,40.0,30.0,2.67,5,2,2,40.0,1,0.33,10,0,0,2,5.0,6,2,1,41.7,9
2021-12-05,長野GaRons,近畿クラブスフィーダ,3,0,1,6,,篠原和政,1,nan,□,nan,nan,nan,0,0,0,,,-,0,0,0,-,0,-,1,0,1,0,-25.0,0,0,0,-,0
2021-12-05,長野GaRons,近畿クラブスフィーダ,3,0,1,7,,石坂ハスナヌ,3,■,■,■,nan,nan,11,5,1,45.5,36.4,1.67,0,0,0,-,1,0.33,11,0,0,4,9.1,3,2,1,83.3,6
2021-12-05,長野GaRons,近畿クラブスフィーダ,3,0,1,10,,柳生大成,3,■,■,■,nan,nan,6,3,1,50.0,33.3,1.00,0,0,0,-,6,2.00,13,0,0,4,7.7,0,0,0,-,9
2021-12-05,長野GaRons,近畿クラブスフィーダ,3,0,1,11,L,新関忠稀,3,●,●,●,nan,nan,0,0,0,,,-,0,0,0,-,0,-,0,0,0,0,-,14,7,2,57.1,0
2021-12-05,長野GaRons,近畿クラブスフィーダ,3,0,1,12,,山田広大,3,□,□,□,nan,nan,0,0,0,,,-,0,0,0,-,0,-,5,0,1,0,-5.0,4,0,3,37.5,0
2021-12-05,長野GaRons,近畿クラブスフィーダ,3,0,1,13,,今中聖也,1,nan,nan,□,nan,nan,0,0,0,,,-,0,0,0,-,0,-,0,0,0,0,-,0,0,0,-,0
2021-12-05,長野GaRons,近畿クラブスフィーダ,3,0,1,15,L,難波宏冶,1,nan,nan,〇,nan,nan,0,0,0,,,-,0,0,0,-,0,-,0,0,0,0,-,0,0,0,-,0
2021-12-05,長野GaRons,近畿クラブスフィーダ,3,0,1,17,,矢澤雅敦,1,□,nan,nan,nan,nan,0,0,0,,,-,0,0,0,-,0,-,1,0,0,0,0.0,0,0,0,-,0
2021-12-05,長野GaRons,近畿クラブスフィーダ,3,0,1,18,,笹岡歩夢,0,nan,nan,nan,nan,nan,0,0,0,,,-,0,0,0,-,0,-,0,0,0,0,-,0,0,0,-,0
2021-12-05,長野GaRons,近畿クラブスフィーダ,3,0,1,チーム合計,チーム合計,チーム合計,3,nan,nan,nan,nan,nan,89,45,9,50.6,40.4,15.00,21,10,3,47.6,11,3.67,73,3,4,21,9.9,52,24,11,56.7,59
2021-12-05,近畿クラブスフィーダ,長野GaRons,0,3,0,1,,山本映樹,1,□,nan,nan,nan,nan,0,0,0,,,-,0,0,0,-,0,-,1,0,0,0,0.0,0,0,0,-,0
2021-12-05,近畿クラブスフィーダ,長野GaRons,0,3,0,2,,中村洸稀,2,■,■,nan,nan,nan,11,1,0,9.1,9.1,0.50,0,0,0,-,0,-,5,0,1,2,5.0,0,0,0,-,1
2021-12-05,近畿クラブスフィーダ,長野GaRons,0,3,0,3,,河戸俊亮,3,■,■,■,nan,nan,7,5,0,71.4,71.4,1.67,0,0,0,-,2,0.67,4,0,0,0,0.0,0,0,0,-,7
2021-12-05,近畿クラブスフィーダ,長野GaRons,0,3,0,5,,高永恭輔,3,□,□,□,nan,nan,0,0,0,,,-,0,0,0,-,1,0.33,0,0,0,0,-,0,0,0,-,1
2021-12-05,近畿クラブスフィーダ,長野GaRons,0,3,0,8,,谷口晴彦,3,□,□,■,nan,nan,12,4,2,33.3,16.7,1.33,4,1,0,25.0,2,0.67,4,0,2,1,-6.2,0,0,0,-,6
2021-12-05,近畿クラブスフィーダ,長野GaRons,0,3,0,11,,本多駿,3,■,■,■,nan,nan,31,12,4,38.7,25.8,4.00,8,3,1,37.5,1,0.33,6,0,0,3,12.5,16,9,4,68.8,13
2021-12-05,近畿クラブスフィーダ,長野GaRons,0,3,0,12,,中田雄大,3,■,■,■,nan,nan,0,0,0,,,-,0,0,0,-,0,-,12,0,1,4,6.2,0,0,0,-,0
2021-12-05,近畿クラブスフィーダ,長野GaRons,0,3,0,13,,那須野裕進,3,■,■,■,nan,nan,9,4,0,44.4,44.4,1.33,1,0,0,0.0,3,1.00,11,0,0,0,0.0,0,0,0,-,7
2021-12-05,近畿クラブスフィーダ,長野GaRons,0,3,0,15,L,久門伸司,3,●,●,●,nan,nan,0,0,0,,,-,0,0,0,-,0,-,0,0,0,0,-,31,9,8,41.9,0
2021-12-05,近畿クラブスフィーダ,長野GaRons,0,3,0,17,,友渕瑠宇久,1,nan,nan,□,nan,nan,0,0,0,,,-,0,0,0,-,0,-,2,0,0,0,0.0,0,0,0,-,0
2021-12-05,近畿クラブスフィーダ,長野GaRons,0,3,0,21,,武田大直,2,nan,□,□,nan,nan,0,0,0,,,-,0,0,0,-,0,-,2,0,0,1,12.5,0,0,0,-,0
2021-12-05,近畿クラブスフィーダ,長野GaRons,0,3,0,34,,大手一真,3,■,■,■,nan,nan,16,6,1,37.5,31.2,2.00,1,0,0,0.0,0,-,11,1,1,6,20.5,21,10,5,59.5,7
2021-12-05,近畿クラブスフィーダ,長野GaRons,0,3,0,チーム合計,チーム合計,チーム合計,3,nan,nan,nan,nan,nan,86,32,7,37.2,29.1,10.67,14,4,1,28.6,9,3.00,58,1,5,17,6.9,68,28,17,53.7,42
2021-12-05,トヨタモビリティ東京スパークル,アイシンティルマーレ,1,3,0,1,,岩阪健太郎,3,■,■,nan,■,nan,6,1,0,16.7,16.7,0.33,0,0,0,-,2,0.67,4,0,0,0,0.0,1,0,0,0.0,3
2021-12-05,トヨタモビリティ東京スパークル,アイシンティルマーレ,1,3,0,2,,為我井太也,4,■,■,■,■,nan,3,1,0,33.3,33.3,0.25,0,0,0,-,0,-,7,0,0,0,0.0,0,0,0,-,1
2021-12-05,トヨタモビリティ東京スパークル,アイシンティルマーレ,1,3,0,3,,紅林宏輝,4,■,■,■,■,nan,39,19,5,48.7,35.9,4.75,9,4,2,44.4,0,-,17,1,3,5,8.8,21,6,4,38.1,20
2021-12-05,トヨタモビリティ東京スパークル,アイシンティルマーレ,1,3,0,4,,西河孝太,4,■,■,■,■,nan,30,14,2,46.7,40.0,3.50,6,1,0,16.7,0,-,16,0,0,1,1.6,21,10,5,59.5,14
2021-12-05,トヨタモビリティ東京スパークル,アイシンティルマーレ,1,3,0,6,,大貫智博,0,nan,nan,nan,nan,nan,0,0,0,,,-,0,0,0,-,0,-,0,0,0,0,-,0,0,0,-,0
2021-12-05,トヨタモビリティ東京スパークル,アイシンティルマーレ,1,3,0,7,,石井琢也,4,■,■,■,■,nan,23,10,3,43.5,30.4,2.50,4,3,1,75.0,1,0.25,10,0,0,1,2.5,0,0,0,-,11
2021-12-05,トヨタモビリティ東京スパークル,アイシンティルマーレ,1,3,0,8,,西片圭佑,0,nan,nan,nan,nan,nan,0,0,0,,,-,0,0,0,-,0,-,0,0,0,0,-,0,0,0,-,0
2021-12-05,トヨタモビリティ東京スパークル,アイシンティルマーレ,1,3,0,9,,東拓巳,4,□,□,□,□,nan,0,0,0,,,-,0,0,0,-,0,-,5,0,1,0,-5.0,7,2,3,50.0,0
2021-12-05,トヨタモビリティ東京スパークル,アイシンティルマーレ,1,3,0,10,L,野田雄介,0,nan,nan,nan,nan,nan,0,0,0,,,-,0,0,0,-,0,-,0,0,0,0,-,0,0,0,-,0
2021-12-05,トヨタモビリティ東京スパークル,アイシンティルマーレ,1,3,0,14,,岸海斗,4,□,□,■,□,nan,4,2,0,50.0,50.0,0.50,0,0,0,-,1,0.25,8,0,4,2,-6.2,0,0,0,-,3
2021-12-05,トヨタモビリティ東京スパークル,アイシンティルマーレ,1,3,0,15,L,新山駿,4,●,●,●,●,nan,0,0,0,,,-,0,0,0,-,0,-,0,0,0,0,-,27,22,3,87.0,0
2021-12-05,トヨタモビリティ東京スパークル,アイシンティルマーレ,1,3,0,16,,西岡泰成,4,■,■,■,■,nan,15,8,0,53.3,53.3,2.00,0,0,0,-,4,1.00,16,0,3,3,0.0,3,2,0,66.7,12
2021-12-05,トヨタモビリティ東京スパークル,アイシンティルマーレ,1,3,0,17,,筧颯斗,0,nan,nan,nan,nan,nan,0,0,0,,,-,0,0,0,-,0,-,0,0,0,0,-,0,0,0,-,0
2021-12-05,トヨタモビリティ東京スパークル,アイシンティルマーレ,1,3,0,18,,鈴木浩大,3,nan,□,□,□,nan,0,0,0,,,-,0,0,0,-,0,-,5,0,1,2,5.0,0,0,0,-,0
2021-12-05,トヨタモビリティ東京スパークル,アイシンティルマーレ,1,3,0,チーム合計,チーム合計,チーム合計,4,nan,nan,nan,nan,nan,120,55,10,45.8,37.5,13.75,19,8,3,42.1,8,2.00,88,1,12,14,1.7,80,42,15,61.9,64
2021-12-05,アイシンティルマーレ,トヨタモビリティ東京スパークル,3,1,1,1,,滝沢優樹,4,□,□,□,□,nan,0,0,0,,,-,0,0,0,-,0,-,5,0,0,2,10.0,1,1,0,100.0,0
2021-12-05,アイシンティルマーレ,トヨタモビリティ東京スパークル,3,1,1,3,,水野将司,4,■,■,■,■,nan,17,8,0,47.1,47.1,2.00,0,0,0,-,1,0.25,13,0,1,1,0.0,0,0,0,-,9
2021-12-05,アイシンティルマーレ,トヨタモビリティ東京スパークル,3,1,1,4,,斎藤総人,4,■,■,■,■,nan,19,7,1,36.8,31.6,1.75,1,0,1,0.0,2,0.50,20,1,2,3,6.2,33,14,14,63.6,10
2021-12-05,アイシンティルマーレ,トヨタモビリティ東京スパークル,3,1,1,5,,井澤大輔,2,■,■,nan,nan,nan,5,1,1,20.0,0.0,0.50,0,0,0,-,0,-,7,0,1,2,3.6,2,2,0,100.0,1
2021-12-05,アイシンティルマーレ,トヨタモビリティ東京スパークル,3,1,1,6,,新保遥己,4,■,■,■,■,nan,33,20,3,60.6,51.5,5.00,14,9,2,64.3,2,0.50,11,1,2,3,11.4,0,0,0,-,23
2021-12-05,アイシンティルマーレ,トヨタモビリティ東京スパークル,3,1,1,7,,久保下航平,4,■,■,■,■,nan,1,0,0,0.0,0.0,-,0,0,0,-,1,0.25,18,1,2,7,12.5,0,0,0,-,2
2021-12-05,アイシンティルマーレ,トヨタモビリティ東京スパークル,3,1,1,8,L,安田剛,3,〇,nan,〇,〇,nan,0,0,0,,,-,0,0,0,-,0,-,0,0,0,0,-,0,0,0,-,0
2021-12-05,アイシンティルマーレ,トヨタモビリティ東京スパークル,3,1,1,10,L,鈴木康平,4,●,●,●,●,nan,0,0,0,,,-,0,0,0,-,0,-,0,0,0,0,-,18,6,8,55.6,0
2021-12-05,アイシンティルマーレ,トヨタモビリティ東京スパークル,3,1,1,12,,山下直樹,1,nan,nan,nan,□,nan,0,0,0,,,-,0,0,0,-,0,-,1,0,0,0,0.0,0,0,0,-,0
2021-12-05,アイシンティルマーレ,トヨタモビリティ東京スパークル,3,1,1,14,,リウトマリオ,0,nan,nan,nan,nan,nan,0,0,0,,,-,0,0,0,-,0,-,0,0,0,0,-,0,0,0,-,0
2021-12-05,アイシンティルマーレ,トヨタモビリティ東京スパークル,3,1,1,15,,杉本峻作,4,□,□,□,□,nan,0,0,0,,,-,0,0,0,-,1,0.25,0,0,0,0,-,0,0,0,-,1
2021-12-05,アイシンティルマーレ,トヨタモビリティ東京スパークル,3,1,1,16,,菅原幸紀,0,nan,nan,nan,nan,nan,0,0,0,,,-,0,0,0,-,0,-,0,0,0,0,-,0,0,0,-,0
2021-12-05,アイシンティルマーレ,トヨタモビリティ東京スパークル,3,1,1,20,,櫻井翔馬,3,nan,□,■,■,nan,2,1,0,50.0,50.0,0.33,0,0,0,-,2,0.67,7,0,3,2,-3.6,0,0,0,-,3
2021-12-05,アイシンティルマーレ,トヨタモビリティ東京スパークル,3,1,1,21,,岡森怜夢,4,■,■,■,■,nan,40,22,2,55.0,50.0,5.50,9,5,0,55.6,2,0.50,14,0,4,2,-3.6,22,6,10,50.0,24
2021-12-05,アイシンティルマーレ,トヨタモビリティ東京スパークル,3,1,1,チーム合計,チーム合計,チーム合計,4,nan,nan,nan,nan,nan,117,59,7,50.4,44.4,14.75,24,14,3,58.3,11,2.75,96,3,15,22,4.9,76,29,32,59.2,73
2022-01-09,近畿クラブスフィーダ,アイシンティルマーレ,0,3,0,1,,山本映樹,1,nan,nan,□,nan,nan,0,0,0,,,-,0,0,0,-,0,-,1,0,0,0,0.0,0,0,0,-,0
2022-01-09,近畿クラブスフィーダ,アイシンティルマーレ,0,3,0,3,,河戸俊亮,1,nan,nan,■,nan,nan,3,1,0,33.3,33.3,1.00,0,0,0,-,2,2.00,3,0,0,0,0.0,0,0,0,-,3
2022-01-09,近畿クラブスフィーダ,アイシンティルマーレ,0,3,0,4,,藤川佳大,1,□,nan,nan,nan,nan,0,0,0,,,-,0,0,0,-,0,-,2,0,1,1,0.0,0,0,0,-,0
2022-01-09,近畿クラブスフィーダ,アイシンティルマーレ,0,3,0,6,,安田舜,0,nan,nan,nan,nan,nan,0,0,0,,,-,0,0,0,-,0,-,0,0,0,0,-,0,0,0,-,0
2022-01-09,近畿クラブスフィーダ,アイシンティルマーレ,0,3,0,9,,北村宏樹,3,□,□,■,nan,nan,4,1,1,25.0,0.0,0.33,0,0,0,-,0,-,7,1,0,5,32.1,14,5,5,53.6,2
2022-01-09,近畿クラブスフィーダ,アイシンティルマーレ,0,3,0,11,,本多駿,3,■,■,■,nan,nan,27,4,4,14.8,0.0,1.33,1,0,0,0.0,2,0.67,5,0,1,0,-5.0,15,5,2,40.0,6
2022-01-09,近畿クラブスフィーダ,アイシンティルマーレ,0,3,0,12,,中田雄大,1,nan,□,nan,nan,nan,0,0,0,,,-,0,0,0,-,0,-,1,0,0,0,0.0,0,0,0,-,0
2022-01-09,近畿クラブスフィーダ,アイシンティルマーレ,0,3,0,13,,那須野裕進,2,■,■,nan,nan,nan,5,1,1,20.0,0.0,0.50,0,0,0,-,1,0.50,7,1,0,2,21.4,0,0,0,-,3
2022-01-09,近畿クラブスフィーダ,アイシンティルマーレ,0,3,0,14,L,荒木琢真,3,●,●,●,nan,nan,0,0,0,,,-,0,0,0,-,0,-,0,0,0,0,-,18,10,6,72.2,0
2022-01-09,近畿クラブスフィーダ,アイシンティルマーレ,0,3,0,16,,大原悠,3,□,□,□,nan,nan,0,0,0,,,-,0,0,0,-,0,-,3,0,0,0,0.0,5,1,2,40.0,0
2022-01-09,近畿クラブスフィーダ,アイシンティルマーレ,0,3,0,22,,フランシスムヤカバング,3,■,■,■,nan,nan,11,5,2,45.5,27.3,1.67,0,0,0,-,1,0.33,6,0,1,4,12.5,4,1,0,25.0,6
2022-01-09,近畿クラブスフィーダ,アイシンティルマーレ,0,3,0,25,,小磯智紀,3,■,■,■,nan,nan,3,1,0,33.3,33.3,0.33,0,0,0,-,0,-,9,0,0,3,8.3,0,0,0,-,1
2022-01-09,近畿クラブスフィーダ,アイシンティルマーレ,0,3,0,29,,江口颯人,3,■,■,□,nan,nan,30,9,0,30.0,30.0,3.00,7,2,0,28.6,0,-,8,0,0,1,3.1,0,0,0,-,9
2022-01-09,近畿クラブスフィーダ,アイシンティルマーレ,0,3,0,34,,大手一真,3,■,■,■,nan,nan,14,5,0,35.7,35.7,1.67,1,0,0,0.0,0,-,8,1,5,0,-3.1,4,2,0,50.0,6
2022-01-09,近畿クラブスフィーダ,アイシンティルマーレ,0,3,0,チーム合計,チーム合計,チーム合計,3,nan,nan,nan,nan,nan,97,27,8,27.8,19.6,9.00,9,2,0,22.2,6,2.00,60,3,8,16,8.3,60,24,15,52.5,36
2022-01-09,アイシンティルマーレ,近畿クラブスフィーダ,3,0,1,1,,滝沢優樹,2,□,nan,□,nan,nan,0,0,0,,,-,0,0,0,-,0,-,2,0,0,1,12.5,1,1,0,100.0,0
2022-01-09,アイシンティルマーレ,近畿クラブスフィーダ,3,0,1,3,,水野将司,3,■,■,■,nan,nan,10,6,1,60.0,50.0,2.00,0,0,0,-,2,0.67,15,0,1,5,6.7,0,0,0,-,8
2022-01-09,アイシンティルマーレ,近畿クラブスフィーダ,3,0,1,4,,斎藤総人,3,■,■,■,nan,nan,29,9,2,31.0,24.1,3.00,8,2,0,25.0,1,0.33,15,2,2,4,16.7,26,16,0,61.5,12
2022-01-09,アイシンティルマーレ,近畿クラブスフィーダ,3,0,1,5,,井澤大輔,3,■,■,■,nan,nan,5,3,0,60.0,60.0,1.00,0,0,0,-,1,0.33,8,0,1,2,3.1,0,0,0,-,4
2022-01-09,アイシンティルマーレ,近畿クラブスフィーダ,3,0,1,6,,新保遥己,3,■,■,■,nan,nan,24,11,4,45.8,29.2,3.67,12,5,4,41.7,1,0.33,13,1,3,2,5.8,0,0,0,-,13
2022-01-09,アイシンティルマーレ,近畿クラブスフィーダ,3,0,1,7,,久保下航平,3,■,■,■,nan,nan,2,0,0,0.0,0.0,-,0,0,0,-,0,-,11,3,3,2,25.0,0,0,0,-,3
2022-01-09,アイシンティルマーレ,近畿クラブスフィーダ,3,0,1,8,L,安田剛,3,〇,〇,〇,nan,nan,0,0,0,,,-,0,0,0,-,0,-,0,0,0,0,-,0,0,0,-,0
2022-01-09,アイシンティルマーレ,近畿クラブスフィーダ,3,0,1,9,,佐々木優汰,0,nan,nan,nan,nan,nan,0,0,0,,,-,0,0,0,-,0,-,0,0,0,0,-,0,0,0,-,0
2022-01-09,アイシンティルマーレ,近畿クラブスフィーダ,3,0,1,10,L,鈴木康平,3,●,●,●,nan,nan,0,0,0,,,-,0,0,0,-,0,-,0,0,0,0,-,11,4,3,50.0,0
2022-01-09,アイシンティルマーレ,近畿クラブスフィーダ,3,0,1,12,,山下直樹,0,nan,nan,nan,nan,nan,0,0,0,,,-,0,0,0,-,0,-,0,0,0,0,-,0,0,0,-,0
2022-01-09,アイシンティルマーレ,近畿クラブスフィーダ,3,0,1,15,,杉本峻作,3,□,□,□,nan,nan,0,0,0,,,-,0,0,0,-,1,0.33,0,0,0,0,-,0,0,0,-,1
2022-01-09,アイシンティルマーレ,近畿クラブスフィーダ,3,0,1,16,,菅原幸紀,0,nan,nan,nan,nan,nan,0,0,0,,,-,0,0,0,-,0,-,0,0,0,0,-,0,0,0,-,0
2022-01-09,アイシンティルマーレ,近畿クラブスフィーダ,3,0,1,17,,過足幸司,0,nan,nan,nan,nan,nan,0,0,0,,,-,0,0,0,-,0,-,0,0,0,0,-,0,0,0,-,0
2022-01-09,アイシンティルマーレ,近畿クラブスフィーダ,3,0,1,21,,岡森怜夢,3,■,■,■,nan,nan,29,13,0,44.8,44.8,4.33,5,2,0,40.0,3,1.00,9,0,0,2,5.6,14,5,4,50.0,16
2022-01-09,アイシンティルマーレ,近畿クラブスフィーダ,3,0,1,チーム合計,チーム合計,チーム合計,3,nan,nan,nan,nan,nan,99,42,7,42.4,35.4,14.00,25,9,4,36.0,9,3.00,73,6,10,18,11.0,52,26,7,56.7,57
2022-01-09,長野GaRons,トヨタモビリティ東京スパークル,3,0,1,1,L,松下祐太,0,nan,nan,nan,nan,nan,0,0,0,,,-,0,0,0,-,0,-,0,0,0,0,-,0,0,0,-,0
2022-01-09,長野GaRons,トヨタモビリティ東京スパークル,3,0,1,3,,高井大輝,3,■,■,■,nan,nan,0,0,0,,,-,0,0,0,-,1,0.33,12,0,0,8,16.7,0,0,0,-,1
2022-01-09,長野GaRons,トヨタモビリティ東京スパークル,3,0,1,4,,福池凌太,3,■,■,■,nan,nan,24,10,3,41.7,29.2,3.33,8,3,3,37.5,2,0.67,13,1,3,5,11.5,2,0,0,0.0,13
2022-01-09,長野GaRons,トヨタモビリティ東京スパークル,3,0,1,5,,浅田潮,3,■,■,■,nan,nan,15,4,1,26.7,20.0,1.33,0,0,0,-,4,1.33,6,1,0,3,29.2,1,0,0,0.0,9
2022-01-09,長野GaRons,トヨタモビリティ東京スパークル,3,0,1,6,,篠原和政,2,□,□,nan,nan,nan,0,0,0,,,-,0,0,0,-,0,-,2,0,0,2,25.0,0,0,0,-,0
2022-01-09,長野GaRons,トヨタモビリティ東京スパークル,3,0,1,7,,石坂ハスナヌ,3,■,■,■,nan,nan,14,10,1,71.4,64.3,3.33,0,0,0,-,1,0.33,4,0,0,4,25.0,0,0,0,-,11
2022-01-09,長野GaRons,トヨタモビリティ東京スパークル,3,0,1,9,,荻野颯大,2,□,nan,□,nan,nan,1,1,0,100.0,100.0,0.50,1,1,0,100.0,0,-,2,0,2,0,-25.0,0,0,0,-,1
2022-01-09,長野GaRons,トヨタモビリティ東京スパークル,3,0,1,10,,柳生大成,3,■,■,■,nan,nan,7,4,0,57.1,57.1,1.33,0,0,0,-,3,1.00,9,0,0,3,8.3,0,0,0,-,7
2022-01-09,長野GaRons,トヨタモビリティ東京スパークル,3,0,1,11,L,新関忠稀,3,●,●,●,nan,nan,0,0,0,,,-,0,0,0,-,0,-,0,0,0,0,-,10,4,1,45.0,0
2022-01-09,長野GaRons,トヨタモビリティ東京スパークル,3,0,1,12,,山田広大,3,□,□,□,nan,nan,0,0,0,,,-,0,0,0,-,0,-,4,0,0,1,6.2,5,3,0,60.0,0
2022-01-09,長野GaRons,トヨタモビリティ東京スパークル,3,0,1,13,,今中聖也,1,nan,nan,□,nan,nan,3,1,1,33.3,0.0,1.00,0,0,0,-,0,-,0,0,0,0,-,0,0,0,-,1
2022-01-09,長野GaRons,トヨタモビリティ東京スパークル,3,0,1,17,,矢澤雅敦,3,□,□,□,nan,nan,0,0,0,,,-,0,0,0,-,0,-,10,0,0,7,17.5,0,0,0,-,0
2022-01-09,長野GaRons,トヨタモビリティ東京スパークル,3,0,1,18,,笹岡歩夢,0,nan,nan,nan,nan,nan,0,0,0,,,-,0,0,0,-,0,-,0,0,0,0,-,0,0,0,-,0
2022-01-09,長野GaRons,トヨタモビリティ東京スパークル,3,0,1,19,,奥原蓮,3,■,■,■,nan,nan,15,8,3,53.3,33.3,2.67,7,3,2,42.9,0,-,12,2,2,5,22.9,26,8,4,38.5,10
2022-01-09,長野GaRons,トヨタモビリティ東京スパークル,3,0,1,チーム合計,チーム合計,チーム合計,3,nan,nan,nan,nan,nan,79,38,9,48.1,36.7,12.67,16,7,5,43.8,11,3.67,74,4,7,38,15.9,44,15,5,39.8,53
2022-01-09,トヨタモビリティ東京スパークル,長野GaRons,0,3,0,1,,岩阪健太郎,3,■,■,■,nan,nan,6,2,0,33.3,33.3,0.67,0,0,0,-,1,0.33,5,0,0,2,10.0,0,0,0,-,3
2022-01-09,トヨタモビリティ東京スパークル,長野GaRons,0,3,0,2,,為我井太也,3,■,■,■,nan,nan,3,1,0,33.3,33.3,0.33,0,0,0,-,0,-,5,0,1,2,5.0,0,0,0,-,1
2022-01-09,トヨタモビリティ東京スパークル,長野GaRons,0,3,0,3,,紅林宏輝,3,■,■,■,nan,nan,23,10,5,43.5,21.7,3.33,3,1,2,33.3,0,-,9,0,3,6,8.3,20,12,0,60.0,10
2022-01-09,トヨタモビリティ東京スパークル,長野GaRons,0,3,0,4,,西河孝太,3,■,■,■,nan,nan,18,9,1,50.0,44.4,3.00,0,0,0,-,0,-,13,0,0,6,11.5,6,1,0,16.7,9
2022-01-09,トヨタモビリティ東京スパークル,長野GaRons,0,3,0,6,,大貫智博,0,nan,nan,nan,nan,nan,0,0,0,,,-,0,0,0,-,0,-,0,0,0,0,-,0,0,0,-,0
2022-01-09,トヨタモビリティ東京スパークル,長野GaRons,0,3,0,7,,石井琢也,3,■,■,■,nan,nan,25,6,2,24.0,16.0,2.00,2,1,0,50.0,0,-,8,0,0,3,9.4,0,0,0,-,6
2022-01-09,トヨタモビリティ東京スパークル,長野GaRons,0,3,0,9,,東拓巳,1,nan,■,nan,nan,nan,3,1,0,33.3,33.3,1.00,0,0,0,-,0,-,2,0,0,2,25.0,11,0,0,0.0,1
2022-01-09,トヨタモビリティ東京スパークル,長野GaRons,0,3,0,10,L,野田雄介,2,nan,〇,〇,nan,nan,0,0,0,,,-,0,0,0,-,0,-,0,0,0,0,-,20,4,2,25.0,0
2022-01-09,トヨタモビリティ東京スパークル,長野GaRons,0,3,0,14,,岸海斗,1,nan,nan,■,nan,nan,0,0,0,,,-,0,0,0,-,0,-,2,0,0,2,25.0,0,0,0,-,0
2022-01-09,トヨタモビリティ東京スパークル,長野GaRons,0,3,0,15,L,新山駿,3,●,●,●,nan,nan,0,0,0,,,-,0,0,0,-,0,-,0,0,0,0,-,7,6,0,85.7,0
2022-01-09,トヨタモビリティ東京スパークル,長野GaRons,0,3,0,17,,筧颯斗,0,nan,nan,nan,nan,nan,0,0,0,,,-,0,0,0,-,0,-,0,0,0,0,-,0,0,0,-,0
2022-01-09,トヨタモビリティ東京スパークル,長野GaRons,0,3,0,18,,鈴木浩大,2,□,nan,□,nan,nan,0,0,0,,,-,0,0,0,-,0,-,2,0,0,0,0.0,0,0,0,-,0
2022-01-09,トヨタモビリティ東京スパークル,長野GaRons,0,3,0,21,,伊藤優介,1,■,nan,nan,nan,nan,2,0,0,0.0,0.0,-,0,0,0,-,0,-,4,0,2,3,6.2,0,0,0,-,0
2022-01-09,トヨタモビリティ東京スパークル,長野GaRons,0,3,0,22,,松枝寿明,0,nan,nan,nan,nan,nan,0,0,0,,,-,0,0,0,-,0,-,0,0,0,0,-,0,0,0,-,0
2022-01-09,トヨタモビリティ東京スパークル,長野GaRons,0,3,0,チーム合計,チーム合計,チーム合計,3,nan,nan,nan,nan,nan,80,29,8,36.2,26.2,9.67,5,2,2,40.0,1,0.33,50,0,6,26,10.0,64,23,2,37.5,30
2022-01-10,近畿クラブスフィーダ,トヨタモビリティ東京スパークル,3,0,1,1,,山本映樹,1,□,nan,nan,nan,nan,0,0,0,,,-,0,0,0,-,0,-,3,0,1,0,-8.3,0,0,0,-,0
2022-01-10,近畿クラブスフィーダ,トヨタモビリティ東京スパークル,3,0,1,2,,中村洸稀,2,□,nan,□,nan,nan,3,3,0,100.0,100.0,1.50,0,0,0,-,1,0.50,1,0,0,0,0.0,0,0,0,-,4
2022-01-10,近畿クラブスフィーダ,トヨタモビリティ東京スパークル,3,0,1,3,,河戸俊亮,3,■,■,■,nan,nan,8,4,1,50.0,37.5,1.33,0,0,0,-,6,2.00,9,0,0,1,2.8,0,0,0,-,10
2022-01-10,近畿クラブスフィーダ,トヨタモビリティ東京スパークル,3,0,1,4,,藤川佳大,2,nan,□,■,nan,nan,7,4,1,57.1,42.9,2.00,1,0,1,0.0,0,-,7,2,1,2,32.1,4,2,1,62.5,6
2022-01-10,近畿クラブスフィーダ,トヨタモビリティ東京スパークル,3,0,1,11,,本多駿,2,■,■,nan,nan,nan,5,4,0,80.0,80.0,2.00,1,1,0,100.0,0,-,5,0,2,0,-10.0,4,0,2,25.0,4
2022-01-10,近畿クラブスフィーダ,トヨタモビリティ東京スパークル,3,0,1,12,,中田雄大,2,□,nan,□,nan,nan,0,0,0,,,-,0,0,0,-,0,-,5,0,1,2,5.0,0,0,0,-,0
2022-01-10,近畿クラブスフィーダ,トヨタモビリティ東京スパークル,3,0,1,13,,那須野裕進,1,nan,nan,■,nan,nan,3,2,0,66.7,66.7,2.00,0,0,0,-,1,1.00,2,0,0,0,0.0,0,0,0,-,3
2022-01-10,近畿クラブスフィーダ,トヨタモビリティ東京スパークル,3,0,1,14,L,荒木琢真,3,●,●,●,nan,nan,0,0,0,,,-,0,0,0,-,0,-,0,0,0,0,-,10,4,3,55.0,0
2022-01-10,近畿クラブスフィーダ,トヨタモビリティ東京スパークル,3,0,1,16,,大原悠,3,□,□,□,nan,nan,0,0,0,,,-,0,0,0,-,0,-,3,0,1,0,-8.3,1,0,1,50.0,0
2022-01-10,近畿クラブスフィーダ,トヨタモビリティ東京スパークル,3,0,1,18,,後藤陸翔,2,nan,■,■,nan,nan,13,3,1,23.1,15.4,1.50,4,1,0,25.0,1,0.50,7,0,0,2,7.1,22,9,7,56.8,4
2022-01-10,近畿クラブスフィーダ,トヨタモビリティ東京スパークル,3,0,1,22,,フランシスムヤカバング,2,■,■,nan,nan,nan,9,5,0,55.6,55.6,2.50,0,0,0,-,2,1.00,6,0,0,2,8.3,0,0,0,-,7
2022-01-10,近畿クラブスフィーダ,トヨタモビリティ東京スパークル,3,0,1,25,,小磯智紀,3,■,■,■,nan,nan,3,2,0,66.7,66.7,0.67,0,0,0,-,2,0.67,14,1,2,1,5.4,0,0,0,-,5
2022-01-10,近畿クラブスフィーダ,トヨタモビリティ東京スパークル,3,0,1,29,,江口颯人,2,■,■,nan,nan,nan,14,7,1,50.0,42.9,3.50,3,0,1,0.0,4,2.00,5,0,0,2,10.0,1,1,0,100.0,11
2022-01-10,近畿クラブスフィーダ,トヨタモビリティ東京スパークル,3,0,1,34,,大手一真,3,■,□,■,nan,nan,11,6,0,54.5,54.5,2.00,1,0,0,0.0,0,-,6,0,2,4,8.3,3,1,2,66.7,6
2022-01-10,近畿クラブスフィーダ,トヨタモビリティ東京スパークル,3,0,1,チーム合計,チーム合計,チーム合計,3,nan,nan,nan,nan,nan,76,40,4,52.6,47.4,13.33,10,2,2,20.0,17,5.67,73,3,10,16,6.2,45,17,16,55.6,60
2022-01-10,トヨタモビリティ東京スパークル,近畿クラブスフィーダ,0,3,0,1,,岩阪健太郎,3,■,■,■,nan,nan,9,2,0,22.2,22.2,0.67,0,0,0,-,1,0.33,6,0,2,1,-4.2,1,0,0,0.0,3
2022-01-10,トヨタモビリティ東京スパークル,近畿クラブスフィーダ,0,3,0,2,,為我井太也,1,■,nan,nan,nan,nan,1,1,0,100.0,100.0,1.00,0,0,0,-,0,-,2,0,0,0,0.0,0,0,0,-,1
2022-01-10,トヨタモビリティ東京スパークル,近畿クラブスフィーダ,0,3,0,3,,紅林宏輝,3,■,■,■,nan,nan,29,10,5,34.5,17.2,3.33,4,2,0,50.0,0,-,14,1,1,3,10.7,20,10,4,60.0,11
2022-01-10,トヨタモビリティ東京スパークル,近畿クラブスフィーダ,0,3,0,4,,西河孝太,3,■,■,■,nan,nan,15,4,1,26.7,20.0,1.33,5,2,0,40.0,0,-,11,0,0,5,11.4,6,2,2,50.0,4
2022-01-10,トヨタモビリティ東京スパークル,近畿クラブスフィーダ,0,3,0,6,,大貫智博,0,nan,nan,nan,nan,nan,0,0,0,,,-,0,0,0,-,0,-,0,0,0,0,-,0,0,0,-,0
2022-01-10,トヨタモビリティ東京スパークル,近畿クラブスフィーダ,0,3,0,7,,石井琢也,3,■,■,■,nan,nan,27,7,1,25.9,22.2,2.33,6,4,0,66.7,2,0.67,5,0,0,0,0.0,3,1,1,50.0,9
2022-01-10,トヨタモビリティ東京スパークル,近畿クラブスフィーダ,0,3,0,9,,東拓巳,2,□,□,nan,nan,nan,3,1,0,33.3,33.3,0.50,0,0,0,-,0,-,2,0,0,1,12.5,4,0,2,25.0,1
2022-01-10,トヨタモビリティ東京スパークル,近畿クラブスフィーダ,0,3,0,10,L,野田雄介,0,nan,nan,nan,nan,nan,0,0,0,,,-,0,0,0,-,0,-,0,0,0,0,-,0,0,0,-,0
2022-01-10,トヨタモビリティ東京スパークル,近畿クラブスフィーダ,0,3,0,14,,岸海斗,3,■,■,■,nan,nan,8,3,0,37.5,37.5,1.00,0,0,0,-,0,-,6,0,2,1,-4.2,0,0,0,-,3
2022-01-10,トヨタモビリティ東京スパークル,近畿クラブスフィーダ,0,3,0,15,L,新山駿,3,●,●,●,nan,nan,0,0,0,,,-,0,0,0,-,0,-,0,0,0,0,-,27,15,7,68.5,0
2022-01-10,トヨタモビリティ東京スパークル,近畿クラブスフィーダ,0,3,0,18,,鈴木浩大,3,□,■,■,nan,nan,1,0,0,0.0,0.0,-,0,0,0,-,0,-,6,0,1,1,0.0,0,0,0,-,0
2022-01-10,トヨタモビリティ東京スパークル,近畿クラブスフィーダ,0,3,0,21,,伊藤優介,0,nan,nan,nan,nan,nan,0,0,0,,,-,0,0,0,-,0,-,0,0,0,0,-,0,0,0,-,0
2022-01-10,トヨタモビリティ東京スパークル,近畿クラブスフィーダ,0,3,0,22,,松枝寿明,0,nan,nan,nan,nan,nan,0,0,0,,,-,0,0,0,-,0,-,0,0,0,0,-,0,0,0,-,0
2022-01-10,トヨタモビリティ東京スパークル,近畿クラブスフィーダ,0,3,0,チーム合計,チーム合計,チーム合計,3,nan,nan,nan,nan,nan,93,28,7,30.1,22.6,9.33,15,8,0,53.3,3,1.00,52,1,6,12,4.8,61,28,16,59.0,32
2022-01-10,長野GaRons,アイシンティルマーレ,0,3,0,1,L,松下祐太,0,nan,nan,nan,nan,nan,0,0,0,,,-,0,0,0,-,0,-,0,0,0,0,-,0,0,0,-,0
2022-01-10,長野GaRons,アイシンティルマーレ,0,3,0,3,,高井大輝,3,■,■,□,nan,nan,0,0,0,,,-,0,0,0,-,0,-,7,1,1,1,14.3,0,0,0,-,1
2022-01-10,長野GaRons,アイシンティルマーレ,0,3,0,4,,福池凌太,3,■,■,■,nan,nan,21,3,5,14.3,-9.5,1.00,4,0,3,0.0,1,0.33,8,0,2,3,3.1,2,0,0,0.0,4
2022-01-10,長野GaRons,アイシンティルマーレ,0,3,0,5,,浅田潮,3,■,■,■,nan,nan,18,5,1,27.8,22.2,1.67,2,2,0,100.0,4,1.33,7,0,0,3,10.7,1,0,0,0.0,9
2022-01-10,長野GaRons,アイシンティルマーレ,0,3,0,6,,篠原和政,0,nan,nan,nan,nan,nan,0,0,0,,,-,0,0,0,-,0,-,0,0,0,0,-,0,0,0,-,0
2022-01-10,長野GaRons,アイシンティルマーレ,0,3,0,7,,石坂ハスナヌ,2,■,■,nan,nan,nan,4,2,1,50.0,25.0,1.00,0,0,0,-,1,0.50,3,0,1,0,-8.3,1,0,0,0.0,3
2022-01-10,長野GaRons,アイシンティルマーレ,0,3,0,9,,荻野颯大,1,nan,nan,□,nan,nan,0,0,0,,,-,0,0,0,-,0,-,1,0,1,0,-25.0,0,0,0,-,0
2022-01-10,長野GaRons,アイシンティルマーレ,0,3,0,10,,柳生大成,3,■,■,■,nan,nan,8,1,1,12.5,0.0,0.33,0,0,0,-,2,0.67,6,0,0,1,4.2,0,0,0,-,3
2022-01-10,長野GaRons,アイシンティルマーレ,0,3,0,11,L,新関忠稀,3,●,●,●,nan,nan,0,0,0,,,-,0,0,0,-,0,-,0,0,0,0,-,23,12,6,65.2,0
2022-01-10,長野GaRons,アイシンティルマーレ,0,3,0,12,,山田広大,3,□,□,□,nan,nan,0,0,0,,,-,0,0,0,-,0,-,8,1,0,3,21.9,0,0,0,-,1
2022-01-10,長野GaRons,アイシンティルマーレ,0,3,0,13,,今中聖也,1,nan,nan,■,nan,nan,1,0,0,0.0,0.0,-,0,0,0,-,0,-,2,0,1,0,-12.5,0,0,0,-,0
2022-01-10,長野GaRons,アイシンティルマーレ,0,3,0,17,,矢澤雅敦,2,□,□,nan,nan,nan,0,0,0,,,-,0,0,0,-,0,-,2,0,0,0,0.0,0,0,0,-,0
2022-01-10,長野GaRons,アイシンティルマーレ,0,3,0,18,,笹岡歩夢,2,nan,□,■,nan,nan,2,1,0,50.0,50.0,0.50,0,0,0,-,1,0.50,6,0,0,0,0.0,0,0,0,-,2
2022-01-10,長野GaRons,アイシンティルマーレ,0,3,0,19,,奥原蓮,3,■,■,■,nan,nan,31,15,2,48.4,41.9,5.00,7,3,0,42.9,2,0.67,18,5,1,4,31.9,33,13,10,54.5,22
2022-01-10,長野GaRons,アイシンティルマーレ,0,3,0,チーム合計,チーム合計,チーム合計,3,nan,nan,nan,nan,nan,85,27,10,31.8,20.0,9.00,13,5,3,38.5,11,3.67,68,7,7,15,13.2,60,25,16,55.0,45
2022-01-10,アイシンティルマーレ,長野GaRons,3,0,1,1,,滝沢優樹,2,□,□,nan,nan,nan,0,0,0,,,-,0,0,0,-,0,-,3,0,1,0,-8.3,0,0,0,-,0
2022-01-10,アイシンティルマーレ,長野GaRons,3,0,1,3,,水野将司,3,■,■,■,nan,nan,14,5,1,35.7,28.6,1.67,0,0,0,-,5,1.67,13,0,0,2,3.8,0,0,0,-,10
2022-01-10,アイシンティルマーレ,長野GaRons,3,0,1,4,,斎藤総人,3,■,■,■,nan,nan,24,10,1,41.7,37.5,3.33,8,5,0,62.5,1,0.33,16,3,4,3,17.2,24,13,6,66.7,14
2022-01-10,アイシンティルマーレ,長野GaRons,3,0,1,5,,井澤大輔,3,■,■,■,nan,nan,5,1,0,20.0,20.0,0.33,0,0,0,-,0,-,8,0,1,0,-3.1,0,0,0,-,1
2022-01-10,アイシンティルマーレ,長野GaRons,3,0,1,6,,新保遥己,3,■,■,■,nan,nan,22,10,2,45.5,36.4,3.33,8,4,2,50.0,4,1.33,9,0,2,4,5.6,0,0,0,-,14
2022-01-10,アイシンティルマーレ,長野GaRons,3,0,1,7,,久保下航平,3,■,■,■,nan,nan,2,0,1,0.0,-50.0,-,0,0,0,-,2,0.67,14,1,3,5,10.7,0,0,0,-,3
2022-01-10,アイシンティルマーレ,長野GaRons,3,0,1,8,L,安田剛,3,〇,〇,〇,nan,nan,0,0,0,,,-,0,0,0,-,0,-,0,0,0,0,-,0,0,0,-,0
2022-01-10,アイシンティルマーレ,長野GaRons,3,0,1,9,,佐々木優汰,1,nan,nan,□,nan,nan,1,1,0,100.0,100.0,1.00,0,0,0,-,1,1.00,5,0,0,2,10.0,0,0,0,-,2
2022-01-10,アイシンティルマーレ,長野GaRons,3,0,1,10,L,鈴木康平,3,●,●,●,nan,nan,0,0,0,,,-,0,0,0,-,0,-,0,0,0,0,-,22,9,5,52.3,0
2022-01-10,アイシンティルマーレ,長野GaRons,3,0,1,12,,山下直樹,0,nan,nan,nan,nan,nan,0,0,0,,,-,0,0,0,-,0,-,0,0,0,0,-,0,0,0,-,0
2022-01-10,アイシンティルマーレ,長野GaRons,3,0,1,15,,杉本峻作,2,□,□,nan,nan,nan,0,0,0,,,-,0,0,0,-,0,-,0,0,0,0,-,0,0,0,-,0
2022-01-10,アイシンティルマーレ,長野GaRons,3,0,1,16,,菅原幸紀,0,nan,nan,nan,nan,nan,0,0,0,,,-,0,0,0,-,0,-,0,0,0,0,-,0,0,0,-,0
2022-01-10,アイシンティルマーレ,長野GaRons,3,0,1,17,,過足幸司,0,nan,nan,nan,nan,nan,0,0,0,,,-,0,0,0,-,0,-,0,0,0,0,-,0,0,0,-,0
2022-01-10,アイシンティルマーレ,長野GaRons,3,0,1,21,,岡森怜夢,3,■,■,■,nan,nan,30,13,2,43.3,36.7,4.33,4,3,0,75.0,0,-,8,0,2,2,0.0,14,2,4,28.6,13
2022-01-10,アイシンティルマーレ,長野GaRons,3,0,1,チーム合計,チーム合計,チーム合計,3,nan,nan,nan,nan,nan,98,40,7,40.8,33.7,13.33,20,12,2,60.0,13,4.33,76,4,13,18,6.9,60,24,15,52.5,57
2022-01-15,近畿クラブスフィーダ,アイシンティルマーレ,3,1,1,1,,山本映樹,1,nan,nan,□,nan,nan,0,0,0,,,-,0,0,0,-,0,-,1,0,0,1,25.0,0,0,0,-,0
2022-01-15,近畿クラブスフィーダ,アイシンティルマーレ,3,1,1,3,,河戸俊亮,4,■,■,■,■,nan,9,1,0,11.1,11.1,0.25,0,0,0,-,2,0.50,9,0,0,1,2.8,0,0,0,-,3
2022-01-15,近畿クラブスフィーダ,アイシンティルマーレ,3,1,1,4,,藤川佳大,1,nan,□,nan,nan,nan,0,0,0,,,-,0,0,0,-,0,-,1,0,0,0,0.0,0,0,0,-,0
2022-01-15,近畿クラブスフィーダ,アイシンティルマーレ,3,1,1,6,,安田舜,0,nan,nan,nan,nan,nan,0,0,0,,,-,0,0,0,-,0,-,0,0,0,0,-,0,0,0,-,0
2022-01-15,近畿クラブスフィーダ,アイシンティルマーレ,3,1,1,9,,北村宏樹,2,□,□,nan,nan,nan,0,0,0,,,-,0,0,0,-,0,-,2,0,0,0,0.0,2,1,0,50.0,0
2022-01-15,近畿クラブスフィーダ,アイシンティルマーレ,3,1,1,11,,本多駿,4,■,■,■,■,nan,15,4,4,26.7,0.0,1.00,1,0,1,0.0,2,0.50,18,0,0,3,4.2,13,7,6,76.9,6
2022-01-15,近畿クラブスフィーダ,アイシンティルマーレ,3,1,1,12,,中田雄大,0,nan,nan,nan,nan,nan,0,0,0,,,-,0,0,0,-,0,-,0,0,0,0,-,0,0,0,-,0
2022-01-15,近畿クラブスフィーダ,アイシンティルマーレ,3,1,1,13,,那須野裕進,4,■,■,■,■,nan,9,7,0,77.8,77.8,1.75,0,0,0,-,1,0.25,14,1,3,1,3.6,0,0,0,-,9
2022-01-15,近畿クラブスフィーダ,アイシンティルマーレ,3,1,1,14,L,荒木琢真,4,●,●,●,●,nan,0,0,0,,,-,0,0,0,-,0,-,0,0,0,0,-,23,10,7,58.7,0
2022-01-15,近畿クラブスフィーダ,アイシンティルマーレ,3,1,1,18,,後藤陸翔,4,■,■,■,■,nan,57,24,6,42.1,31.6,6.00,8,5,2,62.5,1,0.25,16,1,2,3,7.8,38,21,8,65.8,26
2022-01-15,近畿クラブスフィーダ,アイシンティルマーレ,3,1,1,25,,小磯智紀,4,■,■,■,■,nan,6,4,0,66.7,66.7,1.00,0,0,0,-,0,-,15,0,0,0,0.0,1,0,0,0.0,4
2022-01-15,近畿クラブスフィーダ,アイシンティルマーレ,3,1,1,29,,江口颯人,4,■,■,■,■,nan,40,12,1,30.0,27.5,3.00,12,6,0,50.0,3,0.75,17,1,2,1,4.4,0,0,0,-,16
2022-01-15,近畿クラブスフィーダ,アイシンティルマーレ,3,1,1,チーム合計,チーム合計,チーム合計,4,nan,nan,nan,nan,nan,136,52,11,38.2,30.1,13.00,21,11,3,52.4,9,2.25,93,3,7,10,4.0,77,39,21,64.3,64
2022-01-15,アイシンティルマーレ,近畿クラブスフィーダ,1,3,0,1,,滝沢優樹,4,□,□,□,□,nan,1,0,0,0.0,0.0,-,1,0,0,0.0,0,-,4,0,0,1,6.2,0,0,0,-,0
2022-01-15,アイシンティルマーレ,近畿クラブスフィーダ,1,3,0,3,,水野将司,4,■,■,■,■,nan,21,9,0,42.9,42.9,2.25,0,0,0,-,1,0.25,13,0,0,2,3.8,0,0,0,-,10
2022-01-15,アイシンティルマーレ,近畿クラブスフィーダ,1,3,0,4,,斎藤総人,4,■,■,■,■,nan,32,15,3,46.9,37.5,3.75,7,4,0,57.1,1,0.25,20,0,4,6,2.5,64,37,21,74.2,16
2022-01-15,アイシンティルマーレ,近畿クラブスフィーダ,1,3,0,5,,井澤大輔,4,■,■,■,■,nan,10,4,0,40.0,40.0,1.00,0,0,0,-,1,0.25,15,0,2,1,-1.7,2,1,1,75.0,5
2022-01-15,アイシンティルマーレ,近畿クラブスフィーダ,1,3,0,6,,新保遥己,4,■,■,■,■,nan,40,14,2,35.0,30.0,3.50,16,3,0,18.8,1,0.25,14,1,3,3,7.1,0,0,0,-,16
2022-01-15,アイシンティルマーレ,近畿クラブスフィーダ,1,3,0,7,,久保下航平,4,■,■,■,■,nan,3,2,0,66.7,66.7,0.50,0,0,0,-,2,0.50,15,2,3,2,11.7,0,0,0,-,6
2022-01-15,アイシンティルマーレ,近畿クラブスフィーダ,1,3,0,8,L,安田剛,4,〇,〇,〇,〇,nan,0,0,0,,,-,0,0,0,-,0,-,0,0,0,0,-,0,0,0,-,0
2022-01-15,アイシンティルマーレ,近畿クラブスフィーダ,1,3,0,9,,佐々木優汰,0,nan,nan,nan,nan,nan,0,0,0,,,-,0,0,0,-,0,-,0,0,0,0,-,0,0,0,-,0
2022-01-15,アイシンティルマーレ,近畿クラブスフィーダ,1,3,0,10,L,鈴木康平,4,●,●,●,●,nan,0,0,0,,,-,0,0,0,-,0,-,0,0,0,0,-,5,1,2,40.0,0
2022-01-15,アイシンティルマーレ,近畿クラブスフィーダ,1,3,0,12,,山下直樹,0,nan,nan,nan,nan,nan,0,0,0,,,-,0,0,0,-,0,-,0,0,0,0,-,0,0,0,-,0
2022-01-15,アイシンティルマーレ,近畿クラブスフィーダ,1,3,0,15,,杉本峻作,4,□,□,□,□,nan,0,0,0,,,-,0,0,0,-,0,-,0,0,0,0,-,0,0,0,-,0
2022-01-15,アイシンティルマーレ,近畿クラブスフィーダ,1,3,0,16,,菅原幸紀,1,nan,□,nan,nan,nan,0,0,0,,,-,0,0,0,-,0,-,2,0,1,0,-12.5,0,0,0,-,0
2022-01-15,アイシンティルマーレ,近畿クラブスフィーダ,1,3,0,17,,過足幸司,0,nan,nan,nan,nan,nan,0,0,0,,,-,0,0,0,-,0,-,0,0,0,0,-,0,0,0,-,0
2022-01-15,アイシンティルマーレ,近畿クラブスフィーダ,1,3,0,21,,岡森怜夢,4,■,■,■,■,nan,37,20,4,54.1,43.2,5.00,12,8,1,66.7,1,0.25,11,0,2,1,-2.3,13,3,7,50.0,21
2022-01-15,アイシンティルマーレ,近畿クラブスフィーダ,1,3,0,チーム合計,チーム合計,チーム合計,4,nan,nan,nan,nan,nan,144,64,9,44.4,38.2,16.00,36,15,1,41.7,7,1.75,94,3,15,16,3.5,84,42,31,68.5,74
2022-01-30,アイシンティルマーレ,近畿クラブスフィーダ,3,0,1,3,,水野将司,3,■,■,■,nan,nan,16,9,0,56.2,56.2,3.00,0,0,0,-,3,1.00,12,0,0,1,2.1,1,1,0,100.0,12
2022-01-30,アイシンティルマーレ,近畿クラブスフィーダ,3,0,1,4,,斎藤総人,3,■,■,■,nan,nan,18,4,2,22.2,11.1,1.33,4,0,1,0.0,0,-,15,0,1,3,3.3,37,20,11,68.9,4
2022-01-30,アイシンティルマーレ,近畿クラブスフィーダ,3,0,1,5,,井澤大輔,0,nan,nan,nan,nan,nan,0,0,0,,,-,0,0,0,-,0,-,0,0,0,0,-,0,0,0,-,0
2022-01-30,アイシンティルマーレ,近畿クラブスフィーダ,3,0,1,6,,新保遥己,2,■,nan,□,nan,nan,6,2,1,33.3,16.7,1.00,0,0,0,-,0,-,3,1,1,0,25.0,0,0,0,-,3
2022-01-30,アイシンティルマーレ,近畿クラブスフィーダ,3,0,1,7,,久保下航平,3,■,■,■,nan,nan,1,1,0,100.0,100.0,0.33,0,0,0,-,1,0.33,9,0,1,1,0.0,0,0,0,-,2
2022-01-30,アイシンティルマーレ,近畿クラブスフィーダ,3,0,1,8,L,安田剛,3,〇,〇,〇,nan,nan,0,0,0,,,-,0,0,0,-,0,-,0,0,0,0,-,0,0,0,-,0
2022-01-30,アイシンティルマーレ,近畿クラブスフィーダ,3,0,1,9,,佐々木優汰,3,■,■,■,nan,nan,6,2,0,33.3,33.3,0.67,0,0,0,-,0,-,13,0,2,3,1.9,1,1,0,100.0,2
2022-01-30,アイシンティルマーレ,近畿クラブスフィーダ,3,0,1,10,L,鈴木康平,3,●,●,●,nan,nan,0,0,0,,,-,0,0,0,-,0,-,0,0,0,0,-,11,6,1,59.1,0
2022-01-30,アイシンティルマーレ,近畿クラブスフィーダ,3,0,1,12,,山下直樹,0,nan,nan,nan,nan,nan,0,0,0,,,-,0,0,0,-,0,-,0,0,0,0,-,0,0,0,-,0
2022-01-30,アイシンティルマーレ,近畿クラブスフィーダ,3,0,1,15,,杉本峻作,0,nan,nan,nan,nan,nan,0,0,0,,,-,0,0,0,-,0,-,0,0,0,0,-,0,0,0,-,0
2022-01-30,アイシンティルマーレ,近畿クラブスフィーダ,3,0,1,16,,菅原幸紀,0,nan,nan,nan,nan,nan,0,0,0,,,-,0,0,0,-,0,-,0,0,0,0,-,0,0,0,-,0
2022-01-30,アイシンティルマーレ,近畿クラブスフィーダ,3,0,1,20,,櫻井翔馬,0,nan,nan,nan,nan,nan,0,0,0,,,-,0,0,0,-,0,-,0,0,0,0,-,0,0,0,-,0
2022-01-30,アイシンティルマーレ,近畿クラブスフィーダ,3,0,1,21,,岡森怜夢,3,■,■,■,nan,nan,27,17,0,63.0,63.0,5.67,8,3,0,37.5,2,0.67,10,0,1,5,10.0,13,10,2,84.6,19
2022-01-30,アイシンティルマーレ,近畿クラブスフィーダ,3,0,1,22,,岡本捷吾,3,□,■,■,nan,nan,18,10,0,55.6,55.6,3.33,3,1,0,33.3,1,0.33,12,0,1,2,2.1,0,0,0,-,11
2022-01-30,アイシンティルマーレ,近畿クラブスフィーダ,3,0,1,チーム合計,チーム合計,チーム合計,3,nan,nan,nan,nan,nan,92,45,3,48.9,45.7,15.00,15,4,1,26.7,7,2.33,74,1,7,15,4.1,63,38,14,71.4,53
2022-01-30,近畿クラブスフィーダ,アイシンティルマーレ,0,3,0,3,,河戸俊亮,3,■,■,■,nan,nan,10,8,0,80.0,80.0,2.67,0,0,0,-,0,-,5,0,0,1,5.0,0,0,0,-,8
2022-01-30,近畿クラブスフィーダ,アイシンティルマーレ,0,3,0,4,,藤川佳大,0,nan,nan,nan,nan,nan,0,0,0,,,-,0,0,0,-,0,-,0,0,0,0,-,0,0,0,-,0
2022-01-30,近畿クラブスフィーダ,アイシンティルマーレ,0,3,0,9,,北村宏樹,2,nan,□,□,nan,nan,2,0,1,0.0,-50.0,-,0,0,0,-,0,-,3,0,0,0,0.0,2,1,0,50.0,0
2022-01-30,近畿クラブスフィーダ,アイシンティルマーレ,0,3,0,11,,本多駿,3,■,■,■,nan,nan,12,3,2,25.0,8.3,1.00,1,1,0,100.0,2,0.67,13,0,0,1,1.9,4,2,1,62.5,5
2022-01-30,近畿クラブスフィーダ,アイシンティルマーレ,0,3,0,13,,那須野裕進,0,nan,nan,nan,nan,nan,0,0,0,,,-,0,0,0,-,0,-,0,0,0,0,-,0,0,0,-,0
2022-01-30,近畿クラブスフィーダ,アイシンティルマーレ,0,3,0,14,L,荒木琢真,3,●,●,●,nan,nan,0,0,0,,,-,0,0,0,-,0,-,0,0,0,0,-,17,10,4,70.6,0
2022-01-30,近畿クラブスフィーダ,アイシンティルマーレ,0,3,0,18,,後藤陸翔,3,■,■,■,nan,nan,30,16,3,53.3,43.3,5.33,8,4,0,50.0,0,-,10,1,1,1,10.0,43,22,10,62.8,17
2022-01-30,近畿クラブスフィーダ,アイシンティルマーレ,0,3,0,21,,武田大直,0,nan,nan,nan,nan,nan,0,0,0,,,-,0,0,0,-,0,-,0,0,0,0,-,0,0,0,-,0
2022-01-30,近畿クラブスフィーダ,アイシンティルマーレ,0,3,0,22,,フランシスムヤカバング,3,■,■,■,nan,nan,18,9,2,50.0,38.9,3.00,0,0,0,-,1,0.33,12,0,4,2,-4.2,0,0,0,-,10
2022-01-30,近畿クラブスフィーダ,アイシンティルマーレ,0,3,0,25,,小磯智紀,3,■,■,■,nan,nan,2,1,0,50.0,50.0,0.33,0,0,0,-,1,0.33,15,1,0,2,10.0,0,0,0,-,3
2022-01-30,近畿クラブスフィーダ,アイシンティルマーレ,0,3,0,29,,江口颯人,3,■,■,■,nan,nan,18,10,1,55.6,50.0,3.33,8,4,0,50.0,0,-,8,0,1,0,-3.1,0,0,0,-,10
2022-01-30,近畿クラブスフィーダ,アイシンティルマーレ,0,3,0,32,,東影夏海,0,nan,nan,nan,nan,nan,0,0,0,,,-,0,0,0,-,0,-,0,0,0,0,-,0,0,0,-,0
2022-01-30,近畿クラブスフィーダ,アイシンティルマーレ,0,3,0,34,,大手一真,3,□,□,□,nan,nan,0,0,0,,,-,0,0,0,-,0,-,5,1,1,2,25.0,0,0,0,-,1
2022-01-30,近畿クラブスフィーダ,アイシンティルマーレ,0,3,0,チーム合計,チーム合計,チーム合計,3,nan,nan,nan,nan,nan,92,47,9,51.1,41.3,15.67,17,9,0,52.9,4,1.33,71,3,7,9,4.9,66,35,15,64.4,54
2022-02-12,長野GaRons,アイシンティルマーレ,1,3,0,3,,高井大輝,4,□,□,■,□,nan,0,0,0,,,-,0,0,0,-,0,-,10,0,1,1,0.0,0,0,0,-,0
2022-02-12,長野GaRons,アイシンティルマーレ,1,3,0,4,,福池凌太,4,■,■,■,■,nan,43,18,6,41.9,27.9,4.50,18,6,4,33.3,0,-,12,0,3,2,-2.1,6,3,2,66.7,18
2022-02-12,長野GaRons,アイシンティルマーレ,1,3,0,5,,浅田潮,0,nan,nan,nan,nan,nan,0,0,0,,,-,0,0,0,-,0,-,0,0,0,0,-,0,0,0,-,0
2022-02-12,長野GaRons,アイシンティルマーレ,1,3,0,6,,篠原和政,1,nan,nan,nan,□,nan,0,0,0,,,-,0,0,0,-,0,-,1,0,0,0,0.0,0,0,0,-,0
2022-02-12,長野GaRons,アイシンティルマーレ,1,3,0,7,,石坂ハスナヌ,4,■,■,■,■,nan,14,6,1,42.9,35.7,1.50,0,0,0,-,3,0.75,8,0,1,1,0.0,1,0,0,0.0,9
2022-02-12,長野GaRons,アイシンティルマーレ,1,3,0,9,,荻野颯大,4,■,■,■,■,nan,15,6,1,40.0,33.3,1.50,1,0,0,0.0,1,0.25,9,0,2,1,-2.8,18,2,6,27.8,7
2022-02-12,長野GaRons,アイシンティルマーレ,1,3,0,10,,柳生大成,1,nan,nan,□,nan,nan,2,2,0,100.0,100.0,2.00,0,0,0,-,0,-,3,0,0,0,0.0,0,0,0,-,2
2022-02-12,長野GaRons,アイシンティルマーレ,1,3,0,11,L,新関忠稀,4,●,●,●,●,nan,0,0,0,,,-,0,0,0,-,0,-,0,0,0,0,-,26,6,5,32.7,0
2022-02-12,長野GaRons,アイシンティルマーレ,1,3,0,13,,今中聖也,0,nan,nan,nan,nan,nan,0,0,0,,,-,0,0,0,-,0,-,0,0,0,0,-,0,0,0,-,0
2022-02-12,長野GaRons,アイシンティルマーレ,1,3,0,14,,小林雅治,4,■,■,■,■,nan,4,1,1,25.0,0.0,0.25,0,0,0,-,3,0.75,14,1,3,4,8.9,0,0,0,-,5
2022-02-12,長野GaRons,アイシンティルマーレ,1,3,0,15,L,難波宏冶,4,〇,〇,〇,〇,nan,0,0,0,,,-,0,0,0,-,0,-,0,0,0,0,-,0,0,0,-,0
2022-02-12,長野GaRons,アイシンティルマーレ,1,3,0,17,,矢澤雅敦,1,□,nan,nan,nan,nan,0,0,0,,,-,0,0,0,-,0,-,1,0,0,0,0.0,0,0,0,-,0
2022-02-12,長野GaRons,アイシンティルマーレ,1,3,0,18,,笹岡歩夢,4,■,■,□,■,nan,4,2,0,50.0,50.0,0.50,0,0,0,-,0,-,4,0,0,1,6.2,0,0,0,-,2
2022-02-12,長野GaRons,アイシンティルマーレ,1,3,0,19,,奥原蓮,4,■,■,■,■,nan,30,8,2,26.7,20.0,2.00,6,1,0,16.7,2,0.50,13,0,4,1,-5.8,31,13,10,58.1,10
2022-02-12,長野GaRons,アイシンティルマーレ,1,3,0,チーム合計,チーム合計,チーム合計,4,nan,nan,nan,nan,nan,112,43,11,38.4,28.6,10.75,25,7,4,28.0,9,2.25,75,1,14,11,0.3,82,24,23,43.3,53
2022-02-12,アイシンティルマーレ,長野GaRons,3,1,1,1,,滝沢優樹,3,□,nan,□,□,nan,0,0,0,,,-,0,0,0,-,0,-,4,0,0,2,12.5,0,0,0,-,0
2022-02-12,アイシンティルマーレ,長野GaRons,3,1,1,3,,水野将司,4,■,■,■,■,nan,16,9,0,56.2,56.2,2.25,0,0,0,-,4,1.00,8,0,0,1,3.1,1,0,0,0.0,13
2022-02-12,アイシンティルマーレ,長野GaRons,3,1,1,4,,斎藤総人,4,■,■,■,■,nan,25,13,2,52.0,44.0,3.25,6,3,2,50.0,1,0.25,19,2,3,4,11.8,18,9,8,72.2,16
2022-02-12,アイシンティルマーレ,長野GaRons,3,1,1,5,,井澤大輔,0,nan,nan,nan,nan,nan,0,0,0,,,-,0,0,0,-,0,-,0,0,0,0,-,0,0,0,-,0
2022-02-12,アイシンティルマーレ,長野GaRons,3,1,1,6,,新保遥己,4,■,■,■,■,nan,31,16,2,51.6,45.2,4.00,15,9,2,60.0,1,0.25,15,1,5,5,6.7,0,0,0,-,18
2022-02-12,アイシンティルマーレ,長野GaRons,3,1,1,7,,久保下航平,4,■,■,■,■,nan,1,1,0,100.0,100.0,0.25,0,0,0,-,1,0.25,17,2,1,6,19.1,0,0,0,-,4
2022-02-12,アイシンティルマーレ,長野GaRons,3,1,1,8,L,安田剛,4,〇,〇,〇,〇,nan,0,0,0,,,-,0,0,0,-,0,-,0,0,0,0,-,0,0,0,-,0
2022-02-12,アイシンティルマーレ,長野GaRons,3,1,1,9,,佐々木優汰,4,■,■,■,■,nan,12,6,2,50.0,33.3,1.50,0,0,0,-,0,-,17,0,0,7,10.3,0,0,0,-,6
2022-02-12,アイシンティルマーレ,長野GaRons,3,1,1,10,L,鈴木康平,4,●,●,●,●,nan,0,0,0,,,-,0,0,0,-,0,-,0,0,0,0,-,26,10,10,57.7,0
2022-02-12,アイシンティルマーレ,長野GaRons,3,1,1,15,,杉本峻作,0,nan,nan,nan,nan,nan,0,0,0,,,-,0,0,0,-,0,-,0,0,0,0,-,0,0,0,-,0
2022-02-12,アイシンティルマーレ,長野GaRons,3,1,1,16,,菅原幸紀,0,nan,nan,nan,nan,nan,0,0,0,,,-,0,0,0,-,0,-,0,0,0,0,-,0,0,0,-,0
2022-02-12,アイシンティルマーレ,長野GaRons,3,1,1,21,,岡森怜夢,4,■,■,■,■,nan,27,13,0,48.1,48.1,3.25,5,3,0,60.0,0,-,12,0,3,5,4.2,15,3,9,50.0,13
2022-02-12,アイシンティルマーレ,長野GaRons,3,1,1,22,,岡本捷吾,3,□,□,□,nan,nan,1,0,0,0.0,0.0,-,0,0,0,-,0,-,6,0,1,3,8.3,0,0,0,-,0
2022-02-12,アイシンティルマーレ,長野GaRons,3,1,1,23,,谷直也,1,nan,nan,nan,□,nan,1,1,0,100.0,100.0,1.00,0,0,0,-,0,-,0,0,0,0,-,0,0,0,-,1
2022-02-12,アイシンティルマーレ,長野GaRons,3,1,1,チーム合計,チーム合計,チーム合計,4,nan,nan,nan,nan,nan,114,59,6,51.8,46.5,14.75,26,15,4,57.7,7,1.75,98,5,13,33,10.2,60,22,27,59.2,71
2022-02-13,トヨタモビリティ東京スパークル,長野GaRons,1,3,0,1,,岩阪健太郎,4,■,■,■,■,nan,9,4,2,44.4,22.2,1.00,0,0,0,-,1,0.25,13,0,2,2,0.0,1,0,1,50.0,5
2022-02-13,トヨタモビリティ東京スパークル,長野GaRons,1,3,0,2,,為我井太也,2,■,■,nan,nan,nan,1,1,0,100.0,100.0,0.50,0,0,0,-,0,-,2,0,0,1,12.5,0,0,0,-,1
2022-02-13,トヨタモビリティ東京スパークル,長野GaRons,1,3,0,3,,紅林宏輝,4,■,■,■,■,nan,36,18,2,50.0,44.4,4.50,9,5,0,55.6,1,0.25,14,0,5,3,-3.6,25,9,7,50.0,19
2022-02-13,トヨタモビリティ東京スパークル,長野GaRons,1,3,0,4,,西河孝太,2,nan,nan,□,■,nan,10,4,0,40.0,40.0,2.00,0,0,0,-,0,-,4,0,1,1,0.0,0,0,0,-,4
2022-02-13,トヨタモビリティ東京スパークル,長野GaRons,1,3,0,6,,大貫智博,0,nan,nan,nan,nan,nan,0,0,0,,,-,0,0,0,-,0,-,0,0,0,0,-,0,0,0,-,0
2022-02-13,トヨタモビリティ東京スパークル,長野GaRons,1,3,0,7,,石井琢也,3,■,■,■,nan,nan,16,8,1,50.0,43.8,2.67,0,0,0,-,0,-,6,0,0,1,4.2,0,0,0,-,8
2022-02-13,トヨタモビリティ東京スパークル,長野GaRons,1,3,0,9,,東拓巳,0,nan,nan,nan,nan,nan,0,0,0,,,-,0,0,0,-,0,-,0,0,0,0,-,0,0,0,-,0
2022-02-13,トヨタモビリティ東京スパークル,長野GaRons,1,3,0,10,L,野田雄介,4,●,●,●,●,nan,0,0,0,,,-,0,0,0,-,0,-,0,0,0,0,-,29,17,6,69.0,0
2022-02-13,トヨタモビリティ東京スパークル,長野GaRons,1,3,0,14,,岸海斗,1,nan,nan,nan,□,nan,0,0,0,,,-,0,0,0,-,0,-,1,0,0,0,0.0,0,0,0,-,0
2022-02-13,トヨタモビリティ東京スパークル,長野GaRons,1,3,0,15,,新山駿,4,■,■,■,■,nan,27,10,3,37.0,25.9,2.50,0,0,0,-,0,-,22,2,5,7,11.4,27,22,3,87.0,12
2022-02-13,トヨタモビリティ東京スパークル,長野GaRons,1,3,0,16,,西岡泰成,4,■,■,■,■,nan,16,7,0,43.8,43.8,1.75,1,0,0,0.0,6,1.50,17,2,2,2,11.8,1,0,1,50.0,15
2022-02-13,トヨタモビリティ東京スパークル,長野GaRons,1,3,0,17,,筧颯斗,2,nan,□,nan,□,nan,0,0,0,,,-,0,0,0,-,0,-,0,0,0,0,-,0,0,0,-,0
2022-02-13,トヨタモビリティ東京スパークル,長野GaRons,1,3,0,18,,鈴木浩大,4,□,□,■,■,nan,2,2,0,100.0,100.0,0.50,0,0,0,-,1,0.25,9,0,3,0,-8.3,0,0,0,-,3
2022-02-13,トヨタモビリティ東京スパークル,長野GaRons,1,3,0,21,,伊藤優介,0,nan,nan,nan,nan,nan,0,0,0,,,-,0,0,0,-,0,-,0,0,0,0,-,0,0,0,-,0
2022-02-13,トヨタモビリティ東京スパークル,長野GaRons,1,3,0,チーム合計,チーム合計,チーム合計,4,nan,nan,nan,nan,nan,117,54,8,46.2,39.3,13.50,10,5,0,50.0,9,2.25,88,4,18,17,4.3,83,48,18,68.7,67
2022-02-13,長野GaRons,トヨタモビリティ東京スパークル,3,1,1,3,,高井大輝,4,■,■,■,■,nan,0,0,0,,,-,0,0,0,-,0,-,18,0,1,3,2.8,0,0,0,-,0
2022-02-13,長野GaRons,トヨタモビリティ東京スパークル,3,1,1,4,,福池凌太,4,■,■,■,■,nan,37,17,2,45.9,40.5,4.25,15,8,1,53.3,0,-,12,0,4,4,0.0,3,0,0,0.0,17
2022-02-13,長野GaRons,トヨタモビリティ東京スパークル,3,1,1,5,,浅田潮,1,nan,nan,□,nan,nan,3,1,0,33.3,33.3,1.00,0,0,0,-,1,1.00,2,0,0,0,0.0,0,0,0,-,2
2022-02-13,長野GaRons,トヨタモビリティ東京スパークル,3,1,1,6,,篠原和政,0,nan,nan,nan,nan,nan,0,0,0,,,-,0,0,0,-,0,-,0,0,0,0,-,0,0,0,-,0
2022-02-13,長野GaRons,トヨタモビリティ東京スパークル,3,1,1,7,,石坂ハスナヌ,4,■,■,■,■,nan,10,3,0,30.0,30.0,0.75,0,0,0,-,3,0.75,14,0,0,1,1.8,3,0,1,16.7,6
2022-02-13,長野GaRons,トヨタモビリティ東京スパークル,3,1,1,9,,荻野颯大,4,■,■,■,■,nan,13,6,1,46.2,38.5,1.50,0,0,0,-,2,0.50,14,1,2,3,8.9,6,0,3,25.0,9
2022-02-13,長野GaRons,トヨタモビリティ東京スパークル,3,1,1,10,,柳生大成,1,nan,□,nan,nan,nan,1,0,0,0.0,0.0,-,0,0,0,-,0,-,1,0,0,0,0.0,0,0,0,-,0
2022-02-13,長野GaRons,トヨタモビリティ東京スパークル,3,1,1,11,L,新関忠稀,4,●,●,●,●,nan,0,0,0,,,-,0,0,0,-,0,-,0,0,0,0,-,27,18,8,81.5,0
2022-02-13,長野GaRons,トヨタモビリティ東京スパークル,3,1,1,13,,今中聖也,0,nan,nan,nan,nan,nan,0,0,0,,,-,0,0,0,-,0,-,0,0,0,0,-,0,0,0,-,0
2022-02-13,長野GaRons,トヨタモビリティ東京スパークル,3,1,1,14,,小林雅治,4,■,■,■,■,nan,9,5,0,55.6,55.6,1.25,1,0,0,0.0,4,1.00,17,1,2,2,5.9,0,0,0,-,10
2022-02-13,長野GaRons,トヨタモビリティ東京スパークル,3,1,1,15,L,難波宏冶,4,〇,〇,〇,〇,nan,0,0,0,,,-,0,0,0,-,0,-,0,0,0,0,-,0,0,0,-,0
2022-02-13,長野GaRons,トヨタモビリティ東京スパークル,3,1,1,17,,矢澤雅敦,2,nan,□,□,nan,nan,0,0,0,,,-,0,0,0,-,0,-,2,0,0,0,0.0,0,0,0,-,0
2022-02-13,長野GaRons,トヨタモビリティ東京スパークル,3,1,1,18,,笹岡歩夢,3,□,nan,□,□,nan,1,1,0,100.0,100.0,0.33,0,0,0,-,0,-,0,0,0,0,-,0,0,0,-,1
2022-02-13,長野GaRons,トヨタモビリティ東京スパークル,3,1,1,19,,奥原蓮,4,■,■,■,■,nan,43,21,5,48.8,37.2,5.25,5,2,2,40.0,0,-,14,0,1,3,3.6,28,16,3,62.5,21
2022-02-13,長野GaRons,トヨタモビリティ東京スパークル,3,1,1,チーム合計,チーム合計,チーム合計,4,nan,nan,nan,nan,nan,117,54,8,46.2,39.3,13.50,21,10,3,47.6,10,2.50,94,2,10,16,3.7,67,34,15,61.9,66
2022-02-19,長野GaRons,近畿クラブスフィーダ,2,3,0,2,,鰐川怜児,3,nan,nan,□,□,■,17,9,0,52.9,52.9,3.00,7,3,0,42.9,3,1.00,9,2,0,1,25.0,0,0,0,-,14
2022-02-19,長野GaRons,近畿クラブスフィーダ,2,3,0,3,,高井大輝,5,■,■,■,■,■,1,0,0,0.0,0.0,-,0,0,0,-,0,-,18,1,1,4,9.7,0,0,0,-,1
2022-02-19,長野GaRons,近畿クラブスフィーダ,2,3,0,4,,福池凌太,4,■,■,■,■,nan,32,16,3,50.0,40.6,4.00,10,7,1,70.0,0,-,18,0,5,5,0.0,3,1,1,50.0,16
2022-02-19,長野GaRons,近畿クラブスフィーダ,2,3,0,5,,浅田潮,4,nan,□,□,□,□,4,2,1,50.0,25.0,0.50,0,0,0,-,0,-,0,0,0,0,-,1,1,0,100.0,2
2022-02-19,長野GaRons,近畿クラブスフィーダ,2,3,0,6,,篠原和政,0,nan,nan,nan,nan,nan,0,0,0,,,-,0,0,0,-,0,-,0,0,0,0,-,0,0,0,-,0
2022-02-19,長野GaRons,近畿クラブスフィーダ,2,3,0,7,,石坂ハスナヌ,5,■,■,■,■,■,14,7,1,50.0,42.9,1.40,0,0,0,-,3,0.60,13,0,0,4,7.7,1,1,0,100.0,10
2022-02-19,長野GaRons,近畿クラブスフィーダ,2,3,0,9,,荻野颯大,5,■,■,■,■,■,27,10,2,37.0,29.6,2.00,0,0,0,-,1,0.20,15,0,3,3,0.0,1,0,1,50.0,11
2022-02-19,長野GaRons,近畿クラブスフィーダ,2,3,0,10,,柳生大成,0,nan,nan,nan,nan,nan,0,0,0,,,-,0,0,0,-,0,-,0,0,0,0,-,0,0,0,-,0
2022-02-19,長野GaRons,近畿クラブスフィーダ,2,3,0,11,L,新関忠稀,5,●,●,●,●,●,0,0,0,,,-,0,0,0,-,0,-,0,0,0,0,-,39,28,1,73.1,0
2022-02-19,長野GaRons,近畿クラブスフィーダ,2,3,0,14,,小林雅治,5,■,■,■,■,■,11,3,0,27.3,27.3,0.60,0,0,0,-,1,0.20,12,0,1,3,4.2,2,1,0,50.0,4
2022-02-19,長野GaRons,近畿クラブスフィーダ,2,3,0,15,L,難波宏冶,5,〇,〇,〇,〇,〇,0,0,0,,,-,0,0,0,-,0,-,0,0,0,0,-,0,0,0,-,0
2022-02-19,長野GaRons,近畿クラブスフィーダ,2,3,0,17,,矢澤雅敦,4,□,□,nan,□,□,0,0,0,,,-,0,0,0,-,0,-,8,0,0,1,3.1,0,0,0,-,0
2022-02-19,長野GaRons,近畿クラブスフィーダ,2,3,0,18,,笹岡歩夢,2,nan,□,□,nan,nan,0,0,0,,,-,0,0,0,-,0,-,0,0,0,0,-,0,0,0,-,0
2022-02-19,長野GaRons,近畿クラブスフィーダ,2,3,0,19,,奥原蓮,5,■,■,■,■,■,50,24,3,48.0,42.0,4.80,5,4,0,80.0,1,0.20,19,2,2,5,14.5,47,28,8,68.1,27
2022-02-19,長野GaRons,近畿クラブスフィーダ,2,3,0,チーム合計,チーム合計,チーム合計,5,nan,nan,nan,nan,nan,156,71,10,45.5,39.1,14.20,22,14,1,63.6,9,1.80,112,5,12,26,7.6,94,60,11,69.7,85
2022-02-19,近畿クラブスフィーダ,長野GaRons,3,2,1,1,,山本映樹,3,nan,□,nan,□,□,0,0,0,,,-,0,0,0,-,0,-,5,0,1,2,5.0,0,0,0,-,0
2022-02-19,近畿クラブスフィーダ,長野GaRons,3,2,1,3,,河戸俊亮,5,■,■,■,■,■,11,6,1,54.5,45.5,1.20,0,0,0,-,1,0.20,15,0,0,5,8.3,1,0,0,0.0,7
2022-02-19,近畿クラブスフィーダ,長野GaRons,3,2,1,4,,藤川佳大,3,nan,nan,■,■,■,15,9,0,60.0,60.0,3.00,0,0,0,-,0,-,12,0,1,2,2.1,15,9,0,60.0,9
2022-02-19,近畿クラブスフィーダ,長野GaRons,3,2,1,9,,北村宏樹,5,□,□,□,□,□,0,0,0,,,-,0,0,0,-,0,-,6,0,0,2,8.3,1,0,0,0.0,0
2022-02-19,近畿クラブスフィーダ,長野GaRons,3,2,1,11,,本多駿,2,■,■,nan,nan,nan,5,3,0,60.0,60.0,1.50,1,0,0,0.0,0,-,8,0,2,4,6.2,5,1,1,30.0,3
2022-02-19,近畿クラブスフィーダ,長野GaRons,3,2,1,13,,那須野裕進,2,■,■,nan,nan,nan,3,2,0,66.7,66.7,1.00,1,0,0,0.0,0,-,4,0,1,0,-6.2,0,0,0,-,2
2022-02-19,近畿クラブスフィーダ,長野GaRons,3,2,1,14,L,荒木琢真,5,●,●,●,●,●,0,0,0,,,-,0,0,0,-,0,-,0,0,0,0,-,35,24,4,74.3,0
2022-02-19,近畿クラブスフィーダ,長野GaRons,3,2,1,18,,後藤陸翔,5,■,■,■,■,■,55,30,5,54.5,45.5,6.00,11,7,0,63.6,4,0.80,15,0,5,2,-5.0,42,23,7,63.1,34
2022-02-19,近畿クラブスフィーダ,長野GaRons,3,2,1,21,,武田大直,1,nan,nan,nan,nan,□,0,0,0,,,-,0,0,0,-,0,-,2,0,0,0,0.0,0,0,0,-,0
2022-02-19,近畿クラブスフィーダ,長野GaRons,3,2,1,25,,小磯智紀,5,■,■,■,■,■,2,0,1,0.0,-50.0,-,0,0,0,-,0,-,19,1,2,3,6.6,0,0,0,-,1
2022-02-19,近畿クラブスフィーダ,長野GaRons,3,2,1,29,,江口颯人,5,■,■,■,■,■,32,16,3,50.0,40.6,3.20,11,3,2,27.3,6,1.20,13,0,0,3,5.8,0,0,0,-,22
2022-02-19,近畿クラブスフィーダ,長野GaRons,3,2,1,32,,東影夏海,3,nan,nan,■,■,■,9,4,0,44.4,44.4,1.33,0,0,0,-,5,1.67,9,0,1,0,-2.8,0,0,0,-,9
2022-02-19,近畿クラブスフィーダ,長野GaRons,3,2,1,チーム合計,チーム合計,チーム合計,5,nan,nan,nan,nan,nan,132,70,10,53.0,45.5,14.00,24,10,2,41.7,16,3.20,108,1,13,23,3.2,99,57,12,63.6,87
2022-02-19,トヨタモビリティ東京スパークル,アイシンティルマーレ,0,3,0,1,,岩阪健太郎,3,■,■,■,nan,nan,6,3,0,50.0,50.0,1.00,0,0,0,-,1,0.33,10,1,2,0,5.0,2,0,0,0.0,5
2022-02-19,トヨタモビリティ東京スパークル,アイシンティルマーレ,0,3,0,2,,為我井太也,3,■,■,■,nan,nan,1,0,0,0.0,0.0,-,0,0,0,-,0,-,8,0,4,2,-6.2,0,0,0,-,0
2022-02-19,トヨタモビリティ東京スパークル,アイシンティルマーレ,0,3,0,3,,紅林宏輝,3,■,■,■,nan,nan,20,8,1,40.0,35.0,2.67,6,3,1,50.0,0,-,9,0,4,1,-8.3,18,9,3,58.3,8
2022-02-19,トヨタモビリティ東京スパークル,アイシンティルマーレ,0,3,0,4,,西河孝太,3,■,■,■,nan,nan,29,11,4,37.9,24.1,3.67,4,2,1,50.0,1,0.33,8,0,0,0,0.0,3,1,1,50.0,12
2022-02-19,トヨタモビリティ東京スパークル,アイシンティルマーレ,0,3,0,6,,大貫智博,0,nan,nan,nan,nan,nan,0,0,0,,,-,0,0,0,-,0,-,0,0,0,0,-,0,0,0,-,0
2022-02-19,トヨタモビリティ東京スパークル,アイシンティルマーレ,0,3,0,9,L,東拓巳,3,●,●,●,nan,nan,0,0,0,,,-,0,0,0,-,0,-,0,0,0,0,-,23,11,6,60.9,0
2022-02-19,トヨタモビリティ東京スパークル,アイシンティルマーレ,0,3,0,14,,岸海斗,3,□,□,□,nan,nan,2,0,0,0.0,0.0,-,0,0,0,-,0,-,1,0,1,0,-25.0,2,2,0,100.0,0
2022-02-19,トヨタモビリティ東京スパークル,アイシンティルマーレ,0,3,0,15,,新山駿,3,■,■,■,nan,nan,12,1,2,8.3,-8.3,0.33,0,0,0,-,0,-,6,0,3,0,-12.5,13,7,4,69.2,1
2022-02-19,トヨタモビリティ東京スパークル,アイシンティルマーレ,0,3,0,16,,西岡泰成,3,■,■,■,nan,nan,10,5,3,50.0,20.0,1.67,2,2,0,100.0,3,1.00,11,0,0,1,2.3,1,1,0,100.0,8
2022-02-19,トヨタモビリティ東京スパークル,アイシンティルマーレ,0,3,0,17,,筧颯斗,1,nan,□,nan,nan,nan,0,0,0,,,-,0,0,0,-,0,-,1,0,0,1,25.0,0,0,0,-,0
2022-02-19,トヨタモビリティ東京スパークル,アイシンティルマーレ,0,3,0,18,,鈴木浩大,2,nan,□,□,nan,nan,0,0,0,,,-,0,0,0,-,0,-,3,0,0,0,0.0,0,0,0,-,0
2022-02-19,トヨタモビリティ東京スパークル,アイシンティルマーレ,0,3,0,21,,伊藤優介,0,nan,nan,nan,nan,nan,0,0,0,,,-,0,0,0,-,0,-,0,0,0,0,-,0,0,0,-,0
2022-02-19,トヨタモビリティ東京スパークル,アイシンティルマーレ,0,3,0,22,,松枝寿明,0,nan,nan,nan,nan,nan,0,0,0,,,-,0,0,0,-,0,-,0,0,0,0,-,0,0,0,-,0
2022-02-19,トヨタモビリティ東京スパークル,アイシンティルマーレ,0,3,0,チーム合計,チーム合計,チーム合計,3,nan,nan,nan,nan,nan,80,28,10,35.0,22.5,9.33,12,7,2,58.3,5,1.67,57,1,14,5,-2.2,62,31,14,61.3,34
2022-02-19,アイシンティルマーレ,トヨタモビリティ東京スパークル,3,0,1,1,,滝沢優樹,2,□,□,nan,nan,nan,0,0,0,,,-,0,0,0,-,0,-,4,0,0,1,6.2,0,0,0,-,0
2022-02-19,アイシンティルマーレ,トヨタモビリティ東京スパークル,3,0,1,3,,水野将司,3,■,■,■,nan,nan,11,8,0,72.7,72.7,2.67,0,0,0,-,1,0.33,10,0,0,1,2.5,0,0,0,-,9
2022-02-19,アイシンティルマーレ,トヨタモビリティ東京スパークル,3,0,1,4,,斎藤総人,3,■,■,■,nan,nan,26,8,2,30.8,23.1,2.67,5,2,0,40.0,0,-,11,1,3,2,6.8,24,15,6,75.0,9
2022-02-19,アイシンティルマーレ,トヨタモビリティ東京スパークル,3,0,1,5,,井澤大輔,0,nan,nan,nan,nan,nan,0,0,0,,,-,0,0,0,-,0,-,0,0,0,0,-,0,0,0,-,0
2022-02-19,アイシンティルマーレ,トヨタモビリティ東京スパークル,3,0,1,6,,新保遥己,3,■,■,■,nan,nan,28,12,3,42.9,32.1,4.00,10,4,1,40.0,2,0.67,6,0,1,1,0.0,0,0,0,-,14
2022-02-19,アイシンティルマーレ,トヨタモビリティ東京スパークル,3,0,1,7,,久保下航平,3,■,■,■,nan,nan,1,0,1,0.0,-100.0,-,0,0,0,-,1,0.33,16,3,4,4,18.8,0,0,0,-,4
2022-02-19,アイシンティルマーレ,トヨタモビリティ東京スパークル,3,0,1,8,L,安田剛,3,〇,〇,〇,nan,nan,0,0,0,,,-,0,0,0,-,0,-,0,0,0,0,-,0,0,0,-,0
2022-02-19,アイシンティルマーレ,トヨタモビリティ東京スパークル,3,0,1,9,,佐々木優汰,3,■,■,■,nan,nan,6,2,2,33.3,0.0,0.67,0,0,0,-,0,-,13,0,1,2,1.9,0,0,0,-,2
2022-02-19,アイシンティルマーレ,トヨタモビリティ東京スパークル,3,0,1,10,L,鈴木康平,3,●,●,●,nan,nan,0,0,0,,,-,0,0,0,-,0,-,0,0,0,0,-,6,3,1,58.3,0
2022-02-19,アイシンティルマーレ,トヨタモビリティ東京スパークル,3,0,1,12,,山下直樹,1,nan,nan,□,nan,nan,0,0,0,,,-,0,0,0,-,0,-,2,0,0,1,12.5,0,0,0,-,0
2022-02-19,アイシンティルマーレ,トヨタモビリティ東京スパークル,3,0,1,15,,杉本峻作,1,□,nan,nan,nan,nan,0,0,0,,,-,0,0,0,-,0,-,0,0,0,0,-,0,0,0,-,0
2022-02-19,アイシンティルマーレ,トヨタモビリティ東京スパークル,3,0,1,16,,菅原幸紀,1,nan,nan,□,nan,nan,0,0,0,,,-,0,0,0,-,0,-,1,0,1,0,-25.0,1,0,0,0.0,0
2022-02-19,アイシンティルマーレ,トヨタモビリティ東京スパークル,3,0,1,21,,岡森怜夢,3,■,■,■,nan,nan,22,8,1,36.4,31.8,2.67,4,1,0,25.0,1,0.33,10,0,0,2,5.0,12,9,3,87.5,9
2022-02-19,アイシンティルマーレ,トヨタモビリティ東京スパークル,3,0,1,23,,谷直也,1,nan,nan,□,nan,nan,1,1,0,100.0,100.0,1.00,0,0,0,-,0,-,0,0,0,0,-,0,0,0,-,1
2022-02-19,アイシンティルマーレ,トヨタモビリティ東京スパークル,3,0,1,チーム合計,チーム合計,チーム合計,3,nan,nan,nan,nan,nan,95,39,9,41.1,31.6,13.00,19,7,1,36.8,5,1.67,73,4,10,14,6.8,43,27,10,74.4,48
2022-02-20,長野GaRons,アイシンティルマーレ,0,3,0,2,,鰐川怜児,3,■,■,■,nan,nan,29,11,2,37.9,31.0,3.67,11,3,1,27.3,2,0.67,9,0,0,1,2.8,0,0,0,-,13
2022-02-20,長野GaRons,アイシンティルマーレ,0,3,0,3,,高井大輝,2,■,■,nan,nan,nan,0,0,0,,,-,0,0,0,-,0,-,3,0,1,0,-8.3,0,0,0,-,0
2022-02-20,長野GaRons,アイシンティルマーレ,0,3,0,4,,福池凌太,3,■,■,■,nan,nan,14,5,2,35.7,21.4,1.67,2,1,1,50.0,0,-,9,0,1,3,5.6,18,6,3,41.7,5
2022-02-20,長野GaRons,アイシンティルマーレ,0,3,0,5,,浅田潮,3,■,■,■,nan,nan,14,4,0,28.6,28.6,1.33,0,0,0,-,0,-,10,0,0,1,2.5,5,2,0,40.0,4
2022-02-20,長野GaRons,アイシンティルマーレ,0,3,0,6,,篠原和政,0,nan,nan,nan,nan,nan,0,0,0,,,-,0,0,0,-,0,-,0,0,0,0,-,0,0,0,-,0
2022-02-20,長野GaRons,アイシンティルマーレ,0,3,0,7,,石坂ハスナヌ,3,■,■,■,nan,nan,13,8,1,61.5,53.8,2.67,0,0,0,-,2,0.67,9,0,1,3,5.6,3,2,1,83.3,10
2022-02-20,長野GaRons,アイシンティルマーレ,0,3,0,9,,荻野颯大,1,□,nan,nan,nan,nan,1,0,0,0.0,0.0,-,0,0,0,-,0,-,0,0,0,0,-,2,0,0,0.0,0
2022-02-20,長野GaRons,アイシンティルマーレ,0,3,0,10,,柳生大成,2,nan,■,■,nan,nan,5,4,0,80.0,80.0,2.00,0,0,0,-,0,-,6,0,0,2,8.3,0,0,0,-,4
2022-02-20,長野GaRons,アイシンティルマーレ,0,3,0,11,L,新関忠稀,3,●,●,●,nan,nan,0,0,0,,,-,0,0,0,-,0,-,0,0,0,0,-,23,13,3,63.0,0
2022-02-20,長野GaRons,アイシンティルマーレ,0,3,0,14,,小林雅治,0,nan,nan,nan,nan,nan,0,0,0,,,-,0,0,0,-,0,-,0,0,0,0,-,0,0,0,-,0
2022-02-20,長野GaRons,アイシンティルマーレ,0,3,0,15,L,難波宏冶,3,〇,〇,〇,nan,nan,0,0,0,,,-,0,0,0,-,0,-,0,0,0,0,-,0,0,0,-,0
2022-02-20,長野GaRons,アイシンティルマーレ,0,3,0,17,,矢澤雅敦,3,□,□,□,nan,nan,0,0,0,,,-,0,0,0,-,0,-,3,0,0,0,0.0,0,0,0,-,0
2022-02-20,長野GaRons,アイシンティルマーレ,0,3,0,18,,笹岡歩夢,3,□,□,■,nan,nan,5,2,0,40.0,40.0,0.67,0,0,0,-,0,-,7,0,0,0,0.0,1,0,0,0.0,2
2022-02-20,長野GaRons,アイシンティルマーレ,0,3,0,19,,奥原蓮,2,■,nan,□,nan,nan,6,1,0,16.7,16.7,0.50,0,0,0,-,0,-,2,0,1,1,0.0,7,4,0,57.1,1
2022-02-20,長野GaRons,アイシンティルマーレ,0,3,0,チーム合計,チーム合計,チーム合計,3,nan,nan,nan,nan,nan,87,35,5,40.2,34.5,11.67,13,4,2,30.8,4,1.33,58,0,4,11,3.0,59,27,7,51.7,39
2022-02-20,アイシンティルマーレ,長野GaRons,3,0,1,1,,滝沢優樹,3,□,□,□,nan,nan,1,0,1,0.0,-100.0,-,1,0,1,0.0,0,-,5,2,0,1,45.0,0,0,0,-,2
2022-02-20,アイシンティルマーレ,長野GaRons,3,0,1,3,,水野将司,3,■,■,■,nan,nan,8,5,0,62.5,62.5,1.67,0,0,0,-,2,0.67,9,0,0,3,8.3,0,0,0,-,7
2022-02-20,アイシンティルマーレ,長野GaRons,3,0,1,4,,斎藤総人,3,■,■,■,nan,nan,25,10,1,40.0,36.0,3.33,4,3,0,75.0,0,-,14,1,2,2,7.1,32,17,8,65.6,11
2022-02-20,アイシンティルマーレ,長野GaRons,3,0,1,5,,井澤大輔,0,nan,nan,nan,nan,nan,0,0,0,,,-,0,0,0,-,0,-,0,0,0,0,-,0,0,0,-,0
2022-02-20,アイシンティルマーレ,長野GaRons,3,0,1,6,,新保遥己,3,■,■,■,nan,nan,19,13,2,68.4,57.9,4.33,7,5,1,71.4,2,0.67,14,1,4,6,10.7,0,0,0,-,16
2022-02-20,アイシンティルマーレ,長野GaRons,3,0,1,7,,久保下航平,3,■,■,■,nan,nan,1,0,0,0.0,0.0,-,0,0,0,-,1,0.33,11,2,3,2,15.9,0,0,0,-,3
2022-02-20,アイシンティルマーレ,長野GaRons,3,0,1,8,L,安田剛,3,〇,〇,〇,nan,nan,0,0,0,,,-,0,0,0,-,0,-,0,0,0,0,-,0,0,0,-,0
2022-02-20,アイシンティルマーレ,長野GaRons,3,0,1,9,,佐々木優汰,3,■,■,■,nan,nan,6,1,0,16.7,16.7,0.33,0,0,0,-,1,0.33,9,0,0,2,5.6,0,0,0,-,2
2022-02-20,アイシンティルマーレ,長野GaRons,3,0,1,10,L,鈴木康平,3,●,●,●,nan,nan,0,0,0,,,-,0,0,0,-,0,-,0,0,0,0,-,7,2,4,57.1,0
2022-02-20,アイシンティルマーレ,長野GaRons,3,0,1,12,,山下直樹,0,nan,nan,nan,nan,nan,0,0,0,,,-,0,0,0,-,0,-,0,0,0,0,-,0,0,0,-,0
2022-02-20,アイシンティルマーレ,長野GaRons,3,0,1,15,,杉本峻作,0,nan,nan,nan,nan,nan,0,0,0,,,-,0,0,0,-,0,-,0,0,0,0,-,0,0,0,-,0
2022-02-20,アイシンティルマーレ,長野GaRons,3,0,1,16,,菅原幸紀,0,nan,nan,nan,nan,nan,0,0,0,,,-,0,0,0,-,0,-,0,0,0,0,-,0,0,0,-,0
2022-02-20,アイシンティルマーレ,長野GaRons,3,0,1,21,,岡森怜夢,3,■,■,■,nan,nan,24,16,1,66.7,62.5,5.33,9,8,0,88.9,0,-,11,2,1,5,27.3,15,6,6,60.0,18
2022-02-20,アイシンティルマーレ,長野GaRons,3,0,1,23,,谷直也,0,nan,nan,nan,nan,nan,0,0,0,,,-,0,0,0,-,0,-,0,0,0,0,-,0,0,0,-,0
2022-02-20,アイシンティルマーレ,長野GaRons,3,0,1,チーム合計,チーム合計,チーム合計,3,nan,nan,nan,nan,nan,84,45,5,53.6,47.6,15.00,21,16,2,76.2,6,2.00,73,8,10,21,14.7,54,25,18,63.0,59
2022-02-20,近畿クラブスフィーダ,トヨタモビリティ東京スパークル,3,1,1,1,,山本映樹,2,nan,□,nan,□,nan,0,0,0,,,-,0,0,0,-,0,-,4,0,0,0,0.0,0,0,0,-,0
2022-02-20,近畿クラブスフィーダ,トヨタモビリティ東京スパークル,3,1,1,3,,河戸俊亮,4,■,■,■,■,nan,11,6,1,54.5,45.5,1.50,0,0,0,-,4,1.00,7,0,0,1,3.6,0,0,0,-,10
2022-02-20,近畿クラブスフィーダ,トヨタモビリティ東京スパークル,3,1,1,4,,藤川佳大,3,nan,■,■,■,nan,18,6,1,33.3,27.8,2.00,0,0,0,-,1,0.33,13,2,4,1,9.6,18,10,1,58.3,9
2022-02-20,近畿クラブスフィーダ,トヨタモビリティ東京スパークル,3,1,1,9,,北村宏樹,4,□,□,□,□,nan,3,2,1,66.7,33.3,0.50,0,0,0,-,0,-,13,0,1,1,0.0,3,3,0,100.0,2
2022-02-20,近畿クラブスフィーダ,トヨタモビリティ東京スパークル,3,1,1,11,,本多駿,1,■,nan,nan,nan,nan,6,2,1,33.3,16.7,2.00,0,0,0,-,2,2.00,3,0,0,1,8.3,1,0,0,0.0,4
2022-02-20,近畿クラブスフィーダ,トヨタモビリティ東京スパークル,3,1,1,13,,那須野裕進,1,■,nan,nan,nan,nan,1,0,0,0.0,0.0,-,0,0,0,-,0,-,2,0,0,0,0.0,0,0,0,-,0
2022-02-20,近畿クラブスフィーダ,トヨタモビリティ東京スパークル,3,1,1,14,L,荒木琢真,4,●,●,●,●,nan,0,0,0,,,-,0,0,0,-,0,-,0,0,0,0,-,22,15,5,79.5,0
2022-02-20,近畿クラブスフィーダ,トヨタモビリティ東京スパークル,3,1,1,18,,後藤陸翔,4,■,■,■,■,nan,32,18,3,56.2,46.9,4.50,6,4,0,66.7,5,1.25,14,0,0,4,7.1,17,12,3,79.4,23
2022-02-20,近畿クラブスフィーダ,トヨタモビリティ東京スパークル,3,1,1,21,,武田大直,3,□,nan,□,□,nan,0,0,0,,,-,0,0,0,-,0,-,6,0,0,1,4.2,0,0,0,-,0
2022-02-20,近畿クラブスフィーダ,トヨタモビリティ東京スパークル,3,1,1,25,,小磯智紀,4,■,■,■,■,nan,3,2,0,66.7,66.7,0.50,0,0,0,-,3,0.75,17,1,0,2,8.8,0,0,0,-,6
2022-02-20,近畿クラブスフィーダ,トヨタモビリティ東京スパークル,3,1,1,29,,江口颯人,4,■,■,■,■,nan,18,7,2,38.9,27.8,1.75,2,0,0,0.0,0,-,7,0,0,0,0.0,0,0,0,-,7
2022-02-20,近畿クラブスフィーダ,トヨタモビリティ東京スパークル,3,1,1,32,,東影夏海,3,nan,■,■,■,nan,10,6,1,60.0,50.0,2.00,0,0,0,-,1,0.33,10,0,0,1,2.5,0,0,0,-,7
2022-02-20,近畿クラブスフィーダ,トヨタモビリティ東京スパークル,3,1,1,チーム合計,チーム合計,チーム合計,4,nan,nan,nan,nan,nan,102,49,10,48.0,38.2,12.25,8,4,0,50.0,16,4.00,96,3,5,12,4.9,61,40,9,73.0,68
2022-02-20,トヨタモビリティ東京スパークル,近畿クラブスフィーダ,1,3,0,1,,岩阪健太郎,4,■,■,■,■,nan,13,6,2,46.2,30.8,1.50,0,0,0,-,0,-,13,3,1,1,23.1,3,3,0,100.0,9
2022-02-20,トヨタモビリティ東京スパークル,近畿クラブスフィーダ,1,3,0,2,,為我井太也,4,■,■,■,■,nan,5,1,0,20.0,20.0,0.25,0,0,0,-,1,0.25,16,1,3,5,9.4,0,0,0,-,3
2022-02-20,トヨタモビリティ東京スパークル,近畿クラブスフィーダ,1,3,0,3,,紅林宏輝,4,■,■,■,■,nan,34,12,2,35.3,29.4,3.00,2,0,0,0.0,0,-,15,0,5,1,-6.7,30,19,6,73.3,12
2022-02-20,トヨタモビリティ東京スパークル,近畿クラブスフィーダ,1,3,0,4,,西河孝太,4,■,■,■,■,nan,27,11,2,40.7,33.3,2.75,10,4,1,40.0,0,-,11,0,1,1,0.0,4,3,1,87.5,11
2022-02-20,トヨタモビリティ東京スパークル,近畿クラブスフィーダ,1,3,0,6,,大貫智博,0,nan,nan,nan,nan,nan,0,0,0,,,-,0,0,0,-,0,-,0,0,0,0,-,0,0,0,-,0
2022-02-20,トヨタモビリティ東京スパークル,近畿クラブスフィーダ,1,3,0,9,L,東拓巳,4,●,●,●,●,nan,0,0,0,,,-,0,0,0,-,0,-,0,0,0,0,-,18,13,2,77.8,0
2022-02-20,トヨタモビリティ東京スパークル,近畿クラブスフィーダ,1,3,0,15,,新山駿,4,■,■,■,■,nan,20,10,1,50.0,45.0,2.50,0,0,0,-,0,-,10,0,2,0,-5.0,30,19,6,73.3,10
2022-02-20,トヨタモビリティ東京スパークル,近畿クラブスフィーダ,1,3,0,16,,西岡泰成,4,■,■,■,■,nan,24,10,4,41.7,25.0,2.50,1,0,0,0.0,1,0.25,11,2,1,1,18.2,5,4,0,80.0,13
2022-02-20,トヨタモビリティ東京スパークル,近畿クラブスフィーダ,1,3,0,17,,筧颯斗,2,nan,□,nan,□,nan,0,0,0,,,-,0,0,0,-,0,-,2,0,1,0,-12.5,0,0,0,-,0
2022-02-20,トヨタモビリティ東京スパークル,近畿クラブスフィーダ,1,3,0,21,,伊藤優介,0,nan,nan,nan,nan,nan,0,0,0,,,-,0,0,0,-,0,-,0,0,0,0,-,0,0,0,-,0
2022-02-20,トヨタモビリティ東京スパークル,近畿クラブスフィーダ,1,3,0,22,,松枝寿明,0,nan,nan,nan,nan,nan,0,0,0,,,-,0,0,0,-,0,-,0,0,0,0,-,0,0,0,-,0
2022-02-20,トヨタモビリティ東京スパークル,近畿クラブスフィーダ,1,3,0,23,,池田正一,0,nan,nan,nan,nan,nan,0,0,0,,,-,0,0,0,-,0,-,0,0,0,0,-,0,0,0,-,0
2022-02-20,トヨタモビリティ東京スパークル,近畿クラブスフィーダ,1,3,0,チーム合計,チーム合計,チーム合計,4,nan,nan,nan,nan,nan,123,50,11,40.7,31.7,12.50,13,4,1,30.8,2,0.50,78,6,14,9,6.1,90,61,15,76.1,58
2022-02-26,長野GaRons,近畿クラブスフィーダ,1,3,0,1,,松下祐太,4,■,■,■,■,nan,12,2,1,16.7,8.3,0.50,0,0,0,-,0,-,14,0,0,3,5.4,37,17,7,55.4,2
2022-02-26,長野GaRons,近畿クラブスフィーダ,1,3,0,2,,鰐川怜児,1,nan,nan,□,nan,nan,0,0,0,,,-,0,0,0,-,0,-,0,0,0,0,-,0,0,0,-,0
2022-02-26,長野GaRons,近畿クラブスフィーダ,1,3,0,3,,高井大輝,4,■,■,■,■,nan,0,0,0,,,-,0,0,0,-,1,0.25,15,1,1,7,16.7,0,0,0,-,2
2022-02-26,長野GaRons,近畿クラブスフィーダ,1,3,0,4,,福池凌太,4,■,■,■,■,nan,38,20,3,52.6,44.7,5.00,16,7,1,43.8,0,-,13,0,2,3,1.9,0,0,0,-,20
2022-02-26,長野GaRons,近畿クラブスフィーダ,1,3,0,5,,浅田潮,1,nan,□,nan,nan,nan,0,0,0,,,-,0,0,0,-,0,-,1,0,0,0,0.0,0,0,0,-,0
2022-02-26,長野GaRons,近畿クラブスフィーダ,1,3,0,7,,石坂ハスナヌ,4,■,■,■,■,nan,20,9,0,45.0,45.0,2.25,0,0,0,-,2,0.50,19,0,1,5,5.3,1,1,0,100.0,11
2022-02-26,長野GaRons,近畿クラブスフィーダ,1,3,0,9,,荻野颯大,3,nan,□,□,□,nan,5,3,0,60.0,60.0,1.00,0,0,0,-,0,-,1,0,1,0,-25.0,0,0,0,-,3
2022-02-26,長野GaRons,近畿クラブスフィーダ,1,3,0,10,,柳生大成,4,■,■,■,■,nan,14,7,0,50.0,50.0,1.75,0,0,0,-,3,0.75,11,0,3,1,-4.5,1,1,0,100.0,10
2022-02-26,長野GaRons,近畿クラブスフィーダ,1,3,0,11,L,新関忠稀,4,●,●,●,●,nan,0,0,0,,,-,0,0,0,-,0,-,0,0,0,0,-,37,21,11,71.6,0
2022-02-26,長野GaRons,近畿クラブスフィーダ,1,3,0,14,,小林雅治,1,nan,□,nan,nan,nan,3,1,0,33.3,33.3,1.00,0,0,0,-,0,-,1,0,0,0,0.0,1,1,0,100.0,1
2022-02-26,長野GaRons,近畿クラブスフィーダ,1,3,0,15,L,難波宏冶,4,〇,〇,〇,〇,nan,0,0,0,,,-,0,0,0,-,0,-,0,0,0,0,-,0,0,0,-,0
2022-02-26,長野GaRons,近畿クラブスフィーダ,1,3,0,17,,矢澤雅敦,2,nan,nan,□,□,nan,0,0,0,,,-,0,0,0,-,0,-,2,0,0,0,0.0,0,0,0,-,0
2022-02-26,長野GaRons,近畿クラブスフィーダ,1,3,0,18,,笹岡歩夢,1,nan,nan,nan,□,nan,0,0,0,,,-,0,0,0,-,0,-,0,0,0,0,-,0,0,0,-,0
2022-02-26,長野GaRons,近畿クラブスフィーダ,1,3,0,19,,奥原蓮,4,■,■,■,■,nan,38,16,1,42.1,39.5,4.00,6,3,0,50.0,1,0.25,12,0,4,1,-6.2,10,6,3,75.0,17
2022-02-26,長野GaRons,近畿クラブスフィーダ,1,3,0,チーム合計,チーム合計,チーム合計,4,nan,nan,nan,nan,nan,130,58,5,44.6,40.8,14.50,22,10,1,45.5,7,1.75,89,1,12,20,3.4,87,47,21,66.1,66
2022-02-26,近畿クラブスフィーダ,長野GaRons,3,1,1,3,,河戸俊亮,4,■,■,■,■,nan,7,1,2,14.3,-14.3,0.25,0,0,0,-,4,1.00,9,0,0,0,0.0,0,0,0,-,5
2022-02-26,近畿クラブスフィーダ,長野GaRons,3,1,1,4,,藤川佳大,2,nan,□,□,nan,nan,3,0,1,0.0,-33.3,-,0,0,0,-,0,-,1,0,1,0,-25.0,2,1,1,75.0,0
2022-02-26,近畿クラブスフィーダ,長野GaRons,3,1,1,8,,谷口晴彦,1,□,nan,nan,nan,nan,0,0,0,,,-,0,0,0,-,0,-,1,0,1,0,-25.0,0,0,0,-,0
2022-02-26,近畿クラブスフィーダ,長野GaRons,3,1,1,9,,北村宏樹,3,□,nan,□,□,nan,0,0,0,,,-,0,0,0,-,0,-,3,0,1,0,-8.3,7,2,3,50.0,0
2022-02-26,近畿クラブスフィーダ,長野GaRons,3,1,1,11,,本多駿,4,■,■,■,■,nan,17,8,1,47.1,41.2,2.00,0,0,0,-,2,0.50,16,0,2,2,0.0,3,0,3,50.0,10
2022-02-26,近畿クラブスフィーダ,長野GaRons,3,1,1,14,L,荒木琢真,4,●,●,●,●,nan,0,0,0,,,-,0,0,0,-,0,-,0,0,0,0,-,27,16,3,64.8,0
2022-02-26,近畿クラブスフィーダ,長野GaRons,3,1,1,17,,友渕瑠宇久,1,nan,nan,nan,□,nan,0,0,0,,,-,0,0,0,-,0,-,1,0,0,2,50.0,0,0,0,-,0
2022-02-26,近畿クラブスフィーダ,長野GaRons,3,1,1,18,,後藤陸翔,4,■,■,■,■,nan,42,25,0,59.5,59.5,6.25,8,7,0,87.5,2,0.50,18,0,3,5,2.8,38,20,10,65.8,27
2022-02-26,近畿クラブスフィーダ,長野GaRons,3,1,1,21,,武田大直,1,nan,□,nan,nan,nan,0,0,0,,,-,0,0,0,-,0,-,1,0,1,0,-25.0,0,0,0,-,0
2022-02-26,近畿クラブスフィーダ,長野GaRons,3,1,1,23,,井上尚人,1,nan,nan,nan,□,nan,0,0,0,,,-,0,0,0,-,0,-,1,0,1,0,-25.0,0,0,0,-,0
2022-02-26,近畿クラブスフィーダ,長野GaRons,3,1,1,25,,小磯智紀,4,■,■,■,■,nan,5,2,0,40.0,40.0,0.50,0,0,0,-,3,0.75,16,0,0,7,10.9,0,0,0,-,5
2022-02-26,近畿クラブスフィーダ,長野GaRons,3,1,1,28,,本多泰成,3,□,□,□,nan,nan,0,0,0,,,-,0,0,0,-,0,-,4,0,0,0,0.0,0,0,0,-,0
2022-02-26,近畿クラブスフィーダ,長野GaRons,3,1,1,29,,江口颯人,4,■,■,■,■,nan,33,15,3,45.5,36.4,3.75,9,3,0,33.3,4,1.00,14,1,0,3,12.5,0,0,0,-,20
2022-02-26,近畿クラブスフィーダ,長野GaRons,3,1,1,32,,東影夏海,4,■,■,■,■,nan,17,10,0,58.8,58.8,2.50,0,0,0,-,1,0.25,13,0,1,0,-1.9,0,0,0,-,11
2022-02-26,近畿クラブスフィーダ,長野GaRons,3,1,1,チーム合計,チーム合計,チーム合計,4,nan,nan,nan,nan,nan,124,61,7,49.2,43.5,15.25,17,10,0,58.8,16,4.00,98,1,11,19,3.1,77,39,20,63.6,78
2022-02-27,長野GaRons,近畿クラブスフィーダ,1,3,0,1,,松下祐太,4,□,□,□,□,nan,0,0,0,,,-,0,0,0,-,0,-,2,0,0,0,0.0,9,2,3,38.9,0
2022-02-27,長野GaRons,近畿クラブスフィーダ,1,3,0,2,,鰐川怜児,4,■,■,■,■,nan,39,13,10,33.3,7.7,3.25,15,3,5,20.0,0,-,13,0,2,0,-3.8,0,0,0,-,13
2022-02-27,長野GaRons,近畿クラブスフィーダ,1,3,0,3,,高井大輝,3,■,□,□,nan,nan,0,0,0,,,-,0,0,0,-,0,-,7,0,0,1,3.6,0,0,0,-,0
2022-02-27,長野GaRons,近畿クラブスフィーダ,1,3,0,4,,福池凌太,4,■,■,■,■,nan,30,12,4,40.0,26.7,3.00,7,5,1,71.4,2,0.50,20,0,4,6,2.5,0,0,0,-,14
2022-02-27,長野GaRons,近畿クラブスフィーダ,1,3,0,5,,浅田潮,3,nan,□,□,□,nan,3,2,0,66.7,66.7,0.67,0,0,0,-,0,-,0,0,0,0,-,1,0,0,0.0,2
2022-02-27,長野GaRons,近畿クラブスフィーダ,1,3,0,7,,石坂ハスナヌ,4,■,■,■,■,nan,15,8,1,53.3,46.7,2.00,0,0,0,-,4,1.00,8,0,0,1,3.1,0,0,0,-,12
2022-02-27,長野GaRons,近畿クラブスフィーダ,1,3,0,9,,荻野颯大,1,nan,nan,□,nan,nan,4,1,1,25.0,0.0,1.00,1,0,1,0.0,0,-,1,0,0,0,0.0,0,0,0,-,1
2022-02-27,長野GaRons,近畿クラブスフィーダ,1,3,0,10,,柳生大成,0,nan,nan,nan,nan,nan,0,0,0,,,-,0,0,0,-,0,-,0,0,0,0,-,0,0,0,-,0
2022-02-27,長野GaRons,近畿クラブスフィーダ,1,3,0,11,L,新関忠稀,4,●,●,●,●,nan,0,0,0,,,-,0,0,0,-,0,-,0,0,0,0,-,50,34,7,75.0,0
2022-02-27,長野GaRons,近畿クラブスフィーダ,1,3,0,14,,小林雅治,4,■,■,■,■,nan,13,5,0,38.5,38.5,1.25,0,0,0,-,10,2.50,12,0,1,4,6.2,0,0,0,-,15
2022-02-27,長野GaRons,近畿クラブスフィーダ,1,3,0,15,L,難波宏冶,0,nan,nan,nan,nan,nan,0,0,0,,,-,0,0,0,-,0,-,0,0,0,0,-,0,0,0,-,0
2022-02-27,長野GaRons,近畿クラブスフィーダ,1,3,0,17,,矢澤雅敦,2,□,nan,nan,□,nan,0,0,0,,,-,0,0,0,-,0,-,3,0,0,1,8.3,0,0,0,-,0
2022-02-27,長野GaRons,近畿クラブスフィーダ,1,3,0,18,,笹岡歩夢,4,□,■,■,■,nan,6,3,2,50.0,16.7,0.75,0,0,0,-,0,-,9,0,1,2,2.8,0,0,0,-,3
2022-02-27,長野GaRons,近畿クラブスフィーダ,1,3,0,19,,奥原蓮,4,■,■,■,■,nan,25,14,0,56.0,56.0,3.50,2,1,0,50.0,0,-,15,0,4,2,-3.3,33,13,13,59.1,14
2022-02-27,長野GaRons,近畿クラブスフィーダ,1,3,0,チーム合計,チーム合計,チーム合計,4,nan,nan,nan,nan,nan,135,58,18,43.0,29.6,14.50,25,9,7,36.0,16,4.00,90,0,12,17,1.4,93,49,23,65.1,74
2022-02-27,近畿クラブスフィーダ,長野GaRons,3,1,1,3,,河戸俊亮,4,■,■,■,■,nan,7,3,0,42.9,42.9,0.75,0,0,0,-,3,0.75,10,0,1,2,2.5,0,0,0,-,6
2022-02-27,近畿クラブスフィーダ,長野GaRons,3,1,1,4,,藤川佳大,4,■,■,■,■,nan,21,7,1,33.3,28.6,1.75,0,0,0,-,1,0.25,11,0,4,0,-9.1,10,3,5,55.0,8
2022-02-27,近畿クラブスフィーダ,長野GaRons,3,1,1,8,,谷口晴彦,0,nan,nan,nan,nan,nan,0,0,0,,,-,0,0,0,-,0,-,0,0,0,0,-,0,0,0,-,0
2022-02-27,近畿クラブスフィーダ,長野GaRons,3,1,1,9,,北村宏樹,2,□,□,nan,nan,nan,2,0,0,0.0,0.0,-,0,0,0,-,0,-,2,0,0,0,0.0,3,1,1,50.0,0
2022-02-27,近畿クラブスフィーダ,長野GaRons,3,1,1,11,,本多駿,0,nan,nan,nan,nan,nan,0,0,0,,,-,0,0,0,-,0,-,0,0,0,0,-,0,0,0,-,0
2022-02-27,近畿クラブスフィーダ,長野GaRons,3,1,1,14,L,荒木琢真,4,●,●,●,●,nan,0,0,0,,,-,0,0,0,-,0,-,0,0,0,0,-,27,18,5,75.9,0
2022-02-27,近畿クラブスフィーダ,長野GaRons,3,1,1,17,,友渕瑠宇久,1,nan,nan,□,nan,nan,2,1,1,50.0,0.0,1.00,0,0,0,-,0,-,1,0,0,0,0.0,0,0,0,-,1
2022-02-27,近畿クラブスフィーダ,長野GaRons,3,1,1,18,,後藤陸翔,4,■,■,■,■,nan,41,15,3,36.6,29.3,3.75,8,4,1,50.0,2,0.50,13,1,0,3,13.5,35,17,8,60.0,18
2022-02-27,近畿クラブスフィーダ,長野GaRons,3,1,1,21,,武田大直,1,nan,□,nan,nan,nan,0,0,0,,,-,0,0,0,-,0,-,3,0,0,1,8.3,0,0,0,-,0
2022-02-27,近畿クラブスフィーダ,長野GaRons,3,1,1,23,,井上尚人,4,□,□,□,□,nan,0,0,0,,,-,0,0,0,-,0,-,9,1,1,5,22.2,0,0,0,-,1
2022-02-27,近畿クラブスフィーダ,長野GaRons,3,1,1,25,,小磯智紀,4,■,■,■,■,nan,4,0,0,0.0,0.0,-,0,0,0,-,2,0.50,17,0,0,2,2.9,0,0,0,-,2
2022-02-27,近畿クラブスフィーダ,長野GaRons,3,1,1,28,,本多泰成,3,□,□,nan,□,nan,0,0,0,,,-,0,0,0,-,0,-,4,0,0,1,6.2,3,1,2,66.7,0
2022-02-27,近畿クラブスフィーダ,長野GaRons,3,1,1,29,,江口颯人,4,■,■,■,■,nan,39,21,1,53.8,51.3,5.25,11,6,0,54.5,1,0.25,14,0,1,4,5.4,0,0,0,-,22
2022-02-27,近畿クラブスフィーダ,長野GaRons,3,1,1,32,,東影夏海,4,■,■,■,■,nan,12,8,0,66.7,66.7,2.00,0,0,0,-,3,0.75,17,0,1,1,0.0,0,0,0,-,11
2022-02-27,近畿クラブスフィーダ,長野GaRons,3,1,1,チーム合計,チーム合計,チーム合計,4,nan,nan,nan,nan,nan,128,55,6,43.0,38.3,13.75,19,10,1,52.6,12,3.00,101,2,8,19,4.7,78,40,21,64.7,69
2022-03-05,長野GaRons,トヨタモビリティ東京スパークル,3,2,1,1,,松下祐太,4,□,□,nan,□,□,0,0,0,,,-,0,0,0,-,0,-,0,0,0,0,-,2,1,0,50.0,0
2022-03-05,長野GaRons,トヨタモビリティ東京スパークル,3,2,1,2,,鰐川怜児,5,■,■,■,■,■,34,20,3,58.8,50.0,4.00,11,7,2,63.6,3,0.60,18,0,3,1,-2.8,0,0,0,-,23
2022-03-05,長野GaRons,トヨタモビリティ東京スパークル,3,2,1,3,,高井大輝,3,nan,nan,□,■,■,0,0,0,,,-,0,0,0,-,0,-,11,0,1,2,2.3,0,0,0,-,0
2022-03-05,長野GaRons,トヨタモビリティ東京スパークル,3,2,1,4,,福池凌太,5,■,■,■,■,■,42,13,6,31.0,16.7,2.60,4,0,2,0.0,1,0.20,25,1,3,4,5.0,19,3,3,23.7,15
2022-03-05,長野GaRons,トヨタモビリティ東京スパークル,3,2,1,5,,浅田潮,0,nan,nan,nan,nan,nan,0,0,0,,,-,0,0,0,-,0,-,0,0,0,0,-,0,0,0,-,0
2022-03-05,長野GaRons,トヨタモビリティ東京スパークル,3,2,1,6,,篠原和政,0,nan,nan,nan,nan,nan,0,0,0,,,-,0,0,0,-,0,-,0,0,0,0,-,0,0,0,-,0
2022-03-05,長野GaRons,トヨタモビリティ東京スパークル,3,2,1,7,,石坂ハスナヌ,5,■,■,■,■,■,14,8,2,57.1,42.9,1.60,0,0,0,-,2,0.40,13,1,0,0,7.7,6,2,3,58.3,11
2022-03-05,長野GaRons,トヨタモビリティ東京スパークル,3,2,1,9,,荻野颯大,1,nan,nan,□,nan,nan,1,0,0,0.0,0.0,-,0,0,0,-,0,-,0,0,0,0,-,0,0,0,-,0
2022-03-05,長野GaRons,トヨタモビリティ東京スパークル,3,2,1,10,,柳生大成,0,nan,nan,nan,nan,nan,0,0,0,,,-,0,0,0,-,0,-,0,0,0,0,-,0,0,0,-,0
2022-03-05,長野GaRons,トヨタモビリティ東京スパークル,3,2,1,11,L,新関忠稀,5,●,●,●,●,●,0,0,0,,,-,0,0,0,-,0,-,0,0,0,0,-,45,26,12,71.1,0
2022-03-05,長野GaRons,トヨタモビリティ東京スパークル,3,2,1,14,,小林雅治,5,■,■,■,■,■,9,3,0,33.3,33.3,0.60,0,0,0,-,1,0.20,20,0,1,5,5.0,1,0,1,50.0,4
2022-03-05,長野GaRons,トヨタモビリティ東京スパークル,3,2,1,17,,矢澤雅敦,3,nan,nan,□,□,□,0,0,0,,,-,0,0,0,-,0,-,4,0,0,0,0.0,0,0,0,-,0
2022-03-05,長野GaRons,トヨタモビリティ東京スパークル,3,2,1,18,,笹岡歩夢,3,■,■,■,nan,nan,7,5,0,71.4,71.4,1.67,0,0,0,-,1,0.33,14,0,1,1,0.0,0,0,0,-,6
2022-03-05,長野GaRons,トヨタモビリティ東京スパークル,3,2,1,19,,奥原蓮,5,■,■,■,■,■,39,20,1,51.3,48.7,4.00,5,1,1,20.0,0,-,18,0,1,3,2.8,23,12,6,65.2,20
2022-03-05,長野GaRons,トヨタモビリティ東京スパークル,3,2,1,チーム合計,チーム合計,チーム合計,5,nan,nan,nan,nan,nan,146,69,12,47.3,39.0,13.80,20,8,5,40.0,8,1.60,123,2,10,16,2.8,96,44,25,58.9,79
2022-03-05,トヨタモビリティ東京スパークル,長野GaRons,2,3,0,1,,岩阪健太郎,4,nan,■,■,■,■,6,2,0,33.3,33.3,0.50,0,0,0,-,1,0.25,11,1,0,1,11.4,3,3,0,100.0,4
2022-03-05,トヨタモビリティ東京スパークル,長野GaRons,2,3,0,2,,為我井太也,5,■,■,■,■,■,7,1,0,14.3,14.3,0.20,0,0,0,-,0,-,15,0,3,4,1.7,0,0,0,-,1
2022-03-05,トヨタモビリティ東京スパークル,長野GaRons,2,3,0,3,,紅林宏輝,5,■,■,■,■,■,49,22,5,44.9,34.7,4.40,7,3,2,42.9,2,0.40,18,4,5,3,19.4,27,12,11,64.8,28
2022-03-05,トヨタモビリティ東京スパークル,長野GaRons,2,3,0,4,,西河孝太,5,■,■,■,■,■,45,25,5,55.6,44.4,5.00,8,3,1,37.5,0,-,26,3,1,4,14.4,1,0,0,0.0,28
2022-03-05,トヨタモビリティ東京スパークル,長野GaRons,2,3,0,6,,大貫智博,0,nan,nan,nan,nan,nan,0,0,0,,,-,0,0,0,-,0,-,0,0,0,0,-,0,0,0,-,0
2022-03-05,トヨタモビリティ東京スパークル,長野GaRons,2,3,0,9,,東拓巳,4,nan,□,□,□,□,0,0,0,,,-,0,0,0,-,0,-,6,0,2,1,-4.2,0,0,0,-,0
2022-03-05,トヨタモビリティ東京スパークル,長野GaRons,2,3,0,10,L,野田雄介,5,●,●,●,●,●,0,0,0,,,-,0,0,0,-,0,-,0,0,0,0,-,33,16,8,60.6,0
2022-03-05,トヨタモビリティ東京スパークル,長野GaRons,2,3,0,14,,岸海斗,2,■,nan,nan,nan,□,2,0,1,0.0,-50.0,-,0,0,0,-,3,1.50,6,0,2,3,4.2,5,3,2,80.0,3
2022-03-05,トヨタモビリティ東京スパークル,長野GaRons,2,3,0,15,,新山駿,5,■,■,■,■,■,39,22,0,56.4,56.4,4.40,0,0,0,-,1,0.20,18,2,6,1,4.2,43,33,7,84.9,25
2022-03-05,トヨタモビリティ東京スパークル,長野GaRons,2,3,0,16,,西岡泰成,5,■,■,■,■,■,16,3,4,18.8,-6.2,0.60,0,0,0,-,2,0.40,18,0,1,4,4.2,0,0,0,-,5
2022-03-05,トヨタモビリティ東京スパークル,長野GaRons,2,3,0,17,,筧颯斗,4,□,□,□,□,nan,2,2,0,100.0,100.0,0.50,0,0,0,-,0,-,0,0,0,0,-,0,0,0,-,2
2022-03-05,トヨタモビリティ東京スパークル,長野GaRons,2,3,0,18,,鈴木浩大,4,nan,□,□,□,□,1,1,0,100.0,100.0,0.25,0,0,0,-,0,-,3,0,1,0,-8.3,0,0,0,-,1
2022-03-05,トヨタモビリティ東京スパークル,長野GaRons,2,3,0,21,,伊藤優介,0,nan,nan,nan,nan,nan,0,0,0,,,-,0,0,0,-,0,-,0,0,0,0,-,0,0,0,-,0
2022-03-05,トヨタモビリティ東京スパークル,長野GaRons,2,3,0,22,,松枝寿明,0,nan,nan,nan,nan,nan,0,0,0,,,-,0,0,0,-,0,-,0,0,0,0,-,0,0,0,-,0
2022-03-05,トヨタモビリティ東京スパークル,長野GaRons,2,3,0,チーム合計,チーム合計,チーム合計,5,nan,nan,nan,nan,nan,167,78,15,46.7,37.7,15.60,15,6,3,40.0,9,1.80,121,10,21,21,8.3,112,67,28,72.3,97
2022-03-05,近畿クラブスフィーダ,アイシンティルマーレ,3,1,1,1,,山本映樹,2,nan,nan,□,□,nan,0,0,0,,,-,0,0,0,-,0,-,3,0,0,1,8.3,0,0,0,-,0
2022-03-05,近畿クラブスフィーダ,アイシンティルマーレ,3,1,1,3,,河戸俊亮,1,■,nan,nan,nan,nan,5,3,0,60.0,60.0,3.00,0,0,0,-,2,2.00,2,0,0,0,0.0,0,0,0,-,5
2022-03-05,近畿クラブスフィーダ,アイシンティルマーレ,3,1,1,4,,藤川佳大,4,■,■,■,■,nan,33,8,3,24.2,15.2,2.00,1,1,0,100.0,0,-,21,0,5,3,-2.4,18,7,6,55.6,8
2022-03-05,近畿クラブスフィーダ,アイシンティルマーレ,3,1,1,9,,北村宏樹,4,□,□,□,□,nan,0,0,0,,,-,0,0,0,-,0,-,6,0,1,1,0.0,4,2,1,62.5,0
2022-03-05,近畿クラブスフィーダ,アイシンティルマーレ,3,1,1,11,,本多駿,4,■,■,■,■,nan,8,7,1,87.5,75.0,1.75,0,0,0,-,0,-,16,0,2,4,3.1,0,0,0,-,7
2022-03-05,近畿クラブスフィーダ,アイシンティルマーレ,3,1,1,13,,那須野裕進,3,nan,■,■,■,nan,8,5,1,62.5,50.0,1.67,0,0,0,-,0,-,8,0,2,0,-6.2,0,0,0,-,5
2022-03-05,近畿クラブスフィーダ,アイシンティルマーレ,3,1,1,14,L,荒木琢真,4,●,●,●,●,nan,0,0,0,,,-,0,0,0,-,0,-,0,0,0,0,-,22,9,7,56.8,0
2022-03-05,近畿クラブスフィーダ,アイシンティルマーレ,3,1,1,18,,後藤陸翔,4,■,■,■,■,nan,65,28,5,43.1,35.4,7.00,16,8,3,50.0,2,0.50,17,1,4,7,10.3,38,23,5,67.1,31
2022-03-05,近畿クラブスフィーダ,アイシンティルマーレ,3,1,1,21,,武田大直,2,□,□,nan,nan,nan,0,0,0,,,-,0,0,0,-,0,-,2,0,0,0,0.0,0,0,0,-,0
2022-03-05,近畿クラブスフィーダ,アイシンティルマーレ,3,1,1,23,,井上尚人,4,□,□,□,□,nan,0,0,0,,,-,0,0,0,-,0,-,4,0,1,1,0.0,0,0,0,-,0
2022-03-05,近畿クラブスフィーダ,アイシンティルマーレ,3,1,1,25,,小磯智紀,4,■,■,■,■,nan,8,1,1,12.5,0.0,0.25,0,0,0,-,0,-,15,0,1,4,5.0,1,0,0,0.0,1
2022-03-05,近畿クラブスフィーダ,アイシンティルマーレ,3,1,1,32,,東影夏海,4,■,■,■,■,nan,22,7,3,31.8,18.2,1.75,0,0,0,-,1,0.25,12,0,1,0,-2.1,0,0,0,-,8
2022-03-05,近畿クラブスフィーダ,アイシンティルマーレ,3,1,1,チーム合計,チーム合計,チーム合計,4,nan,nan,nan,nan,nan,149,59,14,39.6,30.2,14.75,17,9,3,52.9,5,1.25,106,1,17,21,1.9,83,41,19,60.8,65
2022-03-05,アイシンティルマーレ,近畿クラブスフィーダ,1,3,0,1,,滝沢優樹,4,□,□,□,□,nan,0,0,0,,,-,0,0,0,-,0,-,6,0,0,1,4.2,0,0,0,-,0
2022-03-05,アイシンティルマーレ,近畿クラブスフィーダ,1,3,0,3,,水野将司,4,■,■,■,■,nan,16,10,0,62.5,62.5,2.50,0,0,0,-,0,-,10,0,0,3,7.5,0,0,0,-,10
2022-03-05,アイシンティルマーレ,近畿クラブスフィーダ,1,3,0,4,,斎藤総人,4,■,■,■,■,nan,30,9,4,30.0,16.7,2.25,8,2,1,25.0,1,0.25,22,0,5,4,-1.1,44,30,4,72.7,10
2022-03-05,アイシンティルマーレ,近畿クラブスフィーダ,1,3,0,5,,井澤大輔,0,nan,nan,nan,nan,nan,0,0,0,,,-,0,0,0,-,0,-,0,0,0,0,-,0,0,0,-,0
2022-03-05,アイシンティルマーレ,近畿クラブスフィーダ,1,3,0,6,,新保遥己,3,■,■,nan,□,nan,17,9,4,52.9,29.4,3.00,8,6,2,75.0,2,0.67,7,0,3,3,0.0,0,0,0,-,11
2022-03-05,アイシンティルマーレ,近畿クラブスフィーダ,1,3,0,7,,久保下航平,4,■,■,■,■,nan,2,0,0,0.0,0.0,-,0,0,0,-,0,-,17,2,5,2,7.4,0,0,0,-,2
2022-03-05,アイシンティルマーレ,近畿クラブスフィーダ,1,3,0,8,L,安田剛,4,〇,〇,〇,〇,nan,0,0,0,,,-,0,0,0,-,0,-,0,0,0,0,-,0,0,0,-,0
2022-03-05,アイシンティルマーレ,近畿クラブスフィーダ,1,3,0,9,,佐々木優汰,2,■,■,nan,nan,nan,10,3,1,30.0,20.0,1.50,0,0,0,-,1,0.50,8,0,1,1,0.0,0,0,0,-,4
2022-03-05,アイシンティルマーレ,近畿クラブスフィーダ,1,3,0,10,L,鈴木康平,4,●,●,●,●,nan,0,0,0,,,-,0,0,0,-,0,-,0,0,0,0,-,12,4,4,50.0,0
2022-03-05,アイシンティルマーレ,近畿クラブスフィーダ,1,3,0,15,,杉本峻作,1,nan,nan,□,nan,nan,0,0,0,,,-,0,0,0,-,0,-,0,0,0,0,-,0,0,0,-,0
2022-03-05,アイシンティルマーレ,近畿クラブスフィーダ,1,3,0,16,,菅原幸紀,0,nan,nan,nan,nan,nan,0,0,0,,,-,0,0,0,-,0,-,0,0,0,0,-,0,0,0,-,0
2022-03-05,アイシンティルマーレ,近畿クラブスフィーダ,1,3,0,21,,岡森怜夢,4,■,■,■,■,nan,45,22,3,48.9,42.2,5.50,12,8,0,66.7,0,-,17,1,5,2,1.5,30,20,3,71.7,23
2022-03-05,アイシンティルマーレ,近畿クラブスフィーダ,1,3,0,22,,岡本捷吾,4,□,□,■,■,nan,23,7,2,30.4,21.7,1.75,4,1,2,25.0,0,-,13,1,4,4,7.7,0,0,0,-,8
2022-03-05,アイシンティルマーレ,近畿クラブスフィーダ,1,3,0,23,,谷直也,3,nan,□,■,■,nan,11,4,0,36.4,36.4,1.33,0,0,0,-,2,0.67,8,0,0,1,3.1,2,1,1,75.0,6
2022-03-05,アイシンティルマーレ,近畿クラブスフィーダ,1,3,0,チーム合計,チーム合計,チーム合計,4,nan,nan,nan,nan,nan,154,64,14,41.6,32.5,16.00,32,17,5,53.1,6,1.50,108,4,23,21,3.2,88,55,12,69.3,74
2022-03-06,長野GaRons,近畿クラブスフィーダ,3,2,1,1,,松下祐太,4,□,nan,□,□,■,3,1,1,33.3,0.0,0.25,0,0,0,-,0,-,7,1,0,4,28.6,14,10,2,78.6,2
2022-03-06,長野GaRons,近畿クラブスフィーダ,3,2,1,2,,鰐川怜児,5,■,■,■,■,■,44,24,5,54.5,43.2,4.80,20,10,2,50.0,1,0.20,10,0,1,1,0.0,0,0,0,-,25
2022-03-06,長野GaRons,近畿クラブスフィーダ,3,2,1,3,,高井大輝,5,■,■,■,■,■,2,0,0,0.0,0.0,-,0,0,0,-,1,0.20,18,0,0,8,11.1,0,0,0,-,1
2022-03-06,長野GaRons,近畿クラブスフィーダ,3,2,1,4,,福池凌太,5,■,■,■,■,■,43,21,4,48.8,39.5,4.20,5,3,1,60.0,1,0.20,22,2,4,5,10.2,6,2,1,41.7,24
2022-03-06,長野GaRons,近畿クラブスフィーダ,3,2,1,5,,浅田潮,0,nan,nan,nan,nan,nan,0,0,0,,,-,0,0,0,-,0,-,0,0,0,0,-,0,0,0,-,0
2022-03-06,長野GaRons,近畿クラブスフィーダ,3,2,1,7,,石坂ハスナヌ,5,■,■,■,■,■,16,10,1,62.5,56.2,2.00,0,0,0,-,4,0.80,11,0,1,5,9.1,4,0,1,12.5,14
2022-03-06,長野GaRons,近畿クラブスフィーダ,3,2,1,9,,荻野颯大,2,nan,□,nan,□,nan,0,0,0,,,-,0,0,0,-,0,-,3,0,1,1,0.0,0,0,0,-,0
2022-03-06,長野GaRons,近畿クラブスフィーダ,3,2,1,10,,柳生大成,0,nan,nan,nan,nan,nan,0,0,0,,,-,0,0,0,-,0,-,0,0,0,0,-,0,0,0,-,0
2022-03-06,長野GaRons,近畿クラブスフィーダ,3,2,1,11,L,新関忠稀,5,●,●,●,●,●,0,0,0,,,-,0,0,0,-,0,-,0,0,0,0,-,32,18,8,68.8,0
2022-03-06,長野GaRons,近畿クラブスフィーダ,3,2,1,14,,小林雅治,5,■,■,■,■,■,17,11,0,64.7,64.7,2.20,0,0,0,-,2,0.40,14,1,2,6,14.3,1,0,0,0.0,14
2022-03-06,長野GaRons,近畿クラブスフィーダ,3,2,1,15,,難波宏冶,3,nan,nan,□,□,□,0,0,0,,,-,0,0,0,-,0,-,8,0,0,4,12.5,0,0,0,-,0
2022-03-06,長野GaRons,近畿クラブスフィーダ,3,2,1,17,,矢澤雅敦,3,□,□,□,nan,nan,0,0,0,,,-,0,0,0,-,0,-,5,0,0,1,5.0,0,0,0,-,0
2022-03-06,長野GaRons,近畿クラブスフィーダ,3,2,1,18,,笹岡歩夢,0,nan,nan,nan,nan,nan,0,0,0,,,-,0,0,0,-,0,-,0,0,0,0,-,0,0,0,-,0
2022-03-06,長野GaRons,近畿クラブスフィーダ,3,2,1,19,,奥原蓮,5,■,■,■,■,□,31,11,2,35.5,29.0,2.20,3,1,1,33.3,1,0.20,13,1,0,4,15.4,39,11,6,35.9,13
2022-03-06,長野GaRons,近畿クラブスフィーダ,3,2,1,チーム合計,チーム合計,チーム合計,5,nan,nan,nan,nan,nan,156,78,13,50.0,41.7,15.60,28,14,4,50.0,10,2.00,111,5,9,39,11.3,96,41,18,52.1,93
2022-03-06,近畿クラブスフィーダ,長野GaRons,2,3,0,1,,山本映樹,2,nan,nan,nan,□,□,0,0,0,,,-,0,0,0,-,0,-,2,0,0,1,12.5,0,0,0,-,0
2022-03-06,近畿クラブスフィーダ,長野GaRons,2,3,0,3,,河戸俊亮,0,nan,nan,nan,nan,nan,0,0,0,,,-,0,0,0,-,0,-,0,0,0,0,-,0,0,0,-,0
2022-03-06,近畿クラブスフィーダ,長野GaRons,2,3,0,4,,藤川佳大,4,■,nan,□,■,□,27,12,1,44.4,40.7,3.00,0,0,0,-,0,-,6,0,2,1,-4.2,22,5,4,31.8,12
2022-03-06,近畿クラブスフィーダ,長野GaRons,2,3,0,9,,北村宏樹,4,nan,■,■,□,■,12,4,0,33.3,33.3,1.00,0,0,0,-,1,0.25,8,1,1,1,12.5,28,15,3,58.9,6
2022-03-06,近畿クラブスフィーダ,長野GaRons,2,3,0,11,,本多駿,5,■,■,■,■,■,24,11,1,45.8,41.7,2.20,0,0,0,-,1,0.20,23,2,0,7,16.3,0,0,0,-,14
2022-03-06,近畿クラブスフィーダ,長野GaRons,2,3,0,13,,那須野裕進,5,■,■,■,■,■,17,9,0,52.9,52.9,1.80,0,0,0,-,1,0.20,9,0,0,5,13.9,0,0,0,-,10
2022-03-06,近畿クラブスフィーダ,長野GaRons,2,3,0,14,L,荒木琢真,5,●,●,●,●,●,0,0,0,,,-,0,0,0,-,0,-,0,0,0,0,-,31,15,8,61.3,0
2022-03-06,近畿クラブスフィーダ,長野GaRons,2,3,0,18,,後藤陸翔,5,■,■,■,■,■,45,17,5,37.8,26.7,3.40,16,8,1,50.0,2,0.40,24,2,5,8,11.5,17,7,2,47.1,21
2022-03-06,近畿クラブスフィーダ,長野GaRons,2,3,0,21,,武田大直,2,nan,nan,□,□,nan,0,0,0,,,-,0,0,0,-,0,-,2,0,0,1,12.5,0,0,0,-,0
2022-03-06,近畿クラブスフィーダ,長野GaRons,2,3,0,23,,井上尚人,3,□,□,□,nan,nan,0,0,0,,,-,0,0,0,-,0,-,4,0,2,2,0.0,0,0,0,-,0
2022-03-06,近畿クラブスフィーダ,長野GaRons,2,3,0,25,,小磯智紀,5,■,■,■,■,■,3,2,1,66.7,33.3,0.40,0,0,0,-,2,0.40,16,0,0,4,6.2,0,0,0,-,4
2022-03-06,近畿クラブスフィーダ,長野GaRons,2,3,0,32,,東影夏海,5,■,■,■,■,■,18,11,0,61.1,61.1,2.20,0,0,0,-,3,0.60,13,0,0,3,5.8,0,0,0,-,14
2022-03-06,近畿クラブスフィーダ,長野GaRons,2,3,0,チーム合計,チーム合計,チーム合計,5,nan,nan,nan,nan,nan,146,66,8,45.2,39.7,13.20,16,8,1,50.0,10,2.00,107,5,10,33,10.0,98,42,17,51.5,81
2022-03-06,トヨタモビリティ東京スパークル,アイシンティルマーレ,0,3,0,1,,岩阪健太郎,3,■,■,■,nan,nan,7,1,1,14.3,0.0,0.33,0,0,0,-,1,0.33,6,0,1,0,-4.2,0,0,0,-,2
2022-03-06,トヨタモビリティ東京スパークル,アイシンティルマーレ,0,3,0,2,,為我井太也,1,nan,□,nan,nan,nan,0,0,0,,,-,0,0,0,-,0,-,2,0,1,0,-12.5,0,0,0,-,0
2022-03-06,トヨタモビリティ東京スパークル,アイシンティルマーレ,0,3,0,3,,紅林宏輝,3,■,■,■,nan,nan,33,18,0,54.5,54.5,6.00,8,4,0,50.0,0,-,9,0,3,2,-2.8,29,18,4,69.0,18
2022-03-06,トヨタモビリティ東京スパークル,アイシンティルマーレ,0,3,0,4,,西河孝太,3,■,■,■,nan,nan,11,2,0,18.2,18.2,0.67,3,0,0,0.0,0,-,7,0,0,2,7.1,11,3,5,50.0,2
2022-03-06,トヨタモビリティ東京スパークル,アイシンティルマーレ,0,3,0,6,,大貫智博,0,nan,nan,nan,nan,nan,0,0,0,,,-,0,0,0,-,0,-,0,0,0,0,-,0,0,0,-,0
2022-03-06,トヨタモビリティ東京スパークル,アイシンティルマーレ,0,3,0,9,,東拓巳,2,□,nan,■,nan,nan,6,1,0,16.7,16.7,0.50,1,0,0,0.0,0,-,4,0,3,0,-18.8,5,2,1,50.0,1
2022-03-06,トヨタモビリティ東京スパークル,アイシンティルマーレ,0,3,0,10,L,野田雄介,3,●,●,●,nan,nan,0,0,0,,,-,0,0,0,-,0,-,0,0,0,0,-,13,4,6,53.8,0
2022-03-06,トヨタモビリティ東京スパークル,アイシンティルマーレ,0,3,0,14,,岸海斗,3,□,□,□,nan,nan,3,0,0,0.0,0.0,-,0,0,0,-,1,0.33,3,0,2,0,-16.7,0,0,0,-,1
2022-03-06,トヨタモビリティ東京スパークル,アイシンティルマーレ,0,3,0,15,,新山駿,2,■,■,nan,nan,nan,3,2,0,66.7,66.7,1.00,0,0,0,-,0,-,5,0,1,1,0.0,3,1,0,33.3,2
2022-03-06,トヨタモビリティ東京スパークル,アイシンティルマーレ,0,3,0,16,,西岡泰成,3,■,■,■,nan,nan,16,5,1,31.2,25.0,1.67,0,0,0,-,0,-,8,1,0,2,18.8,0,0,0,-,6
2022-03-06,トヨタモビリティ東京スパークル,アイシンティルマーレ,0,3,0,17,,筧颯斗,1,□,nan,nan,nan,nan,0,0,0,,,-,0,0,0,-,0,-,1,0,1,0,-25.0,0,0,0,-,0
2022-03-06,トヨタモビリティ東京スパークル,アイシンティルマーレ,0,3,0,18,,鈴木浩大,3,■,■,■,nan,nan,1,0,0,0.0,0.0,-,0,0,0,-,0,-,7,0,0,2,7.1,0,0,0,-,0
2022-03-06,トヨタモビリティ東京スパークル,アイシンティルマーレ,0,3,0,21,,伊藤優介,0,nan,nan,nan,nan,nan,0,0,0,,,-,0,0,0,-,0,-,0,0,0,0,-,0,0,0,-,0
2022-03-06,トヨタモビリティ東京スパークル,アイシンティルマーレ,0,3,0,22,,松枝寿明,0,nan,nan,nan,nan,nan,0,0,0,,,-,0,0,0,-,0,-,0,0,0,0,-,0,0,0,-,0
2022-03-06,トヨタモビリティ東京スパークル,アイシンティルマーレ,0,3,0,チーム合計,チーム合計,チーム合計,3,nan,nan,nan,nan,nan,80,29,2,36.2,33.8,9.67,12,4,0,33.3,2,0.67,52,1,12,9,0.5,61,28,16,59.0,32
2022-03-06,アイシンティルマーレ,トヨタモビリティ東京スパークル,3,0,1,1,,滝沢優樹,2,□,nan,□,nan,nan,2,1,0,50.0,50.0,0.50,1,0,0,0.0,0,-,4,1,0,2,37.5,2,1,0,50.0,2
2022-03-06,アイシンティルマーレ,トヨタモビリティ東京スパークル,3,0,1,3,,水野将司,3,■,■,■,nan,nan,7,5,0,71.4,71.4,1.67,0,0,0,-,0,-,14,1,0,1,8.9,0,0,0,-,6
2022-03-06,アイシンティルマーレ,トヨタモビリティ東京スパークル,3,0,1,4,,斎藤総人,2,■,■,nan,nan,nan,7,2,0,28.6,28.6,1.00,1,0,0,0.0,1,0.50,5,1,0,0,20.0,9,7,1,83.3,4
2022-03-06,アイシンティルマーレ,トヨタモビリティ東京スパークル,3,0,1,6,,新保遥己,3,■,■,■,nan,nan,21,13,0,61.9,61.9,4.33,6,3,0,50.0,1,0.33,12,0,1,2,2.1,0,0,0,-,14
2022-03-06,アイシンティルマーレ,トヨタモビリティ東京スパークル,3,0,1,7,,久保下航平,3,■,■,■,nan,nan,3,1,0,33.3,33.3,0.33,0,0,0,-,1,0.33,14,1,3,3,7.1,0,0,0,-,3
2022-03-06,アイシンティルマーレ,トヨタモビリティ東京スパークル,3,0,1,8,L,安田剛,3,〇,〇,〇,nan,nan,0,0,0,,,-,0,0,0,-,0,-,0,0,0,0,-,0,0,0,-,0
2022-03-06,アイシンティルマーレ,トヨタモビリティ東京スパークル,3,0,1,9,,佐々木優汰,0,nan,nan,nan,nan,nan,0,0,0,,,-,0,0,0,-,0,-,0,0,0,0,-,0,0,0,-,0
2022-03-06,アイシンティルマーレ,トヨタモビリティ東京スパークル,3,0,1,10,L,鈴木康平,3,●,●,●,nan,nan,0,0,0,,,-,0,0,0,-,0,-,0,0,0,0,-,10,7,1,75.0,0
2022-03-06,アイシンティルマーレ,トヨタモビリティ東京スパークル,3,0,1,15,,杉本峻作,0,nan,nan,nan,nan,nan,0,0,0,,,-,0,0,0,-,0,-,0,0,0,0,-,0,0,0,-,0
2022-03-06,アイシンティルマーレ,トヨタモビリティ東京スパークル,3,0,1,16,,菅原幸紀,2,nan,□,■,nan,nan,7,3,1,42.9,28.6,1.50,2,2,0,100.0,0,-,5,1,3,0,5.0,5,3,1,70.0,4
2022-03-06,アイシンティルマーレ,トヨタモビリティ東京スパークル,3,0,1,20,,櫻井翔馬,2,nan,□,□,nan,nan,2,0,1,0.0,-50.0,-,0,0,0,-,0,-,2,0,0,0,0.0,0,0,0,-,0
2022-03-06,アイシンティルマーレ,トヨタモビリティ東京スパークル,3,0,1,21,,岡森怜夢,3,■,■,■,nan,nan,22,10,2,45.5,36.4,3.33,3,1,0,33.3,1,0.33,4,0,1,1,0.0,13,5,3,50.0,11
2022-03-06,アイシンティルマーレ,トヨタモビリティ東京スパークル,3,0,1,22,,岡本捷吾,0,nan,nan,nan,nan,nan,0,0,0,,,-,0,0,0,-,0,-,0,0,0,0,-,0,0,0,-,0
2022-03-06,アイシンティルマーレ,トヨタモビリティ東京スパークル,3,0,1,23,,谷直也,3,■,■,■,nan,nan,13,10,1,76.9,69.2,3.33,0,0,0,-,0,-,13,1,1,4,13.5,1,1,0,100.0,11
2022-03-06,アイシンティルマーレ,トヨタモビリティ東京スパークル,3,0,1,チーム合計,チーム合計,チーム合計,3,nan,nan,nan,nan,nan,84,45,5,53.6,47.6,15.00,13,6,0,46.2,4,1.33,73,6,9,13,9.6,40,24,6,67.5,55
2022-03-12,アイシンティルマーレ,長野GaRons,3,1,1,1,,滝沢優樹,2,nan,□,□,nan,nan,0,0,0,,,-,0,0,0,-,0,-,2,0,1,0,-12.5,8,3,5,68.8,0
2022-03-12,アイシンティルマーレ,長野GaRons,3,1,1,3,,水野将司,4,■,■,■,■,nan,6,3,0,50.0,50.0,0.75,0,0,0,-,4,1.00,12,0,0,3,6.2,2,1,1,75.0,7
2022-03-12,アイシンティルマーレ,長野GaRons,3,1,1,4,,斎藤総人,1,■,nan,nan,nan,nan,7,7,0,100.0,100.0,7.00,3,3,0,100.0,1,1.00,6,0,0,0,0.0,2,1,0,50.0,8
2022-03-12,アイシンティルマーレ,長野GaRons,3,1,1,7,,久保下航平,4,□,□,□,□,nan,0,0,0,,,-,0,0,0,-,0,-,4,0,2,1,-6.2,0,0,0,-,0
2022-03-12,アイシンティルマーレ,長野GaRons,3,1,1,8,L,安田剛,4,〇,〇,〇,〇,nan,0,0,0,,,-,0,0,0,-,0,-,0,0,0,0,-,0,0,0,-,0
2022-03-12,アイシンティルマーレ,長野GaRons,3,1,1,10,L,鈴木康平,4,●,●,●,●,nan,0,0,0,,,-,0,0,0,-,0,-,0,0,0,0,-,22,8,7,52.3,0
2022-03-12,アイシンティルマーレ,長野GaRons,3,1,1,12,,山下直樹,2,□,nan,nan,□,nan,1,0,0,0.0,0.0,-,0,0,0,-,0,-,1,0,1,0,-25.0,0,0,0,-,0
2022-03-12,アイシンティルマーレ,長野GaRons,3,1,1,15,,杉本峻作,4,■,■,■,■,nan,2,1,0,50.0,50.0,0.25,0,0,0,-,3,0.75,13,0,2,4,3.8,0,0,0,-,4
2022-03-12,アイシンティルマーレ,長野GaRons,3,1,1,16,,菅原幸紀,3,nan,■,■,■,nan,27,12,5,44.4,25.9,4.00,10,3,3,30.0,1,0.33,13,1,1,1,7.7,11,6,3,68.2,14
2022-03-12,アイシンティルマーレ,長野GaRons,3,1,1,17,,過足幸司,1,□,nan,nan,nan,nan,2,2,0,100.0,100.0,2.00,0,0,0,-,0,-,3,0,0,0,0.0,0,0,0,-,2
2022-03-12,アイシンティルマーレ,長野GaRons,3,1,1,20,,櫻井翔馬,2,nan,□,□,nan,nan,3,1,0,33.3,33.3,0.50,0,0,0,-,0,-,3,0,1,0,-8.3,0,0,0,-,1
2022-03-12,アイシンティルマーレ,長野GaRons,3,1,1,21,,岡森怜夢,4,■,■,■,■,nan,21,9,0,42.9,42.9,2.25,1,1,0,100.0,1,0.25,8,0,1,2,3.1,31,8,18,54.8,10
2022-03-12,アイシンティルマーレ,長野GaRons,3,1,1,22,,岡本捷吾,4,■,■,■,■,nan,31,14,1,45.2,41.9,3.50,16,6,1,37.5,0,-,16,1,7,5,3.1,0,0,0,-,15
2022-03-12,アイシンティルマーレ,長野GaRons,3,1,1,23,,谷直也,4,■,■,■,■,nan,16,6,2,37.5,25.0,1.50,0,0,0,-,3,0.75,14,0,0,4,7.1,1,1,0,100.0,9
2022-03-12,アイシンティルマーレ,長野GaRons,3,1,1,チーム合計,チーム合計,チーム合計,4,nan,nan,nan,nan,nan,116,55,8,47.4,40.5,13.75,30,13,4,43.3,13,3.25,95,2,16,20,3.2,77,28,34,58.4,70
2022-03-12,長野GaRons,アイシンティルマーレ,1,3,0,1,,松下祐太,4,□,□,■,■,nan,15,3,2,20.0,6.7,0.75,0,0,0,-,0,-,8,0,0,2,6.2,24,11,7,60.4,3
2022-03-12,長野GaRons,アイシンティルマーレ,1,3,0,3,,高井大輝,4,■,■,■,■,nan,1,0,0,0.0,0.0,-,0,0,0,-,2,0.50,14,0,2,2,0.0,0,0,0,-,2
2022-03-12,長野GaRons,アイシンティルマーレ,1,3,0,4,,福池凌太,4,■,■,■,■,nan,39,22,3,56.4,48.7,5.50,12,7,1,58.3,0,-,16,0,5,2,-4.7,0,0,0,-,22
2022-03-12,長野GaRons,アイシンティルマーレ,1,3,0,5,,浅田潮,4,■,■,■,■,nan,36,17,5,47.2,33.3,4.25,13,4,3,30.8,2,0.50,14,0,2,3,1.8,8,4,2,62.5,19
2022-03-12,長野GaRons,アイシンティルマーレ,1,3,0,6,,篠原和政,0,nan,nan,nan,nan,nan,0,0,0,,,-,0,0,0,-,0,-,0,0,0,0,-,0,0,0,-,0
2022-03-12,長野GaRons,アイシンティルマーレ,1,3,0,7,,石坂ハスナヌ,4,■,■,■,■,nan,16,5,0,31.2,31.2,1.25,0,0,0,-,2,0.50,7,0,1,0,-3.6,1,1,0,100.0,7
2022-03-12,長野GaRons,アイシンティルマーレ,1,3,0,9,,荻野颯大,0,nan,nan,nan,nan,nan,0,0,0,,,-,0,0,0,-,0,-,0,0,0,0,-,0,0,0,-,0
2022-03-12,長野GaRons,アイシンティルマーレ,1,3,0,10,,柳生大成,0,nan,nan,nan,nan,nan,0,0,0,,,-,0,0,0,-,0,-,0,0,0,0,-,0,0,0,-,0
2022-03-12,長野GaRons,アイシンティルマーレ,1,3,0,11,L,新関忠稀,4,●,●,●,●,nan,0,0,0,,,-,0,0,0,-,0,-,0,0,0,0,-,26,9,13,59.6,0
2022-03-12,長野GaRons,アイシンティルマーレ,1,3,0,14,,小林雅治,4,■,■,■,■,nan,10,3,3,30.0,0.0,0.75,0,0,0,-,0,-,13,1,0,3,13.5,0,0,0,-,4
2022-03-12,長野GaRons,アイシンティルマーレ,1,3,0,15,,難波宏冶,2,nan,□,nan,□,nan,0,0,0,,,-,0,0,0,-,0,-,4,1,0,0,25.0,0,0,0,-,1
2022-03-12,長野GaRons,アイシンティルマーレ,1,3,0,17,,矢澤雅敦,4,□,□,□,□,nan,0,0,0,,,-,0,0,0,-,0,-,6,0,1,1,0.0,0,0,0,-,0
2022-03-12,長野GaRons,アイシンティルマーレ,1,3,0,18,,笹岡歩夢,0,nan,nan,nan,nan,nan,0,0,0,,,-,0,0,0,-,0,-,0,0,0,0,-,0,0,0,-,0
2022-03-12,長野GaRons,アイシンティルマーレ,1,3,0,19,,奥原蓮,3,■,■,□,nan,nan,11,4,0,36.4,36.4,1.33,1,0,0,0.0,0,-,8,0,0,2,6.2,20,7,3,42.5,4
2022-03-12,長野GaRons,アイシンティルマーレ,1,3,0,チーム合計,チーム合計,チーム合計,4,nan,nan,nan,nan,nan,128,54,13,42.2,32.0,13.50,26,11,4,42.3,6,1.50,90,2,11,15,3.3,79,32,25,56.3,62
2022-03-12,近畿クラブスフィーダ,トヨタモビリティ東京スパークル,3,1,1,1,,山本映樹,3,■,■,□,nan,nan,4,0,1,0.0,-25.0,-,0,0,0,-,0,-,9,0,1,2,2.8,0,0,0,-,0
2022-03-12,近畿クラブスフィーダ,トヨタモビリティ東京スパークル,3,1,1,3,,河戸俊亮,4,■,■,■,■,nan,9,5,1,55.6,44.4,1.25,0,0,0,-,3,0.75,14,0,0,4,7.1,1,1,0,100.0,8
2022-03-12,近畿クラブスフィーダ,トヨタモビリティ東京スパークル,3,1,1,5,,高永恭輔,3,□,□,nan,□,nan,0,0,0,,,-,0,0,0,-,0,-,0,0,0,0,-,0,0,0,-,0
2022-03-12,近畿クラブスフィーダ,トヨタモビリティ東京スパークル,3,1,1,8,,谷口晴彦,4,□,□,■,■,nan,36,18,3,50.0,41.7,4.50,15,7,1,46.7,2,0.50,10,0,1,2,2.5,0,0,0,-,20
2022-03-12,近畿クラブスフィーダ,トヨタモビリティ東京スパークル,3,1,1,9,,北村宏樹,4,■,■,■,■,nan,30,13,4,43.3,30.0,3.25,2,0,1,0.0,2,0.50,16,1,2,1,4.7,44,26,11,71.6,16
2022-03-12,近畿クラブスフィーダ,トヨタモビリティ東京スパークル,3,1,1,11,,本多駿,4,■,■,■,■,nan,44,22,3,50.0,43.2,5.50,7,3,1,42.9,1,0.25,18,0,5,3,-2.8,8,2,2,37.5,23
2022-03-12,近畿クラブスフィーダ,トヨタモビリティ東京スパークル,3,1,1,13,,那須野裕進,4,■,■,■,■,nan,12,6,1,50.0,41.7,1.50,0,0,0,-,1,0.25,10,0,1,2,2.5,1,1,0,100.0,7
2022-03-12,近畿クラブスフィーダ,トヨタモビリティ東京スパークル,3,1,1,17,,友渕瑠宇久,4,□,□,□,□,nan,0,0,0,,,-,0,0,0,-,0,-,6,0,0,0,0.0,0,0,0,-,0
2022-03-12,近畿クラブスフィーダ,トヨタモビリティ東京スパークル,3,1,1,21,,武田大直,4,■,■,■,■,nan,1,0,0,0.0,0.0,-,0,0,0,-,0,-,18,0,1,0,-1.4,1,0,0,0.0,0
2022-03-12,近畿クラブスフィーダ,トヨタモビリティ東京スパークル,3,1,1,23,,井上尚人,0,nan,nan,nan,nan,nan,0,0,0,,,-,0,0,0,-,0,-,0,0,0,0,-,0,0,0,-,0
2022-03-12,近畿クラブスフィーダ,トヨタモビリティ東京スパークル,3,1,1,24,,越智蒼,1,nan,nan,□,nan,nan,0,0,0,,,-,0,0,0,-,0,-,0,0,0,0,-,0,0,0,-,0
2022-03-12,近畿クラブスフィーダ,トヨタモビリティ東京スパークル,3,1,1,28,L,本多泰成,4,●,●,●,●,nan,0,0,0,,,-,0,0,0,-,0,-,0,0,0,0,-,25,12,9,66.0,0
2022-03-12,近畿クラブスフィーダ,トヨタモビリティ東京スパークル,3,1,1,チーム合計,チーム合計,チーム合計,4,nan,nan,nan,nan,nan,136,64,13,47.1,37.5,16.00,24,10,3,41.7,9,2.25,101,1,11,14,1.7,80,42,22,66.2,74
2022-03-12,トヨタモビリティ東京スパークル,近畿クラブスフィーダ,1,3,0,1,,岩阪健太郎,4,■,■,■,■,nan,13,6,1,46.2,38.5,1.50,0,0,0,-,3,0.75,10,0,3,2,-2.5,1,1,0,100.0,9
2022-03-12,トヨタモビリティ東京スパークル,近畿クラブスフィーダ,1,3,0,2,,為我井太也,4,■,■,■,■,nan,5,4,0,80.0,80.0,1.00,0,0,0,-,0,-,17,1,5,2,1.5,0,0,0,-,5
2022-03-12,トヨタモビリティ東京スパークル,近畿クラブスフィーダ,1,3,0,3,,紅林宏輝,4,■,■,■,■,nan,39,14,5,35.9,23.1,3.50,13,2,4,15.4,0,-,15,0,2,5,5.0,25,12,6,60.0,14
2022-03-12,トヨタモビリティ東京スパークル,近畿クラブスフィーダ,1,3,0,4,,西河孝太,4,■,■,■,■,nan,32,11,4,34.4,21.9,2.75,0,0,0,-,0,-,13,0,1,0,-1.9,16,7,7,65.6,11
2022-03-12,トヨタモビリティ東京スパークル,近畿クラブスフィーダ,1,3,0,6,,大貫智博,0,nan,nan,nan,nan,nan,0,0,0,,,-,0,0,0,-,0,-,0,0,0,0,-,0,0,0,-,0
2022-03-12,トヨタモビリティ東京スパークル,近畿クラブスフィーダ,1,3,0,8,,西片圭佑,3,□,nan,□,□,nan,1,0,0,0.0,0.0,-,0,0,0,-,0,-,2,0,0,0,0.0,0,0,0,-,0
2022-03-12,トヨタモビリティ東京スパークル,近畿クラブスフィーダ,1,3,0,9,,東拓巳,4,□,□,■,■,nan,9,5,0,55.6,55.6,1.25,0,0,0,-,1,0.25,11,0,2,5,6.8,24,13,8,70.8,6
2022-03-12,トヨタモビリティ東京スパークル,近畿クラブスフィーダ,1,3,0,10,L,野田雄介,4,●,●,●,●,nan,0,0,0,,,-,0,0,0,-,0,-,0,0,0,0,-,19,12,5,76.3,0
2022-03-12,トヨタモビリティ東京スパークル,近畿クラブスフィーダ,1,3,0,16,,西岡泰成,4,■,■,■,■,nan,19,12,1,63.2,57.9,3.00,0,0,0,-,2,0.50,13,0,2,1,-1.9,4,3,1,87.5,14
2022-03-12,トヨタモビリティ東京スパークル,近畿クラブスフィーダ,1,3,0,17,,筧颯斗,2,nan,□,nan,□,nan,4,1,1,25.0,0.0,0.50,0,0,0,-,0,-,1,0,0,0,0.0,0,0,0,-,1
2022-03-12,トヨタモビリティ東京スパークル,近畿クラブスフィーダ,1,3,0,18,,鈴木浩大,4,□,□,□,□,nan,0,0,0,,,-,0,0,0,-,0,-,6,0,0,0,0.0,0,0,0,-,0
2022-03-12,トヨタモビリティ東京スパークル,近畿クラブスフィーダ,1,3,0,21,,伊藤優介,2,■,■,nan,nan,nan,5,2,0,40.0,40.0,1.00,0,0,0,-,2,1.00,7,0,0,0,0.0,0,0,0,-,4
2022-03-12,トヨタモビリティ東京スパークル,近畿クラブスフィーダ,1,3,0,22,,松枝寿明,0,nan,nan,nan,nan,nan,0,0,0,,,-,0,0,0,-,0,-,0,0,0,0,-,0,0,0,-,0
2022-03-12,トヨタモビリティ東京スパークル,近畿クラブスフィーダ,1,3,0,チーム合計,チーム合計,チーム合計,4,nan,nan,nan,nan,nan,127,55,12,43.3,33.9,13.75,13,2,4,15.4,8,2.00,95,1,15,15,1.1,89,48,27,69.1,64
