No.,L,Player,Set,1,2,3,4,5,AA,AP,AE,ASucc%,AP/S,BAA,BAP,BAE,BASucc%,BP,BP/S,SVA,SVP,SVE,SVx,SVEff%,RA,Rx,Rg,RSucc%,MatchNo.,Date,Year,Month,Day,Place,Venue,Team,Op.Team,Director,Coach,Win_Set,Lose_Set,Total_Set,Win_Lose,Get_Point,Lose_Point,Game_Time,Start_Time,End_Time,Spectators,Jury,Chief_Umpire,Sub_Umpire,Judgeman,Home_Away
1,,渡邊徹,0,,,,,,0,0,0,-,-,0,0,0,-,0,-,0,0,0,0,-,0,0.0,0.0,-,917,2021-01-16,2021,01,16,奈良県,西部生涯スポーツセンター体育館,奈良ドリーマーズ,近畿クラブスフィーダ,言上真一,丹下雅行,3,2,5,Win,107,96,108,13:00,15:00,0,高橋憲太郎,上村英紀,奥田真弓,田中清,Home
2,,言上真一,0,,,,,,0,0,0,-,-,0,0,0,-,0,-,0,0,0,0,-,0,0.0,0.0,-,917,2021-01-16,2021,01,16,奈良県,西部生涯スポーツセンター体育館,奈良ドリーマーズ,近畿クラブスフィーダ,言上真一,丹下雅行,3,2,5,Win,107,96,108,13:00,15:00,0,高橋憲太郎,上村英紀,奥田真弓,田中清,Home
4,,下町浩二,3,,,□,■,■,3,2,0,66.7,0.67,0,0,0,-,1,0.33,5,0,0,0,0.0,2,1.0,1.0,75.0,917,2021-01-16,2021,01,16,奈良県,西部生涯スポーツセンター体育館,奈良ドリーマーズ,近畿クラブスフィーダ,言上真一,丹下雅行,3,2,5,Win,107,96,108,13:00,15:00,0,高橋憲太郎,上村英紀,奥田真弓,田中清,Home
6,,中山雄介,0,,,,,,0,0,0,-,-,0,0,0,-,0,-,0,0,0,0,-,0,0.0,0.0,-,917,2021-01-16,2021,01,16,奈良県,西部生涯スポーツセンター体育館,奈良ドリーマーズ,近畿クラブスフィーダ,言上真一,丹下雅行,3,2,5,Win,107,96,108,13:00,15:00,0,高橋憲太郎,上村英紀,奥田真弓,田中清,Home
7,,有津翔太,5,■,■,■,■,■,13,7,0,53.8,1.40,0,0,0,-,2,0.40,18,1,1,7,13.9,1,0.0,1.0,50.0,917,2021-01-16,2021,01,16,奈良県,西部生涯スポーツセンター体育館,奈良ドリーマーズ,近畿クラブスフィーダ,言上真一,丹下雅行,3,2,5,Win,107,96,108,13:00,15:00,0,高橋憲太郎,上村英紀,奥田真弓,田中清,Home
9,,高橋和希,5,■,■,■,■,■,1,1,0,100.0,0.20,0,0,0,-,2,0.40,15,1,1,1,6.7,0,0.0,0.0,-,917,2021-01-16,2021,01,16,奈良県,西部生涯スポーツセンター体育館,奈良ドリーマーズ,近畿クラブスフィーダ,言上真一,丹下雅行,3,2,5,Win,107,96,108,13:00,15:00,0,高橋憲太郎,上村英紀,奥田真弓,田中清,Home
12,,川村幸司,5,■,■,■,■,■,32,17,1,53.1,3.40,2,1,0,50.0,1,0.20,23,1,2,6,8.7,26,5.0,15.0,48.1,917,2021-01-16,2021,01,16,奈良県,西部生涯スポーツセンター体育館,奈良ドリーマーズ,近畿クラブスフィーダ,言上真一,丹下雅行,3,2,5,Win,107,96,108,13:00,15:00,0,高橋憲太郎,上村英紀,奥田真弓,田中清,Home
14,L,杉谷祐磨,0,,,,,,0,0,0,-,-,0,0,0,-,0,-,0,0,0,0,-,0,0.0,0.0,-,917,2021-01-16,2021,01,16,奈良県,西部生涯スポーツセンター体育館,奈良ドリーマーズ,近畿クラブスフィーダ,言上真一,丹下雅行,3,2,5,Win,107,96,108,13:00,15:00,0,高橋憲太郎,上村英紀,奥田真弓,田中清,Home
15,,上竣,5,■,■,■,■,■,42,19,3,45.2,3.80,14,7,1,50.0,2,0.40,15,0,6,2,-6.7,0,0.0,0.0,-,917,2021-01-16,2021,01,16,奈良県,西部生涯スポーツセンター体育館,奈良ドリーマーズ,近畿クラブスフィーダ,言上真一,丹下雅行,3,2,5,Win,107,96,108,13:00,15:00,0,高橋憲太郎,上村英紀,奥田真弓,田中清,Home
16,,片野坂拓人,5,■,■,■,■,■,42,24,3,57.1,4.80,4,2,0,50.0,1,0.20,17,1,5,5,5.9,28,8.0,11.0,48.2,917,2021-01-16,2021,01,16,奈良県,西部生涯スポーツセンター体育館,奈良ドリーマーズ,近畿クラブスフィーダ,言上真一,丹下雅行,3,2,5,Win,107,96,108,13:00,15:00,0,高橋憲太郎,上村英紀,奥田真弓,田中清,Home
17,,碩幸輝,4,■,■,■,□,,7,2,0,28.6,0.50,0,0,0,-,0,-,14,0,2,1,-1.8,0,0.0,0.0,-,917,2021-01-16,2021,01,16,奈良県,西部生涯スポーツセンター体育館,奈良ドリーマーズ,近畿クラブスフィーダ,言上真一,丹下雅行,3,2,5,Win,107,96,108,13:00,15:00,0,高橋憲太郎,上村英紀,奥田真弓,田中清,Home
18,,南本大貴,0,,,,,,0,0,0,-,-,0,0,0,-,0,-,0,0,0,0,-,0,0.0,0.0,-,917,2021-01-16,2021,01,16,奈良県,西部生涯スポーツセンター体育館,奈良ドリーマーズ,近畿クラブスフィーダ,言上真一,丹下雅行,3,2,5,Win,107,96,108,13:00,15:00,0,高橋憲太郎,上村英紀,奥田真弓,田中清,Home
19,L,石渡瑛法,5,●,●,●,●,●,0,0,0,-,-,0,0,0,-,0,-,0,0,0,0,-,32,9.0,17.0,54.7,917,2021-01-16,2021,01,16,奈良県,西部生涯スポーツセンター体育館,奈良ドリーマーズ,近畿クラブスフィーダ,言上真一,丹下雅行,3,2,5,Win,107,96,108,13:00,15:00,0,高橋憲太郎,上村英紀,奥田真弓,田中清,Home
0,,中谷芹,3,□,□,,□,,1,1,0,100.0,0.33,0,0,0,-,0,-,3,0,0,0,0.0,1,0.0,0.0,0.0,917,2021-01-16,2021,01,16,奈良県,西部生涯スポーツセンター体育館,近畿クラブスフィーダ,奈良ドリーマーズ,山本映樹,高橋幸造,2,3,5,Lose,96,107,108,13:00,15:00,0,高橋憲太郎,上村英紀,奥田真弓,田中清,Away
1,,山本映樹,1,,,□,,,0,0,0,-,-,0,0,0,-,0,-,2,0,0,0,0.0,0,0.0,0.0,-,917,2021-01-16,2021,01,16,奈良県,西部生涯スポーツセンター体育館,近畿クラブスフィーダ,奈良ドリーマーズ,山本映樹,高橋幸造,2,3,5,Lose,96,107,108,13:00,15:00,0,高橋憲太郎,上村英紀,奥田真弓,田中清,Away
3,,河戸俊亮,5,■,■,■,■,■,10,4,1,40.0,0.80,1,0,0,0.0,2,0.40,9,0,0,2,5.6,0,0.0,0.0,-,917,2021-01-16,2021,01,16,奈良県,西部生涯スポーツセンター体育館,近畿クラブスフィーダ,奈良ドリーマーズ,山本映樹,高橋幸造,2,3,5,Lose,96,107,108,13:00,15:00,0,高橋憲太郎,上村英紀,奥田真弓,田中清,Away
4,,北村將,2,,□,,□,,0,0,0,-,-,0,0,0,-,0,-,2,0,0,0,0.0,0,0.0,0.0,-,917,2021-01-16,2021,01,16,奈良県,西部生涯スポーツセンター体育館,近畿クラブスフィーダ,奈良ドリーマーズ,山本映樹,高橋幸造,2,3,5,Lose,96,107,108,13:00,15:00,0,高橋憲太郎,上村英紀,奥田真弓,田中清,Away
5,,今中聖也,3,,,□,□,□,0,0,0,-,-,0,0,0,-,0,-,0,0,0,0,-,0,0.0,0.0,-,917,2021-01-16,2021,01,16,奈良県,西部生涯スポーツセンター体育館,近畿クラブスフィーダ,奈良ドリーマーズ,山本映樹,高橋幸造,2,3,5,Lose,96,107,108,13:00,15:00,0,高橋憲太郎,上村英紀,奥田真弓,田中清,Away
6,,江崎闘愛,2,□,■,,,,15,6,1,40.0,3.00,5,3,0,60.0,0,-,3,0,1,0,-8.3,0,0.0,0.0,-,917,2021-01-16,2021,01,16,奈良県,西部生涯スポーツセンター体育館,近畿クラブスフィーダ,奈良ドリーマーズ,山本映樹,高橋幸造,2,3,5,Lose,96,107,108,13:00,15:00,0,高橋憲太郎,上村英紀,奥田真弓,田中清,Away
9,,中野倭,5,□,■,■,■,■,2,0,1,0.0,-,0,0,0,-,2,0.40,11,0,0,3,6.8,0,0.0,0.0,-,917,2021-01-16,2021,01,16,奈良県,西部生涯スポーツセンター体育館,近畿クラブスフィーダ,奈良ドリーマーズ,山本映樹,高橋幸造,2,3,5,Lose,96,107,108,13:00,15:00,0,高橋憲太郎,上村英紀,奥田真弓,田中清,Away
11,,本多駿,5,■,■,■,■,■,28,12,4,42.9,2.40,9,3,2,33.3,2,0.40,10,0,0,0,0.0,1,0.0,1.0,50.0,917,2021-01-16,2021,01,16,奈良県,西部生涯スポーツセンター体育館,近畿クラブスフィーダ,奈良ドリーマーズ,山本映樹,高橋幸造,2,3,5,Lose,96,107,108,13:00,15:00,0,高橋憲太郎,上村英紀,奥田真弓,田中清,Away
12,,中田雄大,3,■,,□,,□,0,0,0,-,-,0,0,0,-,0,-,7,0,1,1,0.0,0,0.0,0.0,-,917,2021-01-16,2021,01,16,奈良県,西部生涯スポーツセンター体育館,近畿クラブスフィーダ,奈良ドリーマーズ,山本映樹,高橋幸造,2,3,5,Lose,96,107,108,13:00,15:00,0,高橋憲太郎,上村英紀,奥田真弓,田中清,Away
13,,那須野裕進,5,■,■,■,■,■,11,4,0,36.4,0.80,0,0,0,-,0,-,15,0,0,3,5.0,0,0.0,0.0,-,917,2021-01-16,2021,01,16,奈良県,西部生涯スポーツセンター体育館,近畿クラブスフィーダ,奈良ドリーマーズ,山本映樹,高橋幸造,2,3,5,Lose,96,107,108,13:00,15:00,0,高橋憲太郎,上村英紀,奥田真弓,田中清,Away
16,,大原悠,5,■,■,■,■,■,22,6,2,27.3,1.20,0,0,0,-,1,0.20,16,2,1,6,20.3,12,5.0,5.0,62.5,917,2021-01-16,2021,01,16,奈良県,西部生涯スポーツセンター体育館,近畿クラブスフィーダ,奈良ドリーマーズ,山本映樹,高橋幸造,2,3,5,Lose,96,107,108,13:00,15:00,0,高橋憲太郎,上村英紀,奥田真弓,田中清,Away
19,,中西武琉,5,■,□,■,■,■,41,22,3,53.7,4.40,15,9,1,60.0,2,0.40,18,0,3,6,4.2,39,14.0,17.0,57.7,917,2021-01-16,2021,01,16,奈良県,西部生涯スポーツセンター体育館,近畿クラブスフィーダ,奈良ドリーマーズ,山本映樹,高橋幸造,2,3,5,Lose,96,107,108,13:00,15:00,0,高橋憲太郎,上村英紀,奥田真弓,田中清,Away
20,L,松浦陣羽,2,,●,,●,,0,0,0,-,-,0,0,0,-,0,-,0,0,0,0,-,1,1.0,0.0,100.0,917,2021-01-16,2021,01,16,奈良県,西部生涯スポーツセンター体育館,近畿クラブスフィーダ,奈良ドリーマーズ,山本映樹,高橋幸造,2,3,5,Lose,96,107,108,13:00,15:00,0,高橋憲太郎,上村英紀,奥田真弓,田中清,Away
28,L,本多泰成,5,●,〇,●,〇,●,0,0,0,-,-,0,0,0,-,0,-,0,0,0,0,-,35,10.0,14.0,48.6,917,2021-01-16,2021,01,16,奈良県,西部生涯スポーツセンター体育館,近畿クラブスフィーダ,奈良ドリーマーズ,山本映樹,高橋幸造,2,3,5,Lose,96,107,108,13:00,15:00,0,高橋憲太郎,上村英紀,奥田真弓,田中清,Away
2,,山田誠幸,4,■,■,■,■,,8,3,0,37.5,0.75,0,0,0,-,3,0.75,8,0,0,2,6.2,1,0.0,0.0,0.0,926,2021-01-16,2021,01,16,奈良県,西部生涯スポーツセンター体育館,千葉ZELVA,クボタスピアーズ,上田日登,,3,1,4,Win,95,94,108,16:00,17:57,0,高橋憲太郎,中口岳,宮田裕記,的場早紀,Home
4,,橋本大海,4,■,■,■,■,,24,9,4,37.5,2.25,0,0,0,-,1,0.25,20,2,4,8,15.0,0,0.0,0.0,-,926,2021-01-16,2021,01,16,奈良県,西部生涯スポーツセンター体育館,千葉ZELVA,クボタスピアーズ,上田日登,,3,1,4,Win,95,94,108,16:00,17:57,0,高橋憲太郎,中口岳,宮田裕記,的場早紀,Home
5,,板橋健之,4,■,■,■,■,,2,1,0,50.0,0.25,0,0,0,-,0,-,15,0,2,1,-1.7,0,0.0,0.0,-,926,2021-01-16,2021,01,16,奈良県,西部生涯スポーツセンター体育館,千葉ZELVA,クボタスピアーズ,上田日登,,3,1,4,Win,95,94,108,16:00,17:57,0,高橋憲太郎,中口岳,宮田裕記,的場早紀,Home
6,L,野澤辰義,4,●,●,●,●,,0,0,0,-,-,0,0,0,-,0,-,0,0,0,0,-,20,10.0,8.0,70.0,926,2021-01-16,2021,01,16,奈良県,西部生涯スポーツセンター体育館,千葉ZELVA,クボタスピアーズ,上田日登,,3,1,4,Win,95,94,108,16:00,17:57,0,高橋憲太郎,中口岳,宮田裕記,的場早紀,Home
7,,齋藤貴紀,4,□,□,□,□,,0,0,0,-,-,0,0,0,-,0,-,5,0,1,2,5.0,0,0.0,0.0,-,926,2021-01-16,2021,01,16,奈良県,西部生涯スポーツセンター体育館,千葉ZELVA,クボタスピアーズ,上田日登,,3,1,4,Win,95,94,108,16:00,17:57,0,高橋憲太郎,中口岳,宮田裕記,的場早紀,Home
8,,村松俊輔,4,■,■,■,■,,62,32,5,51.6,8.00,28,14,3,50.0,1,0.25,13,0,1,1,0.0,0,0.0,0.0,-,926,2021-01-16,2021,01,16,奈良県,西部生涯スポーツセンター体育館,千葉ZELVA,クボタスピアーズ,上田日登,,3,1,4,Win,95,94,108,16:00,17:57,0,高橋憲太郎,中口岳,宮田裕記,的場早紀,Home
11,,福澤直己,1,,,□,,,0,0,0,-,-,0,0,0,-,0,-,0,0,0,0,-,0,0.0,0.0,-,926,2021-01-16,2021,01,16,奈良県,西部生涯スポーツセンター体育館,千葉ZELVA,クボタスピアーズ,上田日登,,3,1,4,Win,95,94,108,16:00,17:57,0,高橋憲太郎,中口岳,宮田裕記,的場早紀,Home
12,,大町和幸,4,■,■,■,■,,20,6,1,30.0,1.50,0,0,0,-,1,0.25,17,0,1,6,7.4,18,9.0,4.0,61.1,926,2021-01-16,2021,01,16,奈良県,西部生涯スポーツセンター体育館,千葉ZELVA,クボタスピアーズ,上田日登,,3,1,4,Win,95,94,108,16:00,17:57,0,高橋憲太郎,中口岳,宮田裕記,的場早紀,Home
14,,紀之定俊輔,0,,,,,,0,0,0,-,-,0,0,0,-,0,-,0,0,0,0,-,0,0.0,0.0,-,926,2021-01-16,2021,01,16,奈良県,西部生涯スポーツセンター体育館,千葉ZELVA,クボタスピアーズ,上田日登,,3,1,4,Win,95,94,108,16:00,17:57,0,高橋憲太郎,中口岳,宮田裕記,的場早紀,Home
18,,高田晋作,4,□,□,□,□,,4,4,0,100.0,1.00,0,0,0,-,0,-,0,0,0,0,-,11,6.0,5.0,77.3,926,2021-01-16,2021,01,16,奈良県,西部生涯スポーツセンター体育館,千葉ZELVA,クボタスピアーズ,上田日登,,3,1,4,Win,95,94,108,16:00,17:57,0,高橋憲太郎,中口岳,宮田裕記,的場早紀,Home
20,,杉﨑大和,4,■,■,■,■,,32,9,3,28.1,2.25,6,1,2,16.7,1,0.25,15,2,3,3,13.3,37,20.0,12.0,70.3,926,2021-01-16,2021,01,16,奈良県,西部生涯スポーツセンター体育館,千葉ZELVA,クボタスピアーズ,上田日登,,3,1,4,Win,95,94,108,16:00,17:57,0,高橋憲太郎,中口岳,宮田裕記,的場早紀,Home
21,,上田日登,0,,,,,,0,0,0,-,-,0,0,0,-,0,-,0,0,0,0,-,0,0.0,0.0,-,926,2021-01-16,2021,01,16,奈良県,西部生涯スポーツセンター体育館,千葉ZELVA,クボタスピアーズ,上田日登,,3,1,4,Win,95,94,108,16:00,17:57,0,高橋憲太郎,中口岳,宮田裕記,的場早紀,Home
23,,羽富琉偉,1,,,,□,,0,0,0,-,-,0,0,0,-,0,-,1,0,0,0,0.0,0,0.0,0.0,-,926,2021-01-16,2021,01,16,奈良県,西部生涯スポーツセンター体育館,千葉ZELVA,クボタスピアーズ,上田日登,,3,1,4,Win,95,94,108,16:00,17:57,0,高橋憲太郎,中口岳,宮田裕記,的場早紀,Home
1,,鎌苅翔,4,■,■,■,■,,28,11,2,39.3,2.75,0,0,0,-,2,0.50,13,0,0,0,0.0,1,1.0,0.0,100.0,926,2021-01-16,2021,01,16,奈良県,西部生涯スポーツセンター体育館,クボタスピアーズ,千葉ZELVA,川田匠,荒枝和紀,1,3,4,Lose,94,95,108,16:00,17:57,0,高橋憲太郎,中口岳,宮田裕記,的場早紀,Away
2,,赤松圭介,3,■,■,□,,,18,5,2,27.8,1.67,4,1,1,25.0,0,-,8,1,2,3,15.6,0,0.0,0.0,-,926,2021-01-16,2021,01,16,奈良県,西部生涯スポーツセンター体育館,クボタスピアーズ,千葉ZELVA,川田匠,荒枝和紀,1,3,4,Lose,94,95,108,16:00,17:57,0,高橋憲太郎,中口岳,宮田裕記,的場早紀,Away
3,L,早瀬川雄也,4,●,●,●,●,,0,0,0,-,-,0,0,0,-,0,-,0,0,0,0,-,27,11.0,10.0,59.3,926,2021-01-16,2021,01,16,奈良県,西部生涯スポーツセンター体育館,クボタスピアーズ,千葉ZELVA,川田匠,荒枝和紀,1,3,4,Lose,94,95,108,16:00,17:57,0,高橋憲太郎,中口岳,宮田裕記,的場早紀,Away
4,,岡崎誠,4,■,■,■,■,,31,11,3,35.5,2.75,1,0,0,0.0,0,-,17,1,4,4,5.9,12,4.0,3.0,45.8,926,2021-01-16,2021,01,16,奈良県,西部生涯スポーツセンター体育館,クボタスピアーズ,千葉ZELVA,川田匠,荒枝和紀,1,3,4,Lose,94,95,108,16:00,17:57,0,高橋憲太郎,中口岳,宮田裕記,的場早紀,Away
5,,丸一達也,3,■,■,■,,,13,5,2,38.5,1.67,0,0,0,-,0,-,9,0,1,0,-2.8,1,1.0,0.0,100.0,926,2021-01-16,2021,01,16,奈良県,西部生涯スポーツセンター体育館,クボタスピアーズ,千葉ZELVA,川田匠,荒枝和紀,1,3,4,Lose,94,95,108,16:00,17:57,0,高橋憲太郎,中口岳,宮田裕記,的場早紀,Away
6,,阪根彩斗,3,,□,■,■,,18,9,1,50.0,3.00,3,1,0,33.3,1,0.33,13,0,0,3,5.8,4,2.0,0.0,50.0,926,2021-01-16,2021,01,16,奈良県,西部生涯スポーツセンター体育館,クボタスピアーズ,千葉ZELVA,川田匠,荒枝和紀,1,3,4,Lose,94,95,108,16:00,17:57,0,高橋憲太郎,中口岳,宮田裕記,的場早紀,Away
7,,蓑田蓮,4,□,■,■,■,,0,0,0,-,-,0,0,0,-,2,0.50,10,0,1,0,-2.5,0,0.0,0.0,-,926,2021-01-16,2021,01,16,奈良県,西部生涯スポーツセンター体育館,クボタスピアーズ,千葉ZELVA,川田匠,荒枝和紀,1,3,4,Lose,94,95,108,16:00,17:57,0,高橋憲太郎,中口岳,宮田裕記,的場早紀,Away
8,,野口拓朗,4,■,■,■,■,,28,12,1,42.9,3.00,0,0,0,-,2,0.50,11,0,0,2,4.5,31,19.0,4.0,67.7,926,2021-01-16,2021,01,16,奈良県,西部生涯スポーツセンター体育館,クボタスピアーズ,千葉ZELVA,川田匠,荒枝和紀,1,3,4,Lose,94,95,108,16:00,17:57,0,高橋憲太郎,中口岳,宮田裕記,的場早紀,Away
9,,田中誠,2,■,,,□,,1,1,0,100.0,0.50,0,0,0,-,0,-,3,0,0,0,0.0,0,0.0,0.0,-,926,2021-01-16,2021,01,16,奈良県,西部生涯スポーツセンター体育館,クボタスピアーズ,千葉ZELVA,川田匠,荒枝和紀,1,3,4,Lose,94,95,108,16:00,17:57,0,高橋憲太郎,中口岳,宮田裕記,的場早紀,Away
10,L,寺田晃聖,2,〇,〇,,,,0,0,0,-,-,0,0,0,-,0,-,0,0,0,0,-,2,0.0,0.0,0.0,926,2021-01-16,2021,01,16,奈良県,西部生涯スポーツセンター体育館,クボタスピアーズ,千葉ZELVA,川田匠,荒枝和紀,1,3,4,Lose,94,95,108,16:00,17:57,0,高橋憲太郎,中口岳,宮田裕記,的場早紀,Away
12,,籠樹,2,,,□,□,,0,0,0,-,-,0,0,0,-,0,-,2,0,0,1,12.5,0,0.0,0.0,-,926,2021-01-16,2021,01,16,奈良県,西部生涯スポーツセンター体育館,クボタスピアーズ,千葉ZELVA,川田匠,荒枝和紀,1,3,4,Lose,94,95,108,16:00,17:57,0,高橋憲太郎,中口岳,宮田裕記,的場早紀,Away
14,,守山巧,0,,,,,,0,0,0,-,-,0,0,0,-,0,-,0,0,0,0,-,0,0.0,0.0,-,926,2021-01-16,2021,01,16,奈良県,西部生涯スポーツセンター体育館,クボタスピアーズ,千葉ZELVA,川田匠,荒枝和紀,1,3,4,Lose,94,95,108,16:00,17:57,0,高橋憲太郎,中口岳,宮田裕記,的場早紀,Away
16,,谷口裕太郎,2,,,□,■,,7,2,0,28.6,1.00,0,0,0,-,0,-,7,0,0,0,0.0,3,2.0,1.0,83.3,926,2021-01-16,2021,01,16,奈良県,西部生涯スポーツセンター体育館,クボタスピアーズ,千葉ZELVA,川田匠,荒枝和紀,1,3,4,Lose,94,95,108,16:00,17:57,0,高橋憲太郎,中口岳,宮田裕記,的場早紀,Away
17,,田中伸哉,1,,□,,,,0,0,0,-,-,0,0,0,-,0,-,2,0,0,0,0.0,0,0.0,0.0,-,926,2021-01-16,2021,01,16,奈良県,西部生涯スポーツセンター体育館,クボタスピアーズ,千葉ZELVA,川田匠,荒枝和紀,1,3,4,Lose,94,95,108,16:00,17:57,0,高橋憲太郎,中口岳,宮田裕記,的場早紀,Away
1,,渡邊徹,1,□,,,,,0,0,0,-,-,0,0,0,-,0,-,1,0,0,0,0.0,0,0.0,0.0,-,920,2021-01-17,2021,01,17,奈良県,西部生涯スポーツセンター体育館,奈良ドリーマーズ,クボタスピアーズ,言上真一,丹下雅行,0,3,3,Lose,65,79,79,12:00,13:25,0,高橋憲太郎,上村英紀,宮田裕記,田中清,Home
2,,言上真一,0,,,,,,0,0,0,-,-,0,0,0,-,0,-,0,0,0,0,-,0,0.0,0.0,-,920,2021-01-17,2021,01,17,奈良県,西部生涯スポーツセンター体育館,奈良ドリーマーズ,クボタスピアーズ,言上真一,丹下雅行,0,3,3,Lose,65,79,79,12:00,13:25,0,高橋憲太郎,上村英紀,宮田裕記,田中清,Home
4,,下町浩二,3,■,■,■,,,7,3,1,42.9,1.00,0,0,0,-,1,0.33,15,0,0,4,6.7,0,0.0,0.0,-,920,2021-01-17,2021,01,17,奈良県,西部生涯スポーツセンター体育館,奈良ドリーマーズ,クボタスピアーズ,言上真一,丹下雅行,0,3,3,Lose,65,79,79,12:00,13:25,0,高橋憲太郎,上村英紀,宮田裕記,田中清,Home
6,,中山雄介,0,,,,,,0,0,0,-,-,0,0,0,-,0,-,0,0,0,0,-,0,0.0,0.0,-,920,2021-01-17,2021,01,17,奈良県,西部生涯スポーツセンター体育館,奈良ドリーマーズ,クボタスピアーズ,言上真一,丹下雅行,0,3,3,Lose,65,79,79,12:00,13:25,0,高橋憲太郎,上村英紀,宮田裕記,田中清,Home
7,,有津翔太,3,■,■,■,,,17,8,1,47.1,2.67,0,0,0,-,2,0.67,9,0,1,1,0.0,0,0.0,0.0,-,920,2021-01-17,2021,01,17,奈良県,西部生涯スポーツセンター体育館,奈良ドリーマーズ,クボタスピアーズ,言上真一,丹下雅行,0,3,3,Lose,65,79,79,12:00,13:25,0,高橋憲太郎,上村英紀,宮田裕記,田中清,Home
9,,高橋和希,3,■,■,■,,,3,1,0,33.3,0.33,0,0,0,-,0,-,8,0,1,2,3.1,3,0.0,2.0,33.3,920,2021-01-17,2021,01,17,奈良県,西部生涯スポーツセンター体育館,奈良ドリーマーズ,クボタスピアーズ,言上真一,丹下雅行,0,3,3,Lose,65,79,79,12:00,13:25,0,高橋憲太郎,上村英紀,宮田裕記,田中清,Home
12,,川村幸司,3,■,■,■,,,17,7,2,41.2,2.33,2,0,0,0.0,0,-,9,0,1,1,0.0,27,10.0,9.0,53.7,920,2021-01-17,2021,01,17,奈良県,西部生涯スポーツセンター体育館,奈良ドリーマーズ,クボタスピアーズ,言上真一,丹下雅行,0,3,3,Lose,65,79,79,12:00,13:25,0,高橋憲太郎,上村英紀,宮田裕記,田中清,Home
14,L,杉谷祐磨,1,,〇,,,,0,0,0,-,-,0,0,0,-,0,-,0,0,0,0,-,0,0.0,0.0,-,920,2021-01-17,2021,01,17,奈良県,西部生涯スポーツセンター体育館,奈良ドリーマーズ,クボタスピアーズ,言上真一,丹下雅行,0,3,3,Lose,65,79,79,12:00,13:25,0,高橋憲太郎,上村英紀,宮田裕記,田中清,Home
15,,上竣,3,■,■,■,,,31,17,1,54.8,5.67,17,9,1,52.9,1,0.33,12,1,4,6,12.5,0,0.0,0.0,-,920,2021-01-17,2021,01,17,奈良県,西部生涯スポーツセンター体育館,奈良ドリーマーズ,クボタスピアーズ,言上真一,丹下雅行,0,3,3,Lose,65,79,79,12:00,13:25,0,高橋憲太郎,上村英紀,宮田裕記,田中清,Home
16,,片野坂拓人,3,■,■,■,,,27,7,5,25.9,2.33,4,1,0,25.0,0,-,12,0,2,6,8.3,17,9.0,5.0,67.6,920,2021-01-17,2021,01,17,奈良県,西部生涯スポーツセンター体育館,奈良ドリーマーズ,クボタスピアーズ,言上真一,丹下雅行,0,3,3,Lose,65,79,79,12:00,13:25,0,高橋憲太郎,上村英紀,宮田裕記,田中清,Home
17,,碩幸輝,1,,,□,,,0,0,0,-,-,0,0,0,-,0,-,1,0,0,0,0.0,0,0.0,0.0,-,920,2021-01-17,2021,01,17,奈良県,西部生涯スポーツセンター体育館,奈良ドリーマーズ,クボタスピアーズ,言上真一,丹下雅行,0,3,3,Lose,65,79,79,12:00,13:25,0,高橋憲太郎,上村英紀,宮田裕記,田中清,Home
18,,南本大貴,1,,,□,,,0,0,0,-,-,0,0,0,-,0,-,0,0,0,0,-,0,0.0,0.0,-,920,2021-01-17,2021,01,17,奈良県,西部生涯スポーツセンター体育館,奈良ドリーマーズ,クボタスピアーズ,言上真一,丹下雅行,0,3,3,Lose,65,79,79,12:00,13:25,0,高橋憲太郎,上村英紀,宮田裕記,田中清,Home
19,L,石渡瑛法,3,●,●,●,,,0,0,0,-,-,0,0,0,-,0,-,0,0,0,0,-,21,10.0,8.0,66.7,920,2021-01-17,2021,01,17,奈良県,西部生涯スポーツセンター体育館,奈良ドリーマーズ,クボタスピアーズ,言上真一,丹下雅行,0,3,3,Lose,65,79,79,12:00,13:25,0,高橋憲太郎,上村英紀,宮田裕記,田中清,Home
1,,鎌苅翔,3,■,■,■,,,18,8,0,44.4,2.67,0,0,0,-,5,1.67,9,0,0,0,0.0,0,0.0,0.0,-,920,2021-01-17,2021,01,17,奈良県,西部生涯スポーツセンター体育館,クボタスピアーズ,奈良ドリーマーズ,,川田匠,3,0,3,Win,79,65,79,12:00,13:25,0,高橋憲太郎,上村英紀,宮田裕記,田中清,Away
2,,赤松圭介,3,■,■,■,,,34,17,2,50.0,5.67,14,5,1,35.7,0,-,10,2,0,5,32.5,0,0.0,0.0,-,920,2021-01-17,2021,01,17,奈良県,西部生涯スポーツセンター体育館,クボタスピアーズ,奈良ドリーマーズ,,川田匠,3,0,3,Win,79,65,79,12:00,13:25,0,高橋憲太郎,上村英紀,宮田裕記,田中清,Away
3,L,早瀬川雄也,3,●,●,●,,,0,0,0,-,-,0,0,0,-,0,-,0,0,0,0,-,16,5.0,6.0,50.0,920,2021-01-17,2021,01,17,奈良県,西部生涯スポーツセンター体育館,クボタスピアーズ,奈良ドリーマーズ,,川田匠,3,0,3,Win,79,65,79,12:00,13:25,0,高橋憲太郎,上村英紀,宮田裕記,田中清,Away
4,,岡崎誠,3,■,■,■,,,17,6,0,35.3,2.00,1,0,0,0.0,1,0.33,11,1,5,1,0.0,2,0.0,0.0,0.0,920,2021-01-17,2021,01,17,奈良県,西部生涯スポーツセンター体育館,クボタスピアーズ,奈良ドリーマーズ,,川田匠,3,0,3,Win,79,65,79,12:00,13:25,0,高橋憲太郎,上村英紀,宮田裕記,田中清,Away
5,,丸一達也,3,■,■,■,,,7,5,1,71.4,1.67,0,0,0,-,4,1.33,14,0,2,3,1.8,0,0.0,0.0,-,920,2021-01-17,2021,01,17,奈良県,西部生涯スポーツセンター体育館,クボタスピアーズ,奈良ドリーマーズ,,川田匠,3,0,3,Win,79,65,79,12:00,13:25,0,高橋憲太郎,上村英紀,宮田裕記,田中清,Away
6,,阪根彩斗,0,,,,,,0,0,0,-,-,0,0,0,-,0,-,0,0,0,0,-,0,0.0,0.0,-,920,2021-01-17,2021,01,17,奈良県,西部生涯スポーツセンター体育館,クボタスピアーズ,奈良ドリーマーズ,,川田匠,3,0,3,Win,79,65,79,12:00,13:25,0,高橋憲太郎,上村英紀,宮田裕記,田中清,Away
7,,蓑田蓮,0,,,,,,0,0,0,-,-,0,0,0,-,0,-,0,0,0,0,-,0,0.0,0.0,-,920,2021-01-17,2021,01,17,奈良県,西部生涯スポーツセンター体育館,クボタスピアーズ,奈良ドリーマーズ,,川田匠,3,0,3,Win,79,65,79,12:00,13:25,0,高橋憲太郎,上村英紀,宮田裕記,田中清,Away
8,,野口拓朗,3,■,■,■,,,11,2,1,18.2,0.67,0,0,0,-,1,0.33,11,0,0,0,0.0,40,15.0,12.0,52.5,920,2021-01-17,2021,01,17,奈良県,西部生涯スポーツセンター体育館,クボタスピアーズ,奈良ドリーマーズ,,川田匠,3,0,3,Win,79,65,79,12:00,13:25,0,高橋憲太郎,上村英紀,宮田裕記,田中清,Away
9,,田中誠,3,■,■,■,,,1,0,0,0.0,-,0,0,0,-,2,0.67,18,0,0,5,6.9,0,0.0,0.0,-,920,2021-01-17,2021,01,17,奈良県,西部生涯スポーツセンター体育館,クボタスピアーズ,奈良ドリーマーズ,,川田匠,3,0,3,Win,79,65,79,12:00,13:25,0,高橋憲太郎,上村英紀,宮田裕記,田中清,Away
10,L,寺田晃聖,0,,,,,,0,0,0,-,-,0,0,0,-,0,-,0,0,0,0,-,0,0.0,0.0,-,920,2021-01-17,2021,01,17,奈良県,西部生涯スポーツセンター体育館,クボタスピアーズ,奈良ドリーマーズ,,川田匠,3,0,3,Win,79,65,79,12:00,13:25,0,高橋憲太郎,上村英紀,宮田裕記,田中清,Away
12,,籠樹,1,,,□,,,0,0,0,-,-,0,0,0,-,0,-,3,1,1,1,33.3,0,0.0,0.0,-,920,2021-01-17,2021,01,17,奈良県,西部生涯スポーツセンター体育館,クボタスピアーズ,奈良ドリーマーズ,,川田匠,3,0,3,Win,79,65,79,12:00,13:25,0,高橋憲太郎,上村英紀,宮田裕記,田中清,Away
14,,守山巧,1,,□,,,,0,0,0,-,-,0,0,0,-,0,-,1,0,0,0,0.0,0,0.0,0.0,-,920,2021-01-17,2021,01,17,奈良県,西部生涯スポーツセンター体育館,クボタスピアーズ,奈良ドリーマーズ,,川田匠,3,0,3,Win,79,65,79,12:00,13:25,0,高橋憲太郎,上村英紀,宮田裕記,田中清,Away
16,,谷口裕太郎,0,,,,,,0,0,0,-,-,0,0,0,-,0,-,0,0,0,0,-,0,0.0,0.0,-,920,2021-01-17,2021,01,17,奈良県,西部生涯スポーツセンター体育館,クボタスピアーズ,奈良ドリーマーズ,,川田匠,3,0,3,Win,79,65,79,12:00,13:25,0,高橋憲太郎,上村英紀,宮田裕記,田中清,Away
17,,田中伸哉,0,,,,,,0,0,0,-,-,0,0,0,-,0,-,0,0,0,0,-,0,0.0,0.0,-,920,2021-01-17,2021,01,17,奈良県,西部生涯スポーツセンター体育館,クボタスピアーズ,奈良ドリーマーズ,,川田匠,3,0,3,Win,79,65,79,12:00,13:25,0,高橋憲太郎,上村英紀,宮田裕記,田中清,Away
1,,山本映樹,1,,□,,,,0,0,0,-,-,0,0,0,-,0,-,4,0,0,0,0.0,0,0.0,0.0,-,925,2021-01-17,2021,01,17,奈良県,西部生涯スポーツセンター体育館,近畿クラブスフィーダ,千葉ZELVA,山本映樹,高橋幸造,3,0,3,Win,75,53,69,15:00,16:15,0,高橋憲太郎,中口岳,奥田真弓,的場早紀,Home
3,,河戸俊亮,2,,□,□,,,0,0,0,-,-,0,0,0,-,0,-,0,0,0,0,-,0,0.0,0.0,-,925,2021-01-17,2021,01,17,奈良県,西部生涯スポーツセンター体育館,近畿クラブスフィーダ,千葉ZELVA,山本映樹,高橋幸造,3,0,3,Win,75,53,69,15:00,16:15,0,高橋憲太郎,中口岳,奥田真弓,的場早紀,Home
4,,北村將,2,□,,□,,,0,0,0,-,-,0,0,0,-,0,-,6,0,0,3,12.5,2,0.0,2.0,50.0,925,2021-01-17,2021,01,17,奈良県,西部生涯スポーツセンター体育館,近畿クラブスフィーダ,千葉ZELVA,山本映樹,高橋幸造,3,0,3,Win,75,53,69,15:00,16:15,0,高橋憲太郎,中口岳,奥田真弓,的場早紀,Home
6,,江崎闘愛,2,■,■,,,,18,9,0,50.0,4.50,5,2,0,40.0,1,0.50,4,0,2,1,-6.2,0,0.0,0.0,-,925,2021-01-17,2021,01,17,奈良県,西部生涯スポーツセンター体育館,近畿クラブスフィーダ,千葉ZELVA,山本映樹,高橋幸造,3,0,3,Win,75,53,69,15:00,16:15,0,高橋憲太郎,中口岳,奥田真弓,的場早紀,Home
9,,中野倭,3,■,■,■,,,2,2,0,100.0,0.67,0,0,0,-,2,0.67,15,0,1,3,3.3,0,0.0,0.0,-,925,2021-01-17,2021,01,17,奈良県,西部生涯スポーツセンター体育館,近畿クラブスフィーダ,千葉ZELVA,山本映樹,高橋幸造,3,0,3,Win,75,53,69,15:00,16:15,0,高橋憲太郎,中口岳,奥田真弓,的場早紀,Home
11,,本多駿,3,■,■,■,,,8,4,1,50.0,1.33,1,1,0,100.0,2,0.67,8,0,0,1,3.1,8,4.0,2.0,62.5,925,2021-01-17,2021,01,17,奈良県,西部生涯スポーツセンター体育館,近畿クラブスフィーダ,千葉ZELVA,山本映樹,高橋幸造,3,0,3,Win,75,53,69,15:00,16:15,0,高橋憲太郎,中口岳,奥田真弓,的場早紀,Home
12,,中田雄大,1,□,,,,,0,0,0,-,-,0,0,0,-,0,-,1,0,0,0,0.0,0,0.0,0.0,-,925,2021-01-17,2021,01,17,奈良県,西部生涯スポーツセンター体育館,近畿クラブスフィーダ,千葉ZELVA,山本映樹,高橋幸造,3,0,3,Win,75,53,69,15:00,16:15,0,高橋憲太郎,中口岳,奥田真弓,的場早紀,Home
13,,那須野裕進,1,■,,,,,2,1,0,50.0,1.00,0,0,0,-,1,1.00,3,0,0,1,8.3,0,0.0,0.0,-,925,2021-01-17,2021,01,17,奈良県,西部生涯スポーツセンター体育館,近畿クラブスフィーダ,千葉ZELVA,山本映樹,高橋幸造,3,0,3,Win,75,53,69,15:00,16:15,0,高橋憲太郎,中口岳,奥田真弓,的場早紀,Home
16,L,大原悠,3,●,●,●,,,0,0,0,-,-,0,0,0,-,0,-,0,0,0,0,-,13,9.0,1.0,73.1,925,2021-01-17,2021,01,17,奈良県,西部生涯スポーツセンター体育館,近畿クラブスフィーダ,千葉ZELVA,山本映樹,高橋幸造,3,0,3,Win,75,53,69,15:00,16:15,0,高橋憲太郎,中口岳,奥田真弓,的場早紀,Home
18,,後藤陸翔,3,■,■,□,,,10,7,0,70.0,2.33,2,1,0,50.0,3,1.00,10,0,1,4,7.5,14,6.0,5.0,60.7,925,2021-01-17,2021,01,17,奈良県,西部生涯スポーツセンター体育館,近畿クラブスフィーダ,千葉ZELVA,山本映樹,高橋幸造,3,0,3,Win,75,53,69,15:00,16:15,0,高橋憲太郎,中口岳,奥田真弓,的場早紀,Home
19,,中西武琉,1,,,■,,,8,4,3,50.0,4.00,4,1,3,25.0,0,-,4,0,0,2,12.5,5,2.0,1.0,50.0,925,2021-01-17,2021,01,17,奈良県,西部生涯スポーツセンター体育館,近畿クラブスフィーダ,千葉ZELVA,山本映樹,高橋幸造,3,0,3,Win,75,53,69,15:00,16:15,0,高橋憲太郎,中口岳,奥田真弓,的場早紀,Home
22,,フランシスムヤカバング,3,■,■,■,,,8,7,1,87.5,2.33,0,0,0,-,1,0.33,5,0,2,1,-5.0,0,0.0,0.0,-,925,2021-01-17,2021,01,17,奈良県,西部生涯スポーツセンター体育館,近畿クラブスフィーダ,千葉ZELVA,山本映樹,高橋幸造,3,0,3,Win,75,53,69,15:00,16:15,0,高橋憲太郎,中口岳,奥田真弓,的場早紀,Home
29,,江口颯人,2,,□,■,,,7,4,0,57.1,2.00,2,1,0,50.0,2,1.00,6,0,0,1,4.2,0,0.0,0.0,-,925,2021-01-17,2021,01,17,奈良県,西部生涯スポーツセンター体育館,近畿クラブスフィーダ,千葉ZELVA,山本映樹,高橋幸造,3,0,3,Win,75,53,69,15:00,16:15,0,高橋憲太郎,中口岳,奥田真弓,的場早紀,Home
30,,丸尾翔太,2,,■,■,,,7,4,0,57.1,2.00,0,0,0,-,0,-,8,0,0,0,0.0,0,0.0,0.0,-,925,2021-01-17,2021,01,17,奈良県,西部生涯スポーツセンター体育館,近畿クラブスフィーダ,千葉ZELVA,山本映樹,高橋幸造,3,0,3,Win,75,53,69,15:00,16:15,0,高橋憲太郎,中口岳,奥田真弓,的場早紀,Home
2,,山田誠幸,3,■,■,■,,,5,3,0,60.0,1.00,0,0,0,-,2,0.67,5,0,1,1,0.0,0,0.0,0.0,-,925,2021-01-17,2021,01,17,奈良県,西部生涯スポーツセンター体育館,千葉ZELVA,近畿クラブスフィーダ,上田日登,,0,3,3,Lose,53,75,69,15:00,16:15,0,高橋憲太郎,中口岳,奥田真弓,的場早紀,Away
4,,橋本大海,3,■,■,■,,,17,7,0,41.2,2.33,0,0,0,-,2,0.67,10,1,3,2,7.5,2,1.0,0.0,50.0,925,2021-01-17,2021,01,17,奈良県,西部生涯スポーツセンター体育館,千葉ZELVA,近畿クラブスフィーダ,上田日登,,0,3,3,Lose,53,75,69,15:00,16:15,0,高橋憲太郎,中口岳,奥田真弓,的場早紀,Away
5,,板橋健之,3,■,■,■,,,1,1,0,100.0,0.33,0,0,0,-,0,-,8,0,1,1,0.0,0,0.0,0.0,-,925,2021-01-17,2021,01,17,奈良県,西部生涯スポーツセンター体育館,千葉ZELVA,近畿クラブスフィーダ,上田日登,,0,3,3,Lose,53,75,69,15:00,16:15,0,高橋憲太郎,中口岳,奥田真弓,的場早紀,Away
6,L,野澤辰義,3,●,●,●,,,0,0,0,-,-,0,0,0,-,0,-,0,0,0,0,-,16,6.0,5.0,53.1,925,2021-01-17,2021,01,17,奈良県,西部生涯スポーツセンター体育館,千葉ZELVA,近畿クラブスフィーダ,上田日登,,0,3,3,Lose,53,75,69,15:00,16:15,0,高橋憲太郎,中口岳,奥田真弓,的場早紀,Away
7,,齋藤貴紀,2,□,,□,,,0,0,0,-,-,0,0,0,-,0,-,4,0,0,0,0.0,0,0.0,0.0,-,925,2021-01-17,2021,01,17,奈良県,西部生涯スポーツセンター体育館,千葉ZELVA,近畿クラブスフィーダ,上田日登,,0,3,3,Lose,53,75,69,15:00,16:15,0,高橋憲太郎,中口岳,奥田真弓,的場早紀,Away
8,,村松俊輔,3,■,■,■,,,33,12,6,36.4,4.00,10,5,2,50.0,0,-,7,0,0,1,3.6,2,1.0,0.0,50.0,925,2021-01-17,2021,01,17,奈良県,西部生涯スポーツセンター体育館,千葉ZELVA,近畿クラブスフィーダ,上田日登,,0,3,3,Lose,53,75,69,15:00,16:15,0,高橋憲太郎,中口岳,奥田真弓,的場早紀,Away
11,,福澤直己,3,□,□,■,,,5,0,1,0.0,-,2,0,0,0.0,0,-,1,0,0,0,0.0,0,0.0,0.0,-,925,2021-01-17,2021,01,17,奈良県,西部生涯スポーツセンター体育館,千葉ZELVA,近畿クラブスフィーダ,上田日登,,0,3,3,Lose,53,75,69,15:00,16:15,0,高橋憲太郎,中口岳,奥田真弓,的場早紀,Away
12,,大町和幸,0,,,,,,0,0,0,-,-,0,0,0,-,0,-,0,0,0,0,-,0,0.0,0.0,-,925,2021-01-17,2021,01,17,奈良県,西部生涯スポーツセンター体育館,千葉ZELVA,近畿クラブスフィーダ,上田日登,,0,3,3,Lose,53,75,69,15:00,16:15,0,高橋憲太郎,中口岳,奥田真弓,的場早紀,Away
14,,紀之定俊輔,1,,□,,,,0,0,0,-,-,0,0,0,-,0,-,1,0,0,0,0.0,0,0.0,0.0,-,925,2021-01-17,2021,01,17,奈良県,西部生涯スポーツセンター体育館,千葉ZELVA,近畿クラブスフィーダ,上田日登,,0,3,3,Lose,53,75,69,15:00,16:15,0,高橋憲太郎,中口岳,奥田真弓,的場早紀,Away
18,,高田晋作,3,■,■,■,,,19,9,1,47.4,3.00,0,0,0,-,0,-,9,1,2,2,11.1,19,5.0,9.0,50.0,925,2021-01-17,2021,01,17,奈良県,西部生涯スポーツセンター体育館,千葉ZELVA,近畿クラブスフィーダ,上田日登,,0,3,3,Lose,53,75,69,15:00,16:15,0,高橋憲太郎,中口岳,奥田真弓,的場早紀,Away
20,,杉﨑大和,3,■,■,□,,,15,4,0,26.7,1.33,2,0,0,0.0,0,-,8,0,3,3,0.0,29,11.0,13.0,60.3,925,2021-01-17,2021,01,17,奈良県,西部生涯スポーツセンター体育館,千葉ZELVA,近畿クラブスフィーダ,上田日登,,0,3,3,Lose,53,75,69,15:00,16:15,0,高橋憲太郎,中口岳,奥田真弓,的場早紀,Away
21,,上田日登,0,,,,,,0,0,0,-,-,0,0,0,-,0,-,0,0,0,0,-,0,0.0,0.0,-,925,2021-01-17,2021,01,17,奈良県,西部生涯スポーツセンター体育館,千葉ZELVA,近畿クラブスフィーダ,上田日登,,0,3,3,Lose,53,75,69,15:00,16:15,0,高橋憲太郎,中口岳,奥田真弓,的場早紀,Away
23,,羽富琉偉,1,,,□,,,0,0,0,-,-,0,0,0,-,0,-,1,0,0,0,0.0,0,0.0,0.0,-,925,2021-01-17,2021,01,17,奈良県,西部生涯スポーツセンター体育館,千葉ZELVA,近畿クラブスフィーダ,上田日登,,0,3,3,Lose,53,75,69,15:00,16:15,0,高橋憲太郎,中口岳,奥田真弓,的場早紀,Away
1,,鎌苅翔,4,■,■,■,■,,15,8,1,53.3,2.00,1,0,0,0.0,2,0.50,13,0,0,4,7.7,2,0.0,1.0,25.0,928,2021-02-06,2021,02,06,大阪府,住吉スポーツセンター,クボタスピアーズ,近畿クラブスフィーダ,川田匠,荒枝和紀,1,3,4,Lose,90,96,103,13:00,14:52,0,石井洋壮,佐伯昌昭,辻本貴大,和佐田信行,Home
2,,赤松圭介,4,■,■,■,■,,58,32,7,55.2,8.00,18,8,4,44.4,2,0.50,11,0,4,3,-2.3,0,0.0,0.0,-,928,2021-02-06,2021,02,06,大阪府,住吉スポーツセンター,クボタスピアーズ,近畿クラブスフィーダ,川田匠,荒枝和紀,1,3,4,Lose,90,96,103,13:00,14:52,0,石井洋壮,佐伯昌昭,辻本貴大,和佐田信行,Home
3,L,早瀬川雄也,4,●,●,●,●,,0,0,0,-,-,0,0,0,-,0,-,0,0,0,0,-,18,7.0,8.0,61.1,928,2021-02-06,2021,02,06,大阪府,住吉スポーツセンター,クボタスピアーズ,近畿クラブスフィーダ,川田匠,荒枝和紀,1,3,4,Lose,90,96,103,13:00,14:52,0,石井洋壮,佐伯昌昭,辻本貴大,和佐田信行,Home
4,,岡崎誠,4,■,■,■,■,,15,6,2,40.0,1.50,0,0,0,-,2,0.50,14,0,1,4,5.4,5,3.0,0.0,60.0,928,2021-02-06,2021,02,06,大阪府,住吉スポーツセンター,クボタスピアーズ,近畿クラブスフィーダ,川田匠,荒枝和紀,1,3,4,Lose,90,96,103,13:00,14:52,0,石井洋壮,佐伯昌昭,辻本貴大,和佐田信行,Home
5,,丸一達也,4,■,■,■,■,,16,5,0,31.2,1.25,0,0,0,-,2,0.50,14,0,2,2,0.0,0,0.0,0.0,-,928,2021-02-06,2021,02,06,大阪府,住吉スポーツセンター,クボタスピアーズ,近畿クラブスフィーダ,川田匠,荒枝和紀,1,3,4,Lose,90,96,103,13:00,14:52,0,石井洋壮,佐伯昌昭,辻本貴大,和佐田信行,Home
6,,阪根彩斗,2,,□,,□,,3,0,1,0.0,-,0,0,0,-,0,-,5,0,1,0,-5.0,3,1.0,2.0,66.7,928,2021-02-06,2021,02,06,大阪府,住吉スポーツセンター,クボタスピアーズ,近畿クラブスフィーダ,川田匠,荒枝和紀,1,3,4,Lose,90,96,103,13:00,14:52,0,石井洋壮,佐伯昌昭,辻本貴大,和佐田信行,Home
7,,蓑田蓮,3,,□,□,■,,1,0,0,0.0,-,0,0,0,-,0,-,7,0,0,0,0.0,0,0.0,0.0,-,928,2021-02-06,2021,02,06,大阪府,住吉スポーツセンター,クボタスピアーズ,近畿クラブスフィーダ,川田匠,荒枝和紀,1,3,4,Lose,90,96,103,13:00,14:52,0,石井洋壮,佐伯昌昭,辻本貴大,和佐田信行,Home
8,,野口拓朗,2,■,■,,,,6,2,0,33.3,1.00,0,0,0,-,1,0.50,6,0,1,1,0.0,32,18.0,3.0,60.9,928,2021-02-06,2021,02,06,大阪府,住吉スポーツセンター,クボタスピアーズ,近畿クラブスフィーダ,川田匠,荒枝和紀,1,3,4,Lose,90,96,103,13:00,14:52,0,石井洋壮,佐伯昌昭,辻本貴大,和佐田信行,Home
9,,田中誠,3,■,■,■,,,2,1,0,50.0,0.33,0,0,0,-,2,0.67,9,1,1,3,16.7,2,0.0,0.0,0.0,928,2021-02-06,2021,02,06,大阪府,住吉スポーツセンター,クボタスピアーズ,近畿クラブスフィーダ,川田匠,荒枝和紀,1,3,4,Lose,90,96,103,13:00,14:52,0,石井洋壮,佐伯昌昭,辻本貴大,和佐田信行,Home
10,L,寺田晃聖,1,,,,〇,,0,0,0,-,-,0,0,0,-,0,-,0,0,0,0,-,7,1.0,4.0,42.9,928,2021-02-06,2021,02,06,大阪府,住吉スポーツセンター,クボタスピアーズ,近畿クラブスフィーダ,川田匠,荒枝和紀,1,3,4,Lose,90,96,103,13:00,14:52,0,石井洋壮,佐伯昌昭,辻本貴大,和佐田信行,Home
12,,籠樹,2,□,,,□,,0,0,0,-,-,0,0,0,-,0,-,2,0,0,0,0.0,0,0.0,0.0,-,928,2021-02-06,2021,02,06,大阪府,住吉スポーツセンター,クボタスピアーズ,近畿クラブスフィーダ,川田匠,荒枝和紀,1,3,4,Lose,90,96,103,13:00,14:52,0,石井洋壮,佐伯昌昭,辻本貴大,和佐田信行,Home
14,,守山巧,0,,,,,,0,0,0,-,-,0,0,0,-,0,-,0,0,0,0,-,0,0.0,0.0,-,928,2021-02-06,2021,02,06,大阪府,住吉スポーツセンター,クボタスピアーズ,近畿クラブスフィーダ,川田匠,荒枝和紀,1,3,4,Lose,90,96,103,13:00,14:52,0,石井洋壮,佐伯昌昭,辻本貴大,和佐田信行,Home
16,,谷口裕太郎,2,,,□,□,,1,0,0,0.0,-,0,0,0,-,0,-,2,0,1,0,-12.5,0,0.0,0.0,-,928,2021-02-06,2021,02,06,大阪府,住吉スポーツセンター,クボタスピアーズ,近畿クラブスフィーダ,川田匠,荒枝和紀,1,3,4,Lose,90,96,103,13:00,14:52,0,石井洋壮,佐伯昌昭,辻本貴大,和佐田信行,Home
17,,田中伸哉,3,,□,■,■,,10,1,2,10.0,0.33,0,0,0,-,1,0.33,8,0,0,1,3.1,17,15.0,1.0,91.2,928,2021-02-06,2021,02,06,大阪府,住吉スポーツセンター,クボタスピアーズ,近畿クラブスフィーダ,川田匠,荒枝和紀,1,3,4,Lose,90,96,103,13:00,14:52,0,石井洋壮,佐伯昌昭,辻本貴大,和佐田信行,Home
0,,東野朋慶,3,□,□,□,,,0,0,0,-,-,0,0,0,-,0,-,4,0,1,1,0.0,0,0.0,0.0,-,928,2021-02-06,2021,02,06,大阪府,住吉スポーツセンター,近畿クラブスフィーダ,クボタスピアーズ,山本映樹,高橋幸造,3,1,4,Win,96,90,103,13:00,14:52,0,石井洋壮,佐伯昌昭,辻本貴大,和佐田信行,Away
2,,中村洸稀,4,■,■,■,■,,37,19,3,51.4,4.75,3,2,1,66.7,1,0.25,11,0,2,3,2.3,2,1.0,0.0,50.0,928,2021-02-06,2021,02,06,大阪府,住吉スポーツセンター,近畿クラブスフィーダ,クボタスピアーズ,山本映樹,高橋幸造,3,1,4,Win,96,90,103,13:00,14:52,0,石井洋壮,佐伯昌昭,辻本貴大,和佐田信行,Away
3,,河戸俊亮,2,■,,,■,,5,1,1,20.0,0.50,0,0,0,-,1,0.50,5,0,0,0,0.0,0,0.0,0.0,-,928,2021-02-06,2021,02,06,大阪府,住吉スポーツセンター,近畿クラブスフィーダ,クボタスピアーズ,山本映樹,高橋幸造,3,1,4,Win,96,90,103,13:00,14:52,0,石井洋壮,佐伯昌昭,辻本貴大,和佐田信行,Away
4,,北村將,4,□,□,□,□,,0,0,0,-,-,0,0,0,-,0,-,6,0,0,1,4.2,4,2.0,1.0,62.5,928,2021-02-06,2021,02,06,大阪府,住吉スポーツセンター,近畿クラブスフィーダ,クボタスピアーズ,山本映樹,高橋幸造,3,1,4,Win,96,90,103,13:00,14:52,0,石井洋壮,佐伯昌昭,辻本貴大,和佐田信行,Away
6,,江崎闘愛,1,,,□,,,2,1,0,50.0,1.00,0,0,0,-,0,-,0,0,0,0,-,1,1.0,0.0,100.0,928,2021-02-06,2021,02,06,大阪府,住吉スポーツセンター,近畿クラブスフィーダ,クボタスピアーズ,山本映樹,高橋幸造,3,1,4,Win,96,90,103,13:00,14:52,0,石井洋壮,佐伯昌昭,辻本貴大,和佐田信行,Away
9,,中野倭,3,,■,■,■,,2,1,0,50.0,0.33,0,0,0,-,0,-,18,0,0,3,4.2,0,0.0,0.0,-,928,2021-02-06,2021,02,06,大阪府,住吉スポーツセンター,近畿クラブスフィーダ,クボタスピアーズ,山本映樹,高橋幸造,3,1,4,Win,96,90,103,13:00,14:52,0,石井洋壮,佐伯昌昭,辻本貴大,和佐田信行,Away
11,,本多駿,4,■,■,■,■,,32,12,2,37.5,3.00,11,4,2,36.4,1,0.25,15,0,1,6,8.3,7,3.0,2.0,57.1,928,2021-02-06,2021,02,06,大阪府,住吉スポーツセンター,近畿クラブスフィーダ,クボタスピアーズ,山本映樹,高橋幸造,3,1,4,Win,96,90,103,13:00,14:52,0,石井洋壮,佐伯昌昭,辻本貴大,和佐田信行,Away
12,,中田雄大,3,■,□,,□,,0,0,0,-,-,0,0,0,-,0,-,7,0,0,1,3.6,0,0.0,0.0,-,928,2021-02-06,2021,02,06,大阪府,住吉スポーツセンター,近畿クラブスフィーダ,クボタスピアーズ,山本映樹,高橋幸造,3,1,4,Win,96,90,103,13:00,14:52,0,石井洋壮,佐伯昌昭,辻本貴大,和佐田信行,Away
13,,那須野裕進,2,■,■,,,,7,2,0,28.6,1.00,0,0,0,-,2,1.00,4,0,0,0,0.0,0,0.0,0.0,-,928,2021-02-06,2021,02,06,大阪府,住吉スポーツセンター,近畿クラブスフィーダ,クボタスピアーズ,山本映樹,高橋幸造,3,1,4,Win,96,90,103,13:00,14:52,0,石井洋壮,佐伯昌昭,辻本貴大,和佐田信行,Away
16,L,大原悠,4,●,●,●,●,,0,0,0,-,-,0,0,0,-,0,-,0,0,0,0,-,28,17.0,6.0,71.4,928,2021-02-06,2021,02,06,大阪府,住吉スポーツセンター,近畿クラブスフィーダ,クボタスピアーズ,山本映樹,高橋幸造,3,1,4,Win,96,90,103,13:00,14:52,0,石井洋壮,佐伯昌昭,辻本貴大,和佐田信行,Away
18,,後藤陸翔,3,,■,■,■,,19,11,2,57.9,3.67,3,3,0,100.0,0,-,10,0,1,5,10.0,28,16.0,6.0,67.9,928,2021-02-06,2021,02,06,大阪府,住吉スポーツセンター,近畿クラブスフィーダ,クボタスピアーズ,山本映樹,高橋幸造,3,1,4,Win,96,90,103,13:00,14:52,0,石井洋壮,佐伯昌昭,辻本貴大,和佐田信行,Away
19,,中西武琉,2,■,,,□,,4,3,0,75.0,1.50,0,0,0,-,0,-,5,0,2,1,-5.0,8,2.0,4.0,50.0,928,2021-02-06,2021,02,06,大阪府,住吉スポーツセンター,近畿クラブスフィーダ,クボタスピアーズ,山本映樹,高橋幸造,3,1,4,Win,96,90,103,13:00,14:52,0,石井洋壮,佐伯昌昭,辻本貴大,和佐田信行,Away
22,,フランシスムヤカバング,2,,,■,■,,7,2,1,28.6,1.00,0,0,0,-,1,0.50,4,0,2,0,-12.5,0,0.0,0.0,-,928,2021-02-06,2021,02,06,大阪府,住吉スポーツセンター,近畿クラブスフィーダ,クボタスピアーズ,山本映樹,高橋幸造,3,1,4,Win,96,90,103,13:00,14:52,0,石井洋壮,佐伯昌昭,辻本貴大,和佐田信行,Away
29,,江口颯人,2,,■,■,,,7,3,1,42.9,1.50,0,0,0,-,5,2.50,6,0,0,1,4.2,1,0.0,0.0,0.0,928,2021-02-06,2021,02,06,大阪府,住吉スポーツセンター,近畿クラブスフィーダ,クボタスピアーズ,山本映樹,高橋幸造,3,1,4,Win,96,90,103,13:00,14:52,0,石井洋壮,佐伯昌昭,辻本貴大,和佐田信行,Away
1,,渡邊徹,0,,,,,,0,0,0,-,-,0,0,0,-,0,-,0,0,0,0,-,0,0.0,0.0,-,918,2021-02-06,2021,02,06,大阪府,住吉スポーツセンター,奈良ドリーマーズ,千葉ZELVA,言上真一,丹下雅行,0,3,3,Lose,67,76,78,16:00,17:24,0,石井洋壮,田中崇博,吉川耕平,中村滉伊知,Home
2,,言上真一,0,,,,,,0,0,0,-,-,0,0,0,-,0,-,0,0,0,0,-,0,0.0,0.0,-,918,2021-02-06,2021,02,06,大阪府,住吉スポーツセンター,奈良ドリーマーズ,千葉ZELVA,言上真一,丹下雅行,0,3,3,Lose,67,76,78,16:00,17:24,0,石井洋壮,田中崇博,吉川耕平,中村滉伊知,Home
4,,下町浩二,3,■,■,■,,,7,4,0,57.1,1.33,0,0,0,-,0,-,11,0,0,2,4.5,0,0.0,0.0,-,918,2021-02-06,2021,02,06,大阪府,住吉スポーツセンター,奈良ドリーマーズ,千葉ZELVA,言上真一,丹下雅行,0,3,3,Lose,67,76,78,16:00,17:24,0,石井洋壮,田中崇博,吉川耕平,中村滉伊知,Home
6,,中山雄介,0,,,,,,0,0,0,-,-,0,0,0,-,0,-,0,0,0,0,-,0,0.0,0.0,-,918,2021-02-06,2021,02,06,大阪府,住吉スポーツセンター,奈良ドリーマーズ,千葉ZELVA,言上真一,丹下雅行,0,3,3,Lose,67,76,78,16:00,17:24,0,石井洋壮,田中崇博,吉川耕平,中村滉伊知,Home
7,,有津翔太,3,■,■,■,,,15,8,1,53.3,2.67,1,0,0,0.0,2,0.67,8,0,1,4,9.4,1,0.0,0.0,0.0,918,2021-02-06,2021,02,06,大阪府,住吉スポーツセンター,奈良ドリーマーズ,千葉ZELVA,言上真一,丹下雅行,0,3,3,Lose,67,76,78,16:00,17:24,0,石井洋壮,田中崇博,吉川耕平,中村滉伊知,Home
9,,高橋和希,3,■,■,■,,,12,1,2,8.3,0.33,0,0,0,-,1,0.33,11,0,2,2,0.0,12,4.0,6.0,58.3,918,2021-02-06,2021,02,06,大阪府,住吉スポーツセンター,奈良ドリーマーズ,千葉ZELVA,言上真一,丹下雅行,0,3,3,Lose,67,76,78,16:00,17:24,0,石井洋壮,田中崇博,吉川耕平,中村滉伊知,Home
11,,後藤和志,2,,□,□,,,5,3,1,60.0,1.50,1,0,1,0.0,0,-,6,0,1,1,0.0,0,0.0,0.0,-,918,2021-02-06,2021,02,06,大阪府,住吉スポーツセンター,奈良ドリーマーズ,千葉ZELVA,言上真一,丹下雅行,0,3,3,Lose,67,76,78,16:00,17:24,0,石井洋壮,田中崇博,吉川耕平,中村滉伊知,Home
12,,川村幸司,0,,,,,,0,0,0,-,-,0,0,0,-,0,-,0,0,0,0,-,0,0.0,0.0,-,918,2021-02-06,2021,02,06,大阪府,住吉スポーツセンター,奈良ドリーマーズ,千葉ZELVA,言上真一,丹下雅行,0,3,3,Lose,67,76,78,16:00,17:24,0,石井洋壮,田中崇博,吉川耕平,中村滉伊知,Home
14,L,杉谷祐磨,0,,,,,,0,0,0,-,-,0,0,0,-,0,-,0,0,0,0,-,0,0.0,0.0,-,918,2021-02-06,2021,02,06,大阪府,住吉スポーツセンター,奈良ドリーマーズ,千葉ZELVA,言上真一,丹下雅行,0,3,3,Lose,67,76,78,16:00,17:24,0,石井洋壮,田中崇博,吉川耕平,中村滉伊知,Home
15,,上竣,3,■,■,■,,,21,7,5,33.3,2.33,8,2,2,25.0,0,-,6,1,2,2,16.7,0,0.0,0.0,-,918,2021-02-06,2021,02,06,大阪府,住吉スポーツセンター,奈良ドリーマーズ,千葉ZELVA,言上真一,丹下雅行,0,3,3,Lose,67,76,78,16:00,17:24,0,石井洋壮,田中崇博,吉川耕平,中村滉伊知,Home
16,,片野坂拓人,3,■,■,■,,,25,11,7,44.0,3.67,5,1,2,20.0,1,0.33,16,1,1,7,15.6,17,8.0,4.0,58.8,918,2021-02-06,2021,02,06,大阪府,住吉スポーツセンター,奈良ドリーマーズ,千葉ZELVA,言上真一,丹下雅行,0,3,3,Lose,67,76,78,16:00,17:24,0,石井洋壮,田中崇博,吉川耕平,中村滉伊知,Home
17,,碩幸輝,3,□,□,■,,,4,2,0,50.0,0.67,0,0,0,-,0,-,5,0,0,2,10.0,11,4.0,4.0,54.5,918,2021-02-06,2021,02,06,大阪府,住吉スポーツセンター,奈良ドリーマーズ,千葉ZELVA,言上真一,丹下雅行,0,3,3,Lose,67,76,78,16:00,17:24,0,石井洋壮,田中崇博,吉川耕平,中村滉伊知,Home
18,,南本大貴,2,■,■,,,,0,0,0,-,-,0,0,0,-,0,-,5,0,0,3,15.0,0,0.0,0.0,-,918,2021-02-06,2021,02,06,大阪府,住吉スポーツセンター,奈良ドリーマーズ,千葉ZELVA,言上真一,丹下雅行,0,3,3,Lose,67,76,78,16:00,17:24,0,石井洋壮,田中崇博,吉川耕平,中村滉伊知,Home
19,L,石渡瑛法,3,●,●,●,,,0,0,0,-,-,0,0,0,-,0,-,0,0,0,0,-,18,4.0,9.0,47.2,918,2021-02-06,2021,02,06,大阪府,住吉スポーツセンター,奈良ドリーマーズ,千葉ZELVA,言上真一,丹下雅行,0,3,3,Lose,67,76,78,16:00,17:24,0,石井洋壮,田中崇博,吉川耕平,中村滉伊知,Home
2,,山田誠幸,2,,□,□,,,4,2,0,50.0,1.00,0,0,0,-,1,0.50,4,0,0,1,6.2,0,0.0,0.0,-,918,2021-02-06,2021,02,06,大阪府,住吉スポーツセンター,千葉ZELVA,奈良ドリーマーズ,上田日登,,3,0,3,Win,76,67,78,16:00,17:24,0,石井洋壮,田中崇博,吉川耕平,中村滉伊知,Away
3,,齋藤貴大,3,■,■,■,,,6,4,0,66.7,1.33,0,0,0,-,3,1.00,7,0,2,1,-3.6,0,0.0,0.0,-,918,2021-02-06,2021,02,06,大阪府,住吉スポーツセンター,千葉ZELVA,奈良ドリーマーズ,上田日登,,3,0,3,Win,76,67,78,16:00,17:24,0,石井洋壮,田中崇博,吉川耕平,中村滉伊知,Away
4,,橋本大海,3,■,■,■,,,14,7,1,50.0,2.33,0,0,0,-,3,1.00,15,1,3,3,6.7,0,0.0,0.0,-,918,2021-02-06,2021,02,06,大阪府,住吉スポーツセンター,千葉ZELVA,奈良ドリーマーズ,上田日登,,3,0,3,Win,76,67,78,16:00,17:24,0,石井洋壮,田中崇博,吉川耕平,中村滉伊知,Away
5,,板橋健之,2,,□,□,,,0,0,0,-,-,0,0,0,-,0,-,2,0,1,0,-12.5,0,0.0,0.0,-,918,2021-02-06,2021,02,06,大阪府,住吉スポーツセンター,千葉ZELVA,奈良ドリーマーズ,上田日登,,3,0,3,Win,76,67,78,16:00,17:24,0,石井洋壮,田中崇博,吉川耕平,中村滉伊知,Away
6,L,野澤辰義,3,●,●,●,,,0,0,0,-,-,0,0,0,-,0,-,0,0,0,0,-,24,10.0,9.0,60.4,918,2021-02-06,2021,02,06,大阪府,住吉スポーツセンター,千葉ZELVA,奈良ドリーマーズ,上田日登,,3,0,3,Win,76,67,78,16:00,17:24,0,石井洋壮,田中崇博,吉川耕平,中村滉伊知,Away
7,,齋藤貴紀,2,□,□,,,,0,0,0,-,-,0,0,0,-,0,-,4,0,1,1,0.0,0,0.0,0.0,-,918,2021-02-06,2021,02,06,大阪府,住吉スポーツセンター,千葉ZELVA,奈良ドリーマーズ,上田日登,,3,0,3,Win,76,67,78,16:00,17:24,0,石井洋壮,田中崇博,吉川耕平,中村滉伊知,Away
8,,村松俊輔,3,■,■,■,,,18,8,1,44.4,2.67,6,1,1,16.7,1,0.33,13,1,2,2,7.7,0,0.0,0.0,-,918,2021-02-06,2021,02,06,大阪府,住吉スポーツセンター,千葉ZELVA,奈良ドリーマーズ,上田日登,,3,0,3,Win,76,67,78,16:00,17:24,0,石井洋壮,田中崇博,吉川耕平,中村滉伊知,Away
10,,吉岡佳徳,3,■,■,■,,,0,0,0,-,-,0,0,0,-,0,-,5,0,0,1,5.0,1,0.0,0.0,0.0,918,2021-02-06,2021,02,06,大阪府,住吉スポーツセンター,千葉ZELVA,奈良ドリーマーズ,上田日登,,3,0,3,Win,76,67,78,16:00,17:24,0,石井洋壮,田中崇博,吉川耕平,中村滉伊知,Away
11,,福澤直己,1,,,□,,,4,1,0,25.0,1.00,1,0,0,0.0,0,-,1,0,0,1,25.0,0,0.0,0.0,-,918,2021-02-06,2021,02,06,大阪府,住吉スポーツセンター,千葉ZELVA,奈良ドリーマーズ,上田日登,,3,0,3,Win,76,67,78,16:00,17:24,0,石井洋壮,田中崇博,吉川耕平,中村滉伊知,Away
12,,大町和幸,1,■,,,,,11,4,0,36.4,4.00,0,0,0,-,0,-,3,0,0,0,0.0,3,0.0,1.0,16.7,918,2021-02-06,2021,02,06,大阪府,住吉スポーツセンター,千葉ZELVA,奈良ドリーマーズ,上田日登,,3,0,3,Win,76,67,78,16:00,17:24,0,石井洋壮,田中崇博,吉川耕平,中村滉伊知,Away
14,,紀之定俊輔,0,,,,,,0,0,0,-,-,0,0,0,-,0,-,0,0,0,0,-,0,0.0,0.0,-,918,2021-02-06,2021,02,06,大阪府,住吉スポーツセンター,千葉ZELVA,奈良ドリーマーズ,上田日登,,3,0,3,Win,76,67,78,16:00,17:24,0,石井洋壮,田中崇博,吉川耕平,中村滉伊知,Away
18,,高田晋作,2,,■,■,,,11,3,1,27.3,1.50,0,0,0,-,2,1.00,5,0,0,2,10.0,10,0.0,3.0,15.0,918,2021-02-06,2021,02,06,大阪府,住吉スポーツセンター,千葉ZELVA,奈良ドリーマーズ,上田日登,,3,0,3,Win,76,67,78,16:00,17:24,0,石井洋壮,田中崇博,吉川耕平,中村滉伊知,Away
20,,杉﨑大和,3,■,■,■,,,16,6,3,37.5,2.00,3,1,1,33.3,0,-,16,0,5,4,-1.6,23,4.0,11.0,41.3,918,2021-02-06,2021,02,06,大阪府,住吉スポーツセンター,千葉ZELVA,奈良ドリーマーズ,上田日登,,3,0,3,Win,76,67,78,16:00,17:24,0,石井洋壮,田中崇博,吉川耕平,中村滉伊知,Away
23,,羽富琉偉,0,,,,,,0,0,0,-,-,0,0,0,-,0,-,0,0,0,0,-,0,0.0,0.0,-,918,2021-02-06,2021,02,06,大阪府,住吉スポーツセンター,千葉ZELVA,奈良ドリーマーズ,上田日登,,3,0,3,Win,76,67,78,16:00,17:24,0,石井洋壮,田中崇博,吉川耕平,中村滉伊知,Away
1,,鎌苅翔,5,■,■,■,■,■,17,5,1,29.4,1.00,0,0,0,-,3,0.60,11,0,1,1,0.0,8,6.0,2.0,87.5,936,2021-02-07,2021,02,07,大阪府,住吉スポーツセンター,クボタスピアーズ,千葉ZELVA,川田匠,荒枝和紀,2,3,5,Lose,104,100,131,12:00,14:23,0,石井洋壮,辻本貴大,吉川耕平,加藤純司,Home
2,,赤松圭介,5,■,■,■,■,■,54,29,3,53.7,5.80,17,5,3,29.4,3,0.60,16,0,2,2,0.0,0,0.0,0.0,-,936,2021-02-07,2021,02,07,大阪府,住吉スポーツセンター,クボタスピアーズ,千葉ZELVA,川田匠,荒枝和紀,2,3,5,Lose,104,100,131,12:00,14:23,0,石井洋壮,辻本貴大,吉川耕平,加藤純司,Home
3,L,早瀬川雄也,4,●,●,●,●,,0,0,0,-,-,0,0,0,-,0,-,0,0,0,0,-,13,6.0,2.0,53.8,936,2021-02-07,2021,02,07,大阪府,住吉スポーツセンター,クボタスピアーズ,千葉ZELVA,川田匠,荒枝和紀,2,3,5,Lose,104,100,131,12:00,14:23,0,石井洋壮,辻本貴大,吉川耕平,加藤純司,Home
4,,岡崎誠,5,■,■,■,■,■,18,6,2,33.3,1.20,0,0,0,-,2,0.40,27,2,5,8,10.2,18,6.0,3.0,41.7,936,2021-02-07,2021,02,07,大阪府,住吉スポーツセンター,クボタスピアーズ,千葉ZELVA,川田匠,荒枝和紀,2,3,5,Lose,104,100,131,12:00,14:23,0,石井洋壮,辻本貴大,吉川耕平,加藤純司,Home
5,,丸一達也,5,■,■,■,■,■,13,7,1,53.8,1.40,0,0,0,-,3,0.60,13,0,5,3,-3.8,0,0.0,0.0,-,936,2021-02-07,2021,02,07,大阪府,住吉スポーツセンター,クボタスピアーズ,千葉ZELVA,川田匠,荒枝和紀,2,3,5,Lose,104,100,131,12:00,14:23,0,石井洋壮,辻本貴大,吉川耕平,加藤純司,Home
6,,阪根彩斗,0,,,,,,0,0,0,-,-,0,0,0,-,0,-,0,0,0,0,-,0,0.0,0.0,-,936,2021-02-07,2021,02,07,大阪府,住吉スポーツセンター,クボタスピアーズ,千葉ZELVA,川田匠,荒枝和紀,2,3,5,Lose,104,100,131,12:00,14:23,0,石井洋壮,辻本貴大,吉川耕平,加藤純司,Home
7,,蓑田蓮,1,,,,□,,0,0,0,-,-,0,0,0,-,0,-,1,0,0,0,0.0,0,0.0,0.0,-,936,2021-02-07,2021,02,07,大阪府,住吉スポーツセンター,クボタスピアーズ,千葉ZELVA,川田匠,荒枝和紀,2,3,5,Lose,104,100,131,12:00,14:23,0,石井洋壮,辻本貴大,吉川耕平,加藤純司,Home
8,,野口拓朗,5,■,■,■,■,■,20,7,2,35.0,1.40,0,0,0,-,1,0.20,17,0,0,0,0.0,35,17.0,1.0,50.0,936,2021-02-07,2021,02,07,大阪府,住吉スポーツセンター,クボタスピアーズ,千葉ZELVA,川田匠,荒枝和紀,2,3,5,Lose,104,100,131,12:00,14:23,0,石井洋壮,辻本貴大,吉川耕平,加藤純司,Home
9,,田中誠,5,■,■,■,■,■,4,3,1,75.0,0.60,0,0,0,-,1,0.20,14,0,2,5,5.4,2,0.0,0.0,0.0,936,2021-02-07,2021,02,07,大阪府,住吉スポーツセンター,クボタスピアーズ,千葉ZELVA,川田匠,荒枝和紀,2,3,5,Lose,104,100,131,12:00,14:23,0,石井洋壮,辻本貴大,吉川耕平,加藤純司,Home
10,L,寺田晃聖,2,,,,〇,●,0,0,0,-,-,0,0,0,-,0,-,0,0,0,0,-,6,2.0,3.0,58.3,936,2021-02-07,2021,02,07,大阪府,住吉スポーツセンター,クボタスピアーズ,千葉ZELVA,川田匠,荒枝和紀,2,3,5,Lose,104,100,131,12:00,14:23,0,石井洋壮,辻本貴大,吉川耕平,加藤純司,Home
12,,籠樹,2,,□,,,□,0,0,0,-,-,0,0,0,-,0,-,3,0,0,0,0.0,0,0.0,0.0,-,936,2021-02-07,2021,02,07,大阪府,住吉スポーツセンター,クボタスピアーズ,千葉ZELVA,川田匠,荒枝和紀,2,3,5,Lose,104,100,131,12:00,14:23,0,石井洋壮,辻本貴大,吉川耕平,加藤純司,Home
14,,守山巧,1,,,,□,,0,0,0,-,-,0,0,0,-,0,-,1,0,1,0,-25.0,0,0.0,0.0,-,936,2021-02-07,2021,02,07,大阪府,住吉スポーツセンター,クボタスピアーズ,千葉ZELVA,川田匠,荒枝和紀,2,3,5,Lose,104,100,131,12:00,14:23,0,石井洋壮,辻本貴大,吉川耕平,加藤純司,Home
16,,谷口裕太郎,0,,,,,,0,0,0,-,-,0,0,0,-,0,-,0,0,0,0,-,0,0.0,0.0,-,936,2021-02-07,2021,02,07,大阪府,住吉スポーツセンター,クボタスピアーズ,千葉ZELVA,川田匠,荒枝和紀,2,3,5,Lose,104,100,131,12:00,14:23,0,石井洋壮,辻本貴大,吉川耕平,加藤純司,Home
17,,田中伸哉,1,,,,□,,0,0,0,-,-,0,0,0,-,0,-,1,0,0,0,0.0,0,0.0,0.0,-,936,2021-02-07,2021,02,07,大阪府,住吉スポーツセンター,クボタスピアーズ,千葉ZELVA,川田匠,荒枝和紀,2,3,5,Lose,104,100,131,12:00,14:23,0,石井洋壮,辻本貴大,吉川耕平,加藤純司,Home
2,,山田誠幸,2,,,□,■,,4,0,0,0.0,-,0,0,0,-,2,1.00,1,0,0,0,0.0,0,0.0,0.0,-,936,2021-02-07,2021,02,07,大阪府,住吉スポーツセンター,千葉ZELVA,クボタスピアーズ,上田日登,,3,2,5,Win,100,104,131,12:00,14:23,0,石井洋壮,辻本貴大,吉川耕平,加藤純司,Away
3,,齋藤貴大,5,■,■,■,□,■,18,11,2,61.1,2.20,0,0,0,-,2,0.40,9,1,1,5,22.2,1,1.0,0.0,100.0,936,2021-02-07,2021,02,07,大阪府,住吉スポーツセンター,千葉ZELVA,クボタスピアーズ,上田日登,,3,2,5,Win,100,104,131,12:00,14:23,0,石井洋壮,辻本貴大,吉川耕平,加藤純司,Away
4,,橋本大海,5,■,■,■,■,■,21,8,1,38.1,1.60,0,0,0,-,2,0.40,13,0,6,3,-5.8,0,0.0,0.0,-,936,2021-02-07,2021,02,07,大阪府,住吉スポーツセンター,千葉ZELVA,クボタスピアーズ,上田日登,,3,2,5,Win,100,104,131,12:00,14:23,0,石井洋壮,辻本貴大,吉川耕平,加藤純司,Away
5,,板橋健之,1,,,□,,,0,0,0,-,-,0,0,0,-,0,-,0,0,0,0,-,0,0.0,0.0,-,936,2021-02-07,2021,02,07,大阪府,住吉スポーツセンター,千葉ZELVA,クボタスピアーズ,上田日登,,3,2,5,Win,100,104,131,12:00,14:23,0,石井洋壮,辻本貴大,吉川耕平,加藤純司,Away
6,L,野澤辰義,5,●,●,●,●,●,0,0,0,-,-,0,0,0,-,0,-,0,0,0,0,-,27,15.0,8.0,70.4,936,2021-02-07,2021,02,07,大阪府,住吉スポーツセンター,千葉ZELVA,クボタスピアーズ,上田日登,,3,2,5,Win,100,104,131,12:00,14:23,0,石井洋壮,辻本貴大,吉川耕平,加藤純司,Away
7,,齋藤貴紀,4,□,□,□,,□,0,0,0,-,-,0,0,0,-,0,-,8,1,0,6,31.2,0,0.0,0.0,-,936,2021-02-07,2021,02,07,大阪府,住吉スポーツセンター,千葉ZELVA,クボタスピアーズ,上田日登,,3,2,5,Win,100,104,131,12:00,14:23,0,石井洋壮,辻本貴大,吉川耕平,加藤純司,Away
8,,村松俊輔,5,■,■,■,■,■,47,19,3,40.4,3.80,16,3,3,18.8,0,-,16,0,2,1,-1.6,0,0.0,0.0,-,936,2021-02-07,2021,02,07,大阪府,住吉スポーツセンター,千葉ZELVA,クボタスピアーズ,上田日登,,3,2,5,Win,100,104,131,12:00,14:23,0,石井洋壮,辻本貴大,吉川耕平,加藤純司,Away
10,,吉岡佳徳,5,■,■,■,■,■,1,1,0,100.0,0.20,0,0,0,-,0,-,13,0,0,6,11.5,0,0.0,0.0,-,936,2021-02-07,2021,02,07,大阪府,住吉スポーツセンター,千葉ZELVA,クボタスピアーズ,上田日登,,3,2,5,Win,100,104,131,12:00,14:23,0,石井洋壮,辻本貴大,吉川耕平,加藤純司,Away
11,,福澤直己,4,□,□,,□,□,1,0,0,0.0,-,0,0,0,-,0,-,0,0,0,0,-,0,0.0,0.0,-,936,2021-02-07,2021,02,07,大阪府,住吉スポーツセンター,千葉ZELVA,クボタスピアーズ,上田日登,,3,2,5,Win,100,104,131,12:00,14:23,0,石井洋壮,辻本貴大,吉川耕平,加藤純司,Away
12,,大町和幸,0,,,,,,0,0,0,-,-,0,0,0,-,0,-,0,0,0,0,-,0,0.0,0.0,-,936,2021-02-07,2021,02,07,大阪府,住吉スポーツセンター,千葉ZELVA,クボタスピアーズ,上田日登,,3,2,5,Win,100,104,131,12:00,14:23,0,石井洋壮,辻本貴大,吉川耕平,加藤純司,Away
14,,紀之定俊輔,0,,,,,,0,0,0,-,-,0,0,0,-,0,-,0,0,0,0,-,0,0.0,0.0,-,936,2021-02-07,2021,02,07,大阪府,住吉スポーツセンター,千葉ZELVA,クボタスピアーズ,上田日登,,3,2,5,Win,100,104,131,12:00,14:23,0,石井洋壮,辻本貴大,吉川耕平,加藤純司,Away
18,,高田晋作,5,■,■,■,■,■,13,5,2,38.5,1.00,0,0,0,-,2,0.40,18,1,2,4,8.3,41,15.0,14.0,53.7,936,2021-02-07,2021,02,07,大阪府,住吉スポーツセンター,千葉ZELVA,クボタスピアーズ,上田日登,,3,2,5,Win,100,104,131,12:00,14:23,0,石井洋壮,辻本貴大,吉川耕平,加藤純司,Away
20,,杉﨑大和,5,■,■,■,■,■,27,9,0,33.3,1.80,9,3,0,33.3,1,0.20,22,3,5,9,18.2,18,13.0,2.0,77.8,936,2021-02-07,2021,02,07,大阪府,住吉スポーツセンター,千葉ZELVA,クボタスピアーズ,上田日登,,3,2,5,Win,100,104,131,12:00,14:23,0,石井洋壮,辻本貴大,吉川耕平,加藤純司,Away
23,,羽富琉偉,0,,,,,,0,0,0,-,-,0,0,0,-,0,-,0,0,0,0,-,0,0.0,0.0,-,936,2021-02-07,2021,02,07,大阪府,住吉スポーツセンター,千葉ZELVA,クボタスピアーズ,上田日登,,3,2,5,Win,100,104,131,12:00,14:23,0,石井洋壮,辻本貴大,吉川耕平,加藤純司,Away
1,,渡邊徹,1,,,□,,,0,0,0,-,-,0,0,0,-,0,-,2,0,0,0,0.0,0,0.0,0.0,-,945,2021-02-07,2021,02,07,大阪府,住吉スポーツセンター,奈良ドリーマーズ,近畿クラブスフィーダ,言上真一,丹下雅行,1,3,4,Lose,75,98,94,15:10,16:53,0,石井洋壮,佐伯昌昭,高木智記,和佐田信行,Home
2,,言上真一,0,,,,,,0,0,0,-,-,0,0,0,-,0,-,0,0,0,0,-,0,0.0,0.0,-,945,2021-02-07,2021,02,07,大阪府,住吉スポーツセンター,奈良ドリーマーズ,近畿クラブスフィーダ,言上真一,丹下雅行,1,3,4,Lose,75,98,94,15:10,16:53,0,石井洋壮,佐伯昌昭,高木智記,和佐田信行,Home
4,,下町浩二,4,■,■,■,■,,9,3,0,33.3,0.75,0,0,0,-,1,0.25,9,0,0,2,5.6,0,0.0,0.0,-,945,2021-02-07,2021,02,07,大阪府,住吉スポーツセンター,奈良ドリーマーズ,近畿クラブスフィーダ,言上真一,丹下雅行,1,3,4,Lose,75,98,94,15:10,16:53,0,石井洋壮,佐伯昌昭,高木智記,和佐田信行,Home
6,,中山雄介,2,□,,,□,,0,0,0,-,-,0,0,0,-,0,-,2,0,1,0,-12.5,0,0.0,0.0,-,945,2021-02-07,2021,02,07,大阪府,住吉スポーツセンター,奈良ドリーマーズ,近畿クラブスフィーダ,言上真一,丹下雅行,1,3,4,Lose,75,98,94,15:10,16:53,0,石井洋壮,佐伯昌昭,高木智記,和佐田信行,Home
7,,有津翔太,4,■,■,■,■,,26,11,2,42.3,2.75,0,0,0,-,3,0.75,9,0,2,3,2.8,0,0.0,0.0,-,945,2021-02-07,2021,02,07,大阪府,住吉スポーツセンター,奈良ドリーマーズ,近畿クラブスフィーダ,言上真一,丹下雅行,1,3,4,Lose,75,98,94,15:10,16:53,0,石井洋壮,佐伯昌昭,高木智記,和佐田信行,Home
9,,高橋和希,4,■,■,■,■,,14,3,1,21.4,0.75,1,0,0,0.0,0,-,15,1,1,10,21.7,35,19.0,6.0,62.9,945,2021-02-07,2021,02,07,大阪府,住吉スポーツセンター,奈良ドリーマーズ,近畿クラブスフィーダ,言上真一,丹下雅行,1,3,4,Lose,75,98,94,15:10,16:53,0,石井洋壮,佐伯昌昭,高木智記,和佐田信行,Home
11,,後藤和志,2,□,,,□,,7,2,0,28.6,1.00,0,0,0,-,0,-,0,0,0,0,-,0,0.0,0.0,-,945,2021-02-07,2021,02,07,大阪府,住吉スポーツセンター,奈良ドリーマーズ,近畿クラブスフィーダ,言上真一,丹下雅行,1,3,4,Lose,75,98,94,15:10,16:53,0,石井洋壮,佐伯昌昭,高木智記,和佐田信行,Home
12,,川村幸司,0,,,,,,0,0,0,-,-,0,0,0,-,0,-,0,0,0,0,-,0,0.0,0.0,-,945,2021-02-07,2021,02,07,大阪府,住吉スポーツセンター,奈良ドリーマーズ,近畿クラブスフィーダ,言上真一,丹下雅行,1,3,4,Lose,75,98,94,15:10,16:53,0,石井洋壮,佐伯昌昭,高木智記,和佐田信行,Home
14,L,杉谷祐磨,3,,〇,〇,〇,,0,0,0,-,-,0,0,0,-,0,-,0,0,0,0,-,0,0.0,0.0,-,945,2021-02-07,2021,02,07,大阪府,住吉スポーツセンター,奈良ドリーマーズ,近畿クラブスフィーダ,言上真一,丹下雅行,1,3,4,Lose,75,98,94,15:10,16:53,0,石井洋壮,佐伯昌昭,高木智記,和佐田信行,Home
15,,上竣,4,■,■,■,■,,30,11,2,36.7,2.75,8,4,0,50.0,0,-,9,0,4,1,-8.3,0,0.0,0.0,-,945,2021-02-07,2021,02,07,大阪府,住吉スポーツセンター,奈良ドリーマーズ,近畿クラブスフィーダ,言上真一,丹下雅行,1,3,4,Lose,75,98,94,15:10,16:53,0,石井洋壮,佐伯昌昭,高木智記,和佐田信行,Home
16,,片野坂拓人,4,■,■,■,■,,25,7,5,28.0,1.75,3,0,0,0.0,0,-,16,1,4,3,4.7,14,3.0,6.0,42.9,945,2021-02-07,2021,02,07,大阪府,住吉スポーツセンター,奈良ドリーマーズ,近畿クラブスフィーダ,言上真一,丹下雅行,1,3,4,Lose,75,98,94,15:10,16:53,0,石井洋壮,佐伯昌昭,高木智記,和佐田信行,Home
17,,碩幸輝,3,■,,□,□,,2,0,0,0.0,-,0,0,0,-,0,-,4,0,0,0,0.0,17,1.0,5.0,20.6,945,2021-02-07,2021,02,07,大阪府,住吉スポーツセンター,奈良ドリーマーズ,近畿クラブスフィーダ,言上真一,丹下雅行,1,3,4,Lose,75,98,94,15:10,16:53,0,石井洋壮,佐伯昌昭,高木智記,和佐田信行,Home
18,,南本大貴,4,□,■,■,■,,0,0,0,-,-,0,0,0,-,0,-,10,0,0,2,5.0,1,1.0,0.0,100.0,945,2021-02-07,2021,02,07,大阪府,住吉スポーツセンター,奈良ドリーマーズ,近畿クラブスフィーダ,言上真一,丹下雅行,1,3,4,Lose,75,98,94,15:10,16:53,0,石井洋壮,佐伯昌昭,高木智記,和佐田信行,Home
19,L,石渡瑛法,4,●,●,●,●,,0,0,0,-,-,0,0,0,-,0,-,0,0,0,0,-,13,5.0,4.0,53.8,945,2021-02-07,2021,02,07,大阪府,住吉スポーツセンター,奈良ドリーマーズ,近畿クラブスフィーダ,言上真一,丹下雅行,1,3,4,Lose,75,98,94,15:10,16:53,0,石井洋壮,佐伯昌昭,高木智記,和佐田信行,Home
5,,今中聖也,3,,■,■,■,,6,5,0,83.3,1.67,0,0,0,-,0,-,6,0,2,2,0.0,0,0.0,0.0,-,945,2021-02-07,2021,02,07,大阪府,住吉スポーツセンター,近畿クラブスフィーダ,奈良ドリーマーズ,山本映樹,高橋幸造,3,1,4,Win,98,75,94,15:10,16:53,0,石井洋壮,佐伯昌昭,高木智記,和佐田信行,Away
6,,江崎闘愛,3,■,■,,■,,16,8,1,50.0,2.67,5,1,1,20.0,1,0.33,8,0,3,2,-3.1,0,0.0,0.0,-,945,2021-02-07,2021,02,07,大阪府,住吉スポーツセンター,近畿クラブスフィーダ,奈良ドリーマーズ,山本映樹,高橋幸造,3,1,4,Win,98,75,94,15:10,16:53,0,石井洋壮,佐伯昌昭,高木智記,和佐田信行,Away
9,,中野倭,4,■,■,□,■,,2,1,0,50.0,0.25,0,0,0,-,0,-,18,2,1,8,20.8,0,0.0,0.0,-,945,2021-02-07,2021,02,07,大阪府,住吉スポーツセンター,近畿クラブスフィーダ,奈良ドリーマーズ,山本映樹,高橋幸造,3,1,4,Win,98,75,94,15:10,16:53,0,石井洋壮,佐伯昌昭,高木智記,和佐田信行,Away
11,,本多駿,1,,,□,,,2,1,0,50.0,1.00,0,0,0,-,0,-,2,0,0,0,0.0,1,1.0,0.0,100.0,945,2021-02-07,2021,02,07,大阪府,住吉スポーツセンター,近畿クラブスフィーダ,奈良ドリーマーズ,山本映樹,高橋幸造,3,1,4,Win,98,75,94,15:10,16:53,0,石井洋壮,佐伯昌昭,高木智記,和佐田信行,Away
18,,後藤陸翔,4,■,■,■,■,,24,15,2,62.5,3.75,2,1,1,50.0,1,0.25,16,0,0,3,4.7,17,6.0,4.0,47.1,945,2021-02-07,2021,02,07,大阪府,住吉スポーツセンター,近畿クラブスフィーダ,奈良ドリーマーズ,山本映樹,高橋幸造,3,1,4,Win,98,75,94,15:10,16:53,0,石井洋壮,佐伯昌昭,高木智記,和佐田信行,Away
19,,中西武琉,4,■,■,■,■,,23,15,1,65.2,3.75,6,5,0,83.3,4,1.00,18,1,7,5,2.8,11,3.0,5.0,50.0,945,2021-02-07,2021,02,07,大阪府,住吉スポーツセンター,近畿クラブスフィーダ,奈良ドリーマーズ,山本映樹,高橋幸造,3,1,4,Win,98,75,94,15:10,16:53,0,石井洋壮,佐伯昌昭,高木智記,和佐田信行,Away
20,L,松浦陣羽,3,,〇,〇,〇,,0,0,0,-,-,0,0,0,-,0,-,0,0,0,0,-,2,1.0,1.0,75.0,945,2021-02-07,2021,02,07,大阪府,住吉スポーツセンター,近畿クラブスフィーダ,奈良ドリーマーズ,山本映樹,高橋幸造,3,1,4,Win,98,75,94,15:10,16:53,0,石井洋壮,佐伯昌昭,高木智記,和佐田信行,Away
22,,フランシスムヤカバング,4,■,□,□,□,,6,3,0,50.0,0.75,0,0,0,-,2,0.50,2,0,1,1,0.0,0,0.0,0.0,-,945,2021-02-07,2021,02,07,大阪府,住吉スポーツセンター,近畿クラブスフィーダ,奈良ドリーマーズ,山本映樹,高橋幸造,3,1,4,Win,98,75,94,15:10,16:53,0,石井洋壮,佐伯昌昭,高木智記,和佐田信行,Away
24,,越智蒼,2,□,□,,,,0,0,0,-,-,0,0,0,-,0,-,1,0,0,0,0.0,0,0.0,0.0,-,945,2021-02-07,2021,02,07,大阪府,住吉スポーツセンター,近畿クラブスフィーダ,奈良ドリーマーズ,山本映樹,高橋幸造,3,1,4,Win,98,75,94,15:10,16:53,0,石井洋壮,佐伯昌昭,高木智記,和佐田信行,Away
25,,小磯智紀,3,□,,■,□,,0,0,0,-,-,0,0,0,-,0,-,13,0,0,6,11.5,0,0.0,0.0,-,945,2021-02-07,2021,02,07,大阪府,住吉スポーツセンター,近畿クラブスフィーダ,奈良ドリーマーズ,山本映樹,高橋幸造,3,1,4,Win,98,75,94,15:10,16:53,0,石井洋壮,佐伯昌昭,高木智記,和佐田信行,Away
28,L,本多泰成,4,●,●,●,●,,0,0,0,-,-,0,0,0,-,0,-,0,0,0,0,-,32,10.0,11.0,48.4,945,2021-02-07,2021,02,07,大阪府,住吉スポーツセンター,近畿クラブスフィーダ,奈良ドリーマーズ,山本映樹,高橋幸造,3,1,4,Win,98,75,94,15:10,16:53,0,石井洋壮,佐伯昌昭,高木智記,和佐田信行,Away
29,,江口颯人,3,□,,■,□,,13,5,1,38.5,1.67,0,0,0,-,0,-,4,0,0,1,6.2,0,0.0,0.0,-,945,2021-02-07,2021,02,07,大阪府,住吉スポーツセンター,近畿クラブスフィーダ,奈良ドリーマーズ,山本映樹,高橋幸造,3,1,4,Win,98,75,94,15:10,16:53,0,石井洋壮,佐伯昌昭,高木智記,和佐田信行,Away
30,,丸尾翔太,4,■,■,■,■,,8,3,1,37.5,0.75,0,0,0,-,3,0.75,9,0,2,2,0.0,1,0.0,1.0,50.0,945,2021-02-07,2021,02,07,大阪府,住吉スポーツセンター,近畿クラブスフィーダ,奈良ドリーマーズ,山本映樹,高橋幸造,3,1,4,Win,98,75,94,15:10,16:53,0,石井洋壮,佐伯昌昭,高木智記,和佐田信行,Away
32,,東影夏海,2,,□,,□,,1,0,0,0.0,-,0,0,0,-,0,-,0,0,0,0,-,0,0.0,0.0,-,945,2021-02-07,2021,02,07,大阪府,住吉スポーツセンター,近畿クラブスフィーダ,奈良ドリーマーズ,山本映樹,高橋幸造,3,1,4,Win,98,75,94,15:10,16:53,0,石井洋壮,佐伯昌昭,高木智記,和佐田信行,Away
2,,山田誠幸,1,,□,,,,0,0,0,-,-,0,0,0,-,0,-,3,0,0,0,0.0,0,0.0,0.0,-,938,2021-02-27,2021,02,27,千葉県,ＪＦＥ体育館,千葉ZELVA,奈良ドリーマーズ,古家康隆,,3,0,3,Win,75,66,87,13:00,14:33,280,大塚達也,小笠原孝文,小田川倫之,長嶋健二,Home
3,,齋藤貴大,3,■,■,■,,,7,3,1,42.9,1.00,0,0,0,-,2,0.67,7,1,1,0,10.7,0,0.0,0.0,-,938,2021-02-27,2021,02,27,千葉県,ＪＦＥ体育館,千葉ZELVA,奈良ドリーマーズ,古家康隆,,3,0,3,Win,75,66,87,13:00,14:33,280,大塚達也,小笠原孝文,小田川倫之,長嶋健二,Home
4,,橋本大海,3,■,■,■,,,12,4,1,33.3,1.33,0,0,0,-,5,1.67,9,0,2,2,0.0,0,0.0,0.0,-,938,2021-02-27,2021,02,27,千葉県,ＪＦＥ体育館,千葉ZELVA,奈良ドリーマーズ,古家康隆,,3,0,3,Win,75,66,87,13:00,14:33,280,大塚達也,小笠原孝文,小田川倫之,長嶋健二,Home
5,,板橋健之,1,,,□,,,0,0,0,-,-,0,0,0,-,0,-,1,0,0,0,0.0,0,0.0,0.0,-,938,2021-02-27,2021,02,27,千葉県,ＪＦＥ体育館,千葉ZELVA,奈良ドリーマーズ,古家康隆,,3,0,3,Win,75,66,87,13:00,14:33,280,大塚達也,小笠原孝文,小田川倫之,長嶋健二,Home
6,L,野澤辰義,3,●,●,●,,,0,0,0,-,-,0,0,0,-,0,-,0,0,0,0,-,15,6.0,6.0,60.0,938,2021-02-27,2021,02,27,千葉県,ＪＦＥ体育館,千葉ZELVA,奈良ドリーマーズ,古家康隆,,3,0,3,Win,75,66,87,13:00,14:33,280,大塚達也,小笠原孝文,小田川倫之,長嶋健二,Home
7,,齋藤貴紀,2,□,,□,,,0,0,0,-,-,0,0,0,-,0,-,4,0,2,2,0.0,0,0.0,0.0,-,938,2021-02-27,2021,02,27,千葉県,ＪＦＥ体育館,千葉ZELVA,奈良ドリーマーズ,古家康隆,,3,0,3,Win,75,66,87,13:00,14:33,280,大塚達也,小笠原孝文,小田川倫之,長嶋健二,Home
8,,村松俊輔,3,■,■,■,,,24,9,3,37.5,3.00,9,3,1,33.3,2,0.67,10,1,1,0,7.5,0,0.0,0.0,-,938,2021-02-27,2021,02,27,千葉県,ＪＦＥ体育館,千葉ZELVA,奈良ドリーマーズ,古家康隆,,3,0,3,Win,75,66,87,13:00,14:33,280,大塚達也,小笠原孝文,小田川倫之,長嶋健二,Home
9,,市川一樹,2,,□,□,,,0,0,0,-,-,0,0,0,-,0,-,0,0,0,0,-,4,2.0,1.0,62.5,938,2021-02-27,2021,02,27,千葉県,ＪＦＥ体育館,千葉ZELVA,奈良ドリーマーズ,古家康隆,,3,0,3,Win,75,66,87,13:00,14:33,280,大塚達也,小笠原孝文,小田川倫之,長嶋健二,Home
10,,吉岡佳徳,3,■,■,■,,,1,1,0,100.0,0.33,0,0,0,-,1,0.33,10,0,0,1,2.5,0,0.0,0.0,-,938,2021-02-27,2021,02,27,千葉県,ＪＦＥ体育館,千葉ZELVA,奈良ドリーマーズ,古家康隆,,3,0,3,Win,75,66,87,13:00,14:33,280,大塚達也,小笠原孝文,小田川倫之,長嶋健二,Home
11,,福澤直己,2,□,□,,,,3,2,0,66.7,1.00,0,0,0,-,0,-,2,0,0,0,0.0,0,0.0,0.0,-,938,2021-02-27,2021,02,27,千葉県,ＪＦＥ体育館,千葉ZELVA,奈良ドリーマーズ,古家康隆,,3,0,3,Win,75,66,87,13:00,14:33,280,大塚達也,小笠原孝文,小田川倫之,長嶋健二,Home
12,,大町和幸,0,,,,,,0,0,0,-,-,0,0,0,-,0,-,0,0,0,0,-,0,0.0,0.0,-,938,2021-02-27,2021,02,27,千葉県,ＪＦＥ体育館,千葉ZELVA,奈良ドリーマーズ,古家康隆,,3,0,3,Win,75,66,87,13:00,14:33,280,大塚達也,小笠原孝文,小田川倫之,長嶋健二,Home
14,,紀之定俊輔,0,,,,,,0,0,0,-,-,0,0,0,-,0,-,0,0,0,0,-,0,0.0,0.0,-,938,2021-02-27,2021,02,27,千葉県,ＪＦＥ体育館,千葉ZELVA,奈良ドリーマーズ,古家康隆,,3,0,3,Win,75,66,87,13:00,14:33,280,大塚達也,小笠原孝文,小田川倫之,長嶋健二,Home
18,,高田晋作,3,■,■,■,,,17,4,0,23.5,1.33,1,0,0,0.0,1,0.33,10,0,1,0,-2.5,20,8.0,9.0,62.5,938,2021-02-27,2021,02,27,千葉県,ＪＦＥ体育館,千葉ZELVA,奈良ドリーマーズ,古家康隆,,3,0,3,Win,75,66,87,13:00,14:33,280,大塚達也,小笠原孝文,小田川倫之,長嶋健二,Home
20,,杉﨑大和,3,■,■,■,,,15,8,1,53.3,2.67,2,1,1,50.0,1,0.33,18,2,1,4,15.3,19,9.0,8.0,68.4,938,2021-02-27,2021,02,27,千葉県,ＪＦＥ体育館,千葉ZELVA,奈良ドリーマーズ,古家康隆,,3,0,3,Win,75,66,87,13:00,14:33,280,大塚達也,小笠原孝文,小田川倫之,長嶋健二,Home
1,,渡邊徹,0,,,,,,0,0,0,-,-,0,0,0,-,0,-,0,0,0,0,-,0,0.0,0.0,-,938,2021-02-27,2021,02,27,千葉県,ＪＦＥ体育館,奈良ドリーマーズ,千葉ZELVA,言上真一,丹下雅行,0,3,3,Lose,66,75,87,13:00,14:33,280,大塚達也,小笠原孝文,小田川倫之,長嶋健二,Away
2,,言上真一,0,,,,,,0,0,0,-,-,0,0,0,-,0,-,0,0,0,0,-,0,0.0,0.0,-,938,2021-02-27,2021,02,27,千葉県,ＪＦＥ体育館,奈良ドリーマーズ,千葉ZELVA,言上真一,丹下雅行,0,3,3,Lose,66,75,87,13:00,14:33,280,大塚達也,小笠原孝文,小田川倫之,長嶋健二,Away
4,,下町浩二,1,■,,,,,2,0,0,0.0,-,0,0,0,-,0,-,2,0,0,0,0.0,1,1.0,0.0,100.0,938,2021-02-27,2021,02,27,千葉県,ＪＦＥ体育館,奈良ドリーマーズ,千葉ZELVA,言上真一,丹下雅行,0,3,3,Lose,66,75,87,13:00,14:33,280,大塚達也,小笠原孝文,小田川倫之,長嶋健二,Away
6,,中山雄介,1,,□,,,,0,0,0,-,-,0,0,0,-,0,-,1,0,0,0,0.0,0,0.0,0.0,-,938,2021-02-27,2021,02,27,千葉県,ＪＦＥ体育館,奈良ドリーマーズ,千葉ZELVA,言上真一,丹下雅行,0,3,3,Lose,66,75,87,13:00,14:33,280,大塚達也,小笠原孝文,小田川倫之,長嶋健二,Away
7,,有津翔太,3,■,■,■,,,11,5,1,45.5,1.67,0,0,0,-,4,1.33,8,0,2,3,3.1,0,0.0,0.0,-,938,2021-02-27,2021,02,27,千葉県,ＪＦＥ体育館,奈良ドリーマーズ,千葉ZELVA,言上真一,丹下雅行,0,3,3,Lose,66,75,87,13:00,14:33,280,大塚達也,小笠原孝文,小田川倫之,長嶋健二,Away
9,,高橋和希,3,■,■,■,,,1,1,0,100.0,0.33,0,0,0,-,0,-,8,0,1,0,-3.1,0,0.0,0.0,-,938,2021-02-27,2021,02,27,千葉県,ＪＦＥ体育館,奈良ドリーマーズ,千葉ZELVA,言上真一,丹下雅行,0,3,3,Lose,66,75,87,13:00,14:33,280,大塚達也,小笠原孝文,小田川倫之,長嶋健二,Away
11,,後藤和志,2,,□,■,,,16,8,2,50.0,4.00,4,2,1,50.0,0,-,6,0,2,0,-8.3,0,0.0,0.0,-,938,2021-02-27,2021,02,27,千葉県,ＪＦＥ体育館,奈良ドリーマーズ,千葉ZELVA,言上真一,丹下雅行,0,3,3,Lose,66,75,87,13:00,14:33,280,大塚達也,小笠原孝文,小田川倫之,長嶋健二,Away
12,,川村幸司,3,■,■,■,,,23,6,4,26.1,2.00,3,0,1,0.0,3,1.00,8,0,1,1,0.0,17,12.0,3.0,79.4,938,2021-02-27,2021,02,27,千葉県,ＪＦＥ体育館,奈良ドリーマーズ,千葉ZELVA,言上真一,丹下雅行,0,3,3,Lose,66,75,87,13:00,14:33,280,大塚達也,小笠原孝文,小田川倫之,長嶋健二,Away
14,L,杉谷祐磨,0,,,,,,0,0,0,-,-,0,0,0,-,0,-,0,0,0,0,-,0,0.0,0.0,-,938,2021-02-27,2021,02,27,千葉県,ＪＦＥ体育館,奈良ドリーマーズ,千葉ZELVA,言上真一,丹下雅行,0,3,3,Lose,66,75,87,13:00,14:33,280,大塚達也,小笠原孝文,小田川倫之,長嶋健二,Away
15,,上竣,2,■,■,,,,8,2,1,25.0,1.00,2,1,1,50.0,1,0.50,2,0,0,0,0.0,0,0.0,0.0,-,938,2021-02-27,2021,02,27,千葉県,ＪＦＥ体育館,奈良ドリーマーズ,千葉ZELVA,言上真一,丹下雅行,0,3,3,Lose,66,75,87,13:00,14:33,280,大塚達也,小笠原孝文,小田川倫之,長嶋健二,Away
16,,片野坂拓人,3,■,■,■,,,32,14,5,43.8,4.67,8,4,1,50.0,0,-,21,1,3,2,3.6,22,15.0,5.0,79.5,938,2021-02-27,2021,02,27,千葉県,ＪＦＥ体育館,奈良ドリーマーズ,千葉ZELVA,言上真一,丹下雅行,0,3,3,Lose,66,75,87,13:00,14:33,280,大塚達也,小笠原孝文,小田川倫之,長嶋健二,Away
17,,碩幸輝,3,□,■,■,,,4,2,0,50.0,0.67,0,0,0,-,2,0.67,11,0,0,2,4.5,0,0.0,0.0,-,938,2021-02-27,2021,02,27,千葉県,ＪＦＥ体育館,奈良ドリーマーズ,千葉ZELVA,言上真一,丹下雅行,0,3,3,Lose,66,75,87,13:00,14:33,280,大塚達也,小笠原孝文,小田川倫之,長嶋健二,Away
18,,南本大貴,0,,,,,,0,0,0,-,-,0,0,0,-,0,-,0,0,0,0,-,0,0.0,0.0,-,938,2021-02-27,2021,02,27,千葉県,ＪＦＥ体育館,奈良ドリーマーズ,千葉ZELVA,言上真一,丹下雅行,0,3,3,Lose,66,75,87,13:00,14:33,280,大塚達也,小笠原孝文,小田川倫之,長嶋健二,Away
19,L,石渡瑛法,3,●,●,●,,,0,0,0,-,-,0,0,0,-,0,-,0,0,0,0,-,25,11.0,6.0,56.0,938,2021-02-27,2021,02,27,千葉県,ＪＦＥ体育館,奈良ドリーマーズ,千葉ZELVA,言上真一,丹下雅行,0,3,3,Lose,66,75,87,13:00,14:33,280,大塚達也,小笠原孝文,小田川倫之,長嶋健二,Away
2,,中村洸稀,3,■,□,□,,,11,4,2,36.4,1.33,0,0,0,-,0,-,1,0,1,0,-25.0,0,0.0,0.0,-,935,2021-02-27,2021,02,27,千葉県,ＪＦＥ体育館,近畿クラブスフィーダ,クボタスピアーズ,山本映樹,高橋幸造,1,3,4,Lose,91,91,110,16:12,18:11,85,大塚達也,笈川博彰,梅北将大,平川暁,Home
3,,河戸俊亮,3,■,■,■,,,10,5,0,50.0,1.67,0,0,0,-,1,0.33,6,0,0,1,4.2,0,0.0,0.0,-,935,2021-02-27,2021,02,27,千葉県,ＪＦＥ体育館,近畿クラブスフィーダ,クボタスピアーズ,山本映樹,高橋幸造,1,3,4,Lose,91,91,110,16:12,18:11,85,大塚達也,笈川博彰,梅北将大,平川暁,Home
6,,江崎闘愛,3,,■,■,■,,30,15,3,50.0,5.00,15,6,1,40.0,0,-,7,0,1,2,3.6,0,0.0,0.0,-,935,2021-02-27,2021,02,27,千葉県,ＪＦＥ体育館,近畿クラブスフィーダ,クボタスピアーズ,山本映樹,高橋幸造,1,3,4,Lose,91,91,110,16:12,18:11,85,大塚達也,笈川博彰,梅北将大,平川暁,Home
9,,中野倭,3,,□,□,■,,0,0,0,-,-,0,0,0,-,0,-,8,0,2,0,-6.2,0,0.0,0.0,-,935,2021-02-27,2021,02,27,千葉県,ＪＦＥ体育館,近畿クラブスフィーダ,クボタスピアーズ,山本映樹,高橋幸造,1,3,4,Lose,91,91,110,16:12,18:11,85,大塚達也,笈川博彰,梅北将大,平川暁,Home
11,,本多駿,4,■,■,■,■,,35,18,1,51.4,4.50,8,2,0,25.0,1,0.25,15,0,1,1,0.0,12,7.0,3.0,70.8,935,2021-02-27,2021,02,27,千葉県,ＪＦＥ体育館,近畿クラブスフィーダ,クボタスピアーズ,山本映樹,高橋幸造,1,3,4,Lose,91,91,110,16:12,18:11,85,大塚達也,笈川博彰,梅北将大,平川暁,Home
12,,中田雄大,3,■,■,■,,,1,1,0,100.0,0.33,0,0,0,-,0,-,9,1,0,0,11.1,0,0.0,0.0,-,935,2021-02-27,2021,02,27,千葉県,ＪＦＥ体育館,近畿クラブスフィーダ,クボタスピアーズ,山本映樹,高橋幸造,1,3,4,Lose,91,91,110,16:12,18:11,85,大塚達也,笈川博彰,梅北将大,平川暁,Home
13,,那須野裕進,4,■,■,■,■,,7,4,0,57.1,1.00,0,0,0,-,1,0.25,13,2,1,1,15.4,2,2.0,0.0,100.0,935,2021-02-27,2021,02,27,千葉県,ＪＦＥ体育館,近畿クラブスフィーダ,クボタスピアーズ,山本映樹,高橋幸造,1,3,4,Lose,91,91,110,16:12,18:11,85,大塚達也,笈川博彰,梅北将大,平川暁,Home
15,,久門伸司,4,□,□,□,□,,0,0,0,-,-,0,0,0,-,0,-,7,0,0,0,0.0,0,0.0,0.0,-,935,2021-02-27,2021,02,27,千葉県,ＪＦＥ体育館,近畿クラブスフィーダ,クボタスピアーズ,山本映樹,高橋幸造,1,3,4,Lose,91,91,110,16:12,18:11,85,大塚達也,笈川博彰,梅北将大,平川暁,Home
16,L,大原悠,4,●,●,●,●,,0,0,0,-,-,0,0,0,-,0,-,0,0,0,0,-,28,19.0,8.0,82.1,935,2021-02-27,2021,02,27,千葉県,ＪＦＥ体育館,近畿クラブスフィーダ,クボタスピアーズ,山本映樹,高橋幸造,1,3,4,Lose,91,91,110,16:12,18:11,85,大塚達也,笈川博彰,梅北将大,平川暁,Home
18,,後藤陸翔,2,□,,,□,,3,3,0,100.0,1.50,0,0,0,-,0,-,3,0,1,0,-8.3,3,1.0,2.0,66.7,935,2021-02-27,2021,02,27,千葉県,ＪＦＥ体育館,近畿クラブスフィーダ,クボタスピアーズ,山本映樹,高橋幸造,1,3,4,Lose,91,91,110,16:12,18:11,85,大塚達也,笈川博彰,梅北将大,平川暁,Home
19,,中西武琉,4,■,■,■,■,,27,10,0,37.0,2.50,4,1,0,25.0,2,0.50,16,3,3,4,20.3,35,26.0,5.0,81.4,935,2021-02-27,2021,02,27,千葉県,ＪＦＥ体育館,近畿クラブスフィーダ,クボタスピアーズ,山本映樹,高橋幸造,1,3,4,Lose,91,91,110,16:12,18:11,85,大塚達也,笈川博彰,梅北将大,平川暁,Home
20,,松浦陣羽,2,□,,,□,,0,0,0,-,-,0,0,0,-,0,-,3,0,0,0,0.0,3,2.0,1.0,83.3,935,2021-02-27,2021,02,27,千葉県,ＪＦＥ体育館,近畿クラブスフィーダ,クボタスピアーズ,山本映樹,高橋幸造,1,3,4,Lose,91,91,110,16:12,18:11,85,大塚達也,笈川博彰,梅北将大,平川暁,Home
22,,フランシスムヤカバング,1,,,,■,,6,4,0,66.7,4.00,0,0,0,-,0,-,4,0,0,1,6.2,0,0.0,0.0,-,935,2021-02-27,2021,02,27,千葉県,ＪＦＥ体育館,近畿クラブスフィーダ,クボタスピアーズ,山本映樹,高橋幸造,1,3,4,Lose,91,91,110,16:12,18:11,85,大塚達也,笈川博彰,梅北将大,平川暁,Home
28,L,本多泰成,4,〇,〇,〇,〇,,0,0,0,-,-,0,0,0,-,0,-,0,0,0,0,-,0,0.0,0.0,-,935,2021-02-27,2021,02,27,千葉県,ＪＦＥ体育館,近畿クラブスフィーダ,クボタスピアーズ,山本映樹,高橋幸造,1,3,4,Lose,91,91,110,16:12,18:11,85,大塚達也,笈川博彰,梅北将大,平川暁,Home
1,,鎌苅翔,4,■,■,■,■,,25,8,0,32.0,2.00,0,0,0,-,4,1.00,22,0,0,2,2.3,3,1.0,1.0,50.0,935,2021-02-27,2021,02,27,千葉県,ＪＦＥ体育館,クボタスピアーズ,近畿クラブスフィーダ,川田匠,荒枝和紀,3,1,4,Win,91,91,110,16:12,18:11,85,大塚達也,笈川博彰,梅北将大,平川暁,Away
2,,赤松圭介,4,■,■,■,■,,39,22,3,56.4,5.50,20,10,1,50.0,1,0.25,15,0,3,2,-1.7,0,0.0,0.0,-,935,2021-02-27,2021,02,27,千葉県,ＪＦＥ体育館,クボタスピアーズ,近畿クラブスフィーダ,川田匠,荒枝和紀,3,1,4,Win,91,91,110,16:12,18:11,85,大塚達也,笈川博彰,梅北将大,平川暁,Away
3,L,早瀬川雄也,3,●,●,●,,,0,0,0,-,-,0,0,0,-,0,-,0,0,0,0,-,18,14.0,2.0,83.3,935,2021-02-27,2021,02,27,千葉県,ＪＦＥ体育館,クボタスピアーズ,近畿クラブスフィーダ,川田匠,荒枝和紀,3,1,4,Win,91,91,110,16:12,18:11,85,大塚達也,笈川博彰,梅北将大,平川暁,Away
4,,岡崎誠,4,■,■,■,■,,32,16,1,50.0,4.00,1,1,0,100.0,1,0.25,12,0,2,1,-2.1,5,2.0,0.0,40.0,935,2021-02-27,2021,02,27,千葉県,ＪＦＥ体育館,クボタスピアーズ,近畿クラブスフィーダ,川田匠,荒枝和紀,3,1,4,Win,91,91,110,16:12,18:11,85,大塚達也,笈川博彰,梅北将大,平川暁,Away
5,,丸一達也,4,■,■,■,■,,18,8,1,44.4,2.00,0,0,0,-,2,0.50,13,0,0,2,3.8,0,0.0,0.0,-,935,2021-02-27,2021,02,27,千葉県,ＪＦＥ体育館,クボタスピアーズ,近畿クラブスフィーダ,川田匠,荒枝和紀,3,1,4,Win,91,91,110,16:12,18:11,85,大塚達也,笈川博彰,梅北将大,平川暁,Away
6,,阪根彩斗,0,,,,,,0,0,0,-,-,0,0,0,-,0,-,0,0,0,0,-,0,0.0,0.0,-,935,2021-02-27,2021,02,27,千葉県,ＪＦＥ体育館,クボタスピアーズ,近畿クラブスフィーダ,川田匠,荒枝和紀,3,1,4,Win,91,91,110,16:12,18:11,85,大塚達也,笈川博彰,梅北将大,平川暁,Away
7,,蓑田蓮,2,,□,■,,,0,0,0,-,-,0,0,0,-,0,-,1,0,1,0,-25.0,0,0.0,0.0,-,935,2021-02-27,2021,02,27,千葉県,ＪＦＥ体育館,クボタスピアーズ,近畿クラブスフィーダ,川田匠,荒枝和紀,3,1,4,Win,91,91,110,16:12,18:11,85,大塚達也,笈川博彰,梅北将大,平川暁,Away
8,,野口拓朗,4,■,■,■,■,,17,8,0,47.1,2.00,0,0,0,-,1,0.25,15,0,1,0,-1.7,44,26.0,14.0,75.0,935,2021-02-27,2021,02,27,千葉県,ＪＦＥ体育館,クボタスピアーズ,近畿クラブスフィーダ,川田匠,荒枝和紀,3,1,4,Win,91,91,110,16:12,18:11,85,大塚達也,笈川博彰,梅北将大,平川暁,Away
9,,田中誠,4,■,■,□,■,,0,0,0,-,-,0,0,0,-,1,0.25,10,0,0,0,0.0,0,0.0,0.0,-,935,2021-02-27,2021,02,27,千葉県,ＪＦＥ体育館,クボタスピアーズ,近畿クラブスフィーダ,川田匠,荒枝和紀,3,1,4,Win,91,91,110,16:12,18:11,85,大塚達也,笈川博彰,梅北将大,平川暁,Away
10,L,寺田晃聖,2,,,〇,●,,0,0,0,-,-,0,0,0,-,0,-,0,0,0,0,-,7,5.0,2.0,85.7,935,2021-02-27,2021,02,27,千葉県,ＪＦＥ体育館,クボタスピアーズ,近畿クラブスフィーダ,川田匠,荒枝和紀,3,1,4,Win,91,91,110,16:12,18:11,85,大塚達也,笈川博彰,梅北将大,平川暁,Away
12,,籠樹,2,□,,,□,,0,0,0,-,-,0,0,0,-,0,-,2,0,0,0,0.0,0,0.0,0.0,-,935,2021-02-27,2021,02,27,千葉県,ＪＦＥ体育館,クボタスピアーズ,近畿クラブスフィーダ,川田匠,荒枝和紀,3,1,4,Win,91,91,110,16:12,18:11,85,大塚達也,笈川博彰,梅北将大,平川暁,Away
14,,守山巧,0,,,,,,0,0,0,-,-,0,0,0,-,0,-,0,0,0,0,-,0,0.0,0.0,-,935,2021-02-27,2021,02,27,千葉県,ＪＦＥ体育館,クボタスピアーズ,近畿クラブスフィーダ,川田匠,荒枝和紀,3,1,4,Win,91,91,110,16:12,18:11,85,大塚達也,笈川博彰,梅北将大,平川暁,Away
16,,谷口裕太郎,0,,,,,,0,0,0,-,-,0,0,0,-,0,-,0,0,0,0,-,0,0.0,0.0,-,935,2021-02-27,2021,02,27,千葉県,ＪＦＥ体育館,クボタスピアーズ,近畿クラブスフィーダ,川田匠,荒枝和紀,3,1,4,Win,91,91,110,16:12,18:11,85,大塚達也,笈川博彰,梅北将大,平川暁,Away
17,,田中伸哉,0,,,,,,0,0,0,-,-,0,0,0,-,0,-,0,0,0,0,-,0,0.0,0.0,-,935,2021-02-27,2021,02,27,千葉県,ＪＦＥ体育館,クボタスピアーズ,近畿クラブスフィーダ,川田匠,荒枝和紀,3,1,4,Win,91,91,110,16:12,18:11,85,大塚達也,笈川博彰,梅北将大,平川暁,Away
1,,浅野晶,2,,■,■,,,17,5,1,29.4,2.50,4,2,0,50.0,0,-,8,0,1,2,3.1,15,6.0,7.0,63.3,932,2021-02-28,2021,02,28,千葉県,ＪＦＥ体育館,千葉ZELVA,近畿クラブスフィーダ,古家康隆,紀之定俊輔,0,3,3,Lose,63,78,91,12:00,13:37,280,大塚達也,小田川倫之,小笠原孝文,藤﨑英珠芳,Home
2,,山田誠幸,1,,□,,,,0,0,0,-,-,0,0,0,-,0,-,0,0,0,0,-,0,0.0,0.0,-,932,2021-02-28,2021,02,28,千葉県,ＪＦＥ体育館,千葉ZELVA,近畿クラブスフィーダ,古家康隆,紀之定俊輔,0,3,3,Lose,63,78,91,12:00,13:37,280,大塚達也,小田川倫之,小笠原孝文,藤﨑英珠芳,Home
3,,齋藤貴大,3,■,■,■,,,15,4,0,26.7,1.33,0,0,0,-,2,0.67,10,0,1,5,10.0,2,2.0,0.0,100.0,932,2021-02-28,2021,02,28,千葉県,ＪＦＥ体育館,千葉ZELVA,近畿クラブスフィーダ,古家康隆,紀之定俊輔,0,3,3,Lose,63,78,91,12:00,13:37,280,大塚達也,小田川倫之,小笠原孝文,藤﨑英珠芳,Home
4,,橋本大海,3,■,■,■,,,7,3,1,42.9,1.00,0,0,0,-,1,0.33,13,3,3,1,19.2,1,1.0,0.0,100.0,932,2021-02-28,2021,02,28,千葉県,ＪＦＥ体育館,千葉ZELVA,近畿クラブスフィーダ,古家康隆,紀之定俊輔,0,3,3,Lose,63,78,91,12:00,13:37,280,大塚達也,小田川倫之,小笠原孝文,藤﨑英珠芳,Home
5,,板橋健之,1,,,□,,,0,0,0,-,-,0,0,0,-,0,-,0,0,0,0,-,0,0.0,0.0,-,932,2021-02-28,2021,02,28,千葉県,ＪＦＥ体育館,千葉ZELVA,近畿クラブスフィーダ,古家康隆,紀之定俊輔,0,3,3,Lose,63,78,91,12:00,13:37,280,大塚達也,小田川倫之,小笠原孝文,藤﨑英珠芳,Home
6,L,野澤辰義,2,●,,●,,,0,0,0,-,-,0,0,0,-,0,-,0,0,0,0,-,4,2.0,1.0,62.5,932,2021-02-28,2021,02,28,千葉県,ＪＦＥ体育館,千葉ZELVA,近畿クラブスフィーダ,古家康隆,紀之定俊輔,0,3,3,Lose,63,78,91,12:00,13:37,280,大塚達也,小田川倫之,小笠原孝文,藤﨑英珠芳,Home
7,,齋藤貴紀,3,□,□,□,,,0,0,0,-,-,0,0,0,-,0,-,5,1,0,1,25.0,0,0.0,0.0,-,932,2021-02-28,2021,02,28,千葉県,ＪＦＥ体育館,千葉ZELVA,近畿クラブスフィーダ,古家康隆,紀之定俊輔,0,3,3,Lose,63,78,91,12:00,13:37,280,大塚達也,小田川倫之,小笠原孝文,藤﨑英珠芳,Home
8,,村松俊輔,3,■,■,■,,,23,10,3,43.5,3.33,7,4,2,57.1,1,0.33,7,0,1,1,0.0,1,1.0,0.0,100.0,932,2021-02-28,2021,02,28,千葉県,ＪＦＥ体育館,千葉ZELVA,近畿クラブスフィーダ,古家康隆,紀之定俊輔,0,3,3,Lose,63,78,91,12:00,13:37,280,大塚達也,小田川倫之,小笠原孝文,藤﨑英珠芳,Home
9,L,市川一樹,3,〇,●,〇,,,0,0,0,-,-,0,0,0,-,0,-,0,0,0,0,-,23,7.0,9.0,50.0,932,2021-02-28,2021,02,28,千葉県,ＪＦＥ体育館,千葉ZELVA,近畿クラブスフィーダ,古家康隆,紀之定俊輔,0,3,3,Lose,63,78,91,12:00,13:37,280,大塚達也,小田川倫之,小笠原孝文,藤﨑英珠芳,Home
10,,吉岡佳徳,3,■,■,■,,,0,0,0,-,-,0,0,0,-,0,-,8,0,0,1,3.1,0,0.0,0.0,-,932,2021-02-28,2021,02,28,千葉県,ＪＦＥ体育館,千葉ZELVA,近畿クラブスフィーダ,古家康隆,紀之定俊輔,0,3,3,Lose,63,78,91,12:00,13:37,280,大塚達也,小田川倫之,小笠原孝文,藤﨑英珠芳,Home
11,,福澤直己,0,,,,,,0,0,0,-,-,0,0,0,-,0,-,0,0,0,0,-,0,0.0,0.0,-,932,2021-02-28,2021,02,28,千葉県,ＪＦＥ体育館,千葉ZELVA,近畿クラブスフィーダ,古家康隆,紀之定俊輔,0,3,3,Lose,63,78,91,12:00,13:37,280,大塚達也,小田川倫之,小笠原孝文,藤﨑英珠芳,Home
12,,大町和幸,0,,,,,,0,0,0,-,-,0,0,0,-,0,-,0,0,0,0,-,0,0.0,0.0,-,932,2021-02-28,2021,02,28,千葉県,ＪＦＥ体育館,千葉ZELVA,近畿クラブスフィーダ,古家康隆,紀之定俊輔,0,3,3,Lose,63,78,91,12:00,13:37,280,大塚達也,小田川倫之,小笠原孝文,藤﨑英珠芳,Home
18,,高田晋作,1,■,,,,,5,2,0,40.0,2.00,0,0,0,-,0,-,2,0,0,0,0.0,7,5.0,1.0,78.6,932,2021-02-28,2021,02,28,千葉県,ＪＦＥ体育館,千葉ZELVA,近畿クラブスフィーダ,古家康隆,紀之定俊輔,0,3,3,Lose,63,78,91,12:00,13:37,280,大塚達也,小田川倫之,小笠原孝文,藤﨑英珠芳,Home
20,,杉﨑大和,3,■,■,■,,,23,8,1,34.8,2.67,7,2,0,28.6,2,0.67,11,0,4,1,-6.8,12,5.0,5.0,62.5,932,2021-02-28,2021,02,28,千葉県,ＪＦＥ体育館,千葉ZELVA,近畿クラブスフィーダ,古家康隆,紀之定俊輔,0,3,3,Lose,63,78,91,12:00,13:37,280,大塚達也,小田川倫之,小笠原孝文,藤﨑英珠芳,Home
2,,中村洸稀,1,,,□,,,1,1,0,100.0,1.00,0,0,0,-,0,-,0,0,0,0,-,0,0.0,0.0,-,932,2021-02-28,2021,02,28,千葉県,ＪＦＥ体育館,近畿クラブスフィーダ,千葉ZELVA,山本映樹,高橋幸造,3,0,3,Win,78,63,91,12:00,13:37,280,大塚達也,小田川倫之,小笠原孝文,藤﨑英珠芳,Away
3,,河戸俊亮,3,■,■,■,,,4,3,0,75.0,1.00,0,0,0,-,0,-,7,0,0,1,3.6,1,0.0,0.0,0.0,932,2021-02-28,2021,02,28,千葉県,ＪＦＥ体育館,近畿クラブスフィーダ,千葉ZELVA,山本映樹,高橋幸造,3,0,3,Win,78,63,91,12:00,13:37,280,大塚達也,小田川倫之,小笠原孝文,藤﨑英珠芳,Away
6,,江崎闘愛,3,■,■,■,,,28,13,2,46.4,4.33,13,3,1,23.1,1,0.33,12,1,5,0,-2.1,0,0.0,0.0,-,932,2021-02-28,2021,02,28,千葉県,ＪＦＥ体育館,近畿クラブスフィーダ,千葉ZELVA,山本映樹,高橋幸造,3,0,3,Win,78,63,91,12:00,13:37,280,大塚達也,小田川倫之,小笠原孝文,藤﨑英珠芳,Away
9,,中野倭,3,■,■,■,,,1,0,0,0.0,-,0,0,0,-,0,-,11,0,0,2,4.5,0,0.0,0.0,-,932,2021-02-28,2021,02,28,千葉県,ＪＦＥ体育館,近畿クラブスフィーダ,千葉ZELVA,山本映樹,高橋幸造,3,0,3,Win,78,63,91,12:00,13:37,280,大塚達也,小田川倫之,小笠原孝文,藤﨑英珠芳,Away
11,,本多駿,1,,,□,,,3,1,2,33.3,1.00,2,0,2,0.0,0,-,3,0,0,0,0.0,0,0.0,0.0,-,932,2021-02-28,2021,02,28,千葉県,ＪＦＥ体育館,近畿クラブスフィーダ,千葉ZELVA,山本映樹,高橋幸造,3,0,3,Win,78,63,91,12:00,13:37,280,大塚達也,小田川倫之,小笠原孝文,藤﨑英珠芳,Away
12,,中田雄大,1,,□,,,,0,0,0,-,-,0,0,0,-,0,-,1,0,1,0,-25.0,0,0.0,0.0,-,932,2021-02-28,2021,02,28,千葉県,ＪＦＥ体育館,近畿クラブスフィーダ,千葉ZELVA,山本映樹,高橋幸造,3,0,3,Win,78,63,91,12:00,13:37,280,大塚達也,小田川倫之,小笠原孝文,藤﨑英珠芳,Away
13,,那須野裕進,1,,□,,,,0,0,0,-,-,0,0,0,-,0,-,0,0,0,0,-,0,0.0,0.0,-,932,2021-02-28,2021,02,28,千葉県,ＪＦＥ体育館,近畿クラブスフィーダ,千葉ZELVA,山本映樹,高橋幸造,3,0,3,Win,78,63,91,12:00,13:37,280,大塚達也,小田川倫之,小笠原孝文,藤﨑英珠芳,Away
15,,久門伸司,2,□,□,,,,0,0,0,-,-,0,0,0,-,0,-,3,0,0,0,0.0,0,0.0,0.0,-,932,2021-02-28,2021,02,28,千葉県,ＪＦＥ体育館,近畿クラブスフィーダ,千葉ZELVA,山本映樹,高橋幸造,3,0,3,Win,78,63,91,12:00,13:37,280,大塚達也,小田川倫之,小笠原孝文,藤﨑英珠芳,Away
16,L,大原悠,3,●,●,●,,,0,0,0,-,-,0,0,0,-,0,-,0,0,0,0,-,13,9.0,2.0,76.9,932,2021-02-28,2021,02,28,千葉県,ＪＦＥ体育館,近畿クラブスフィーダ,千葉ZELVA,山本映樹,高橋幸造,3,0,3,Win,78,63,91,12:00,13:37,280,大塚達也,小田川倫之,小笠原孝文,藤﨑英珠芳,Away
18,,後藤陸翔,3,■,■,■,,,13,10,1,76.9,3.33,1,0,0,0.0,1,0.33,15,0,0,2,3.3,13,8.0,2.0,69.2,932,2021-02-28,2021,02,28,千葉県,ＪＦＥ体育館,近畿クラブスフィーダ,千葉ZELVA,山本映樹,高橋幸造,3,0,3,Win,78,63,91,12:00,13:37,280,大塚達也,小田川倫之,小笠原孝文,藤﨑英珠芳,Away
19,,中西武琉,3,■,■,■,,,26,16,1,61.5,5.33,4,2,1,50.0,2,0.67,15,2,4,4,13.3,23,11.0,4.0,56.5,932,2021-02-28,2021,02,28,千葉県,ＪＦＥ体育館,近畿クラブスフィーダ,千葉ZELVA,山本映樹,高橋幸造,3,0,3,Win,78,63,91,12:00,13:37,280,大塚達也,小田川倫之,小笠原孝文,藤﨑英珠芳,Away
20,L,松浦陣羽,2,,〇,〇,,,0,0,0,-,-,0,0,0,-,0,-,0,0,0,0,-,0,0.0,0.0,-,932,2021-02-28,2021,02,28,千葉県,ＪＦＥ体育館,近畿クラブスフィーダ,千葉ZELVA,山本映樹,高橋幸造,3,0,3,Win,78,63,91,12:00,13:37,280,大塚達也,小田川倫之,小笠原孝文,藤﨑英珠芳,Away
22,,フランシスムヤカバング,3,■,■,■,,,8,5,1,62.5,1.67,0,0,0,-,2,0.67,9,0,1,2,2.8,0,0.0,0.0,-,932,2021-02-28,2021,02,28,千葉県,ＪＦＥ体育館,近畿クラブスフィーダ,千葉ZELVA,山本映樹,高橋幸造,3,0,3,Win,78,63,91,12:00,13:37,280,大塚達也,小田川倫之,小笠原孝文,藤﨑英珠芳,Away
28,,本多泰成,1,,,□,,,0,0,0,-,-,0,0,0,-,0,-,1,0,0,0,0.0,3,2.0,0.0,66.7,932,2021-02-28,2021,02,28,千葉県,ＪＦＥ体育館,近畿クラブスフィーダ,千葉ZELVA,山本映樹,高橋幸造,3,0,3,Win,78,63,91,12:00,13:37,280,大塚達也,小田川倫之,小笠原孝文,藤﨑英珠芳,Away
1,,渡邊徹,1,,,□,,,0,0,0,-,-,0,0,0,-,0,-,1,0,0,0,0.0,0,0.0,0.0,-,943,2021-02-28,2021,02,28,千葉県,ＪＦＥ体育館,奈良ドリーマーズ,クボタスピアーズ,言上真一,丹下雅行,0,3,3,Lose,71,85,83,15:15,16:44,40,大塚達也,笈川博彰,梅北将大,長崎克行,Home
2,,言上真一,0,,,,,,0,0,0,-,-,0,0,0,-,0,-,0,0,0,0,-,0,0.0,0.0,-,943,2021-02-28,2021,02,28,千葉県,ＪＦＥ体育館,奈良ドリーマーズ,クボタスピアーズ,言上真一,丹下雅行,0,3,3,Lose,71,85,83,15:15,16:44,40,大塚達也,笈川博彰,梅北将大,長崎克行,Home
4,,下町浩二,1,,,■,,,3,2,0,66.7,2.00,0,0,0,-,0,-,2,0,0,0,0.0,0,0.0,0.0,-,943,2021-02-28,2021,02,28,千葉県,ＪＦＥ体育館,奈良ドリーマーズ,クボタスピアーズ,言上真一,丹下雅行,0,3,3,Lose,71,85,83,15:15,16:44,40,大塚達也,笈川博彰,梅北将大,長崎克行,Home
6,,中山雄介,1,,,□,,,0,0,0,-,-,0,0,0,-,0,-,1,0,1,0,-25.0,0,0.0,0.0,-,943,2021-02-28,2021,02,28,千葉県,ＪＦＥ体育館,奈良ドリーマーズ,クボタスピアーズ,言上真一,丹下雅行,0,3,3,Lose,71,85,83,15:15,16:44,40,大塚達也,笈川博彰,梅北将大,長崎克行,Home
7,,有津翔太,3,■,■,■,,,17,8,0,47.1,2.67,0,0,0,-,3,1.00,9,0,2,2,0.0,0,0.0,0.0,-,943,2021-02-28,2021,02,28,千葉県,ＪＦＥ体育館,奈良ドリーマーズ,クボタスピアーズ,言上真一,丹下雅行,0,3,3,Lose,71,85,83,15:15,16:44,40,大塚達也,笈川博彰,梅北将大,長崎克行,Home
9,,高橋和希,3,■,■,■,,,18,7,0,38.9,2.33,0,0,0,-,0,-,14,2,5,2,8.9,32,25.0,3.0,82.8,943,2021-02-28,2021,02,28,千葉県,ＪＦＥ体育館,奈良ドリーマーズ,クボタスピアーズ,言上真一,丹下雅行,0,3,3,Lose,71,85,83,15:15,16:44,40,大塚達也,笈川博彰,梅北将大,長崎克行,Home
11,,後藤和志,0,,,,,,0,0,0,-,-,0,0,0,-,0,-,0,0,0,0,-,0,0.0,0.0,-,943,2021-02-28,2021,02,28,千葉県,ＪＦＥ体育館,奈良ドリーマーズ,クボタスピアーズ,言上真一,丹下雅行,0,3,3,Lose,71,85,83,15:15,16:44,40,大塚達也,笈川博彰,梅北将大,長崎克行,Home
12,,川村幸司,3,■,■,□,,,19,8,3,42.1,2.67,0,0,0,-,0,-,15,1,2,4,10.0,14,8.0,4.0,71.4,943,2021-02-28,2021,02,28,千葉県,ＪＦＥ体育館,奈良ドリーマーズ,クボタスピアーズ,言上真一,丹下雅行,0,3,3,Lose,71,85,83,15:15,16:44,40,大塚達也,笈川博彰,梅北将大,長崎克行,Home
14,L,杉谷祐磨,2,,〇,〇,,,0,0,0,-,-,0,0,0,-,0,-,0,0,0,0,-,0,0.0,0.0,-,943,2021-02-28,2021,02,28,千葉県,ＪＦＥ体育館,奈良ドリーマーズ,クボタスピアーズ,言上真一,丹下雅行,0,3,3,Lose,71,85,83,15:15,16:44,40,大塚達也,笈川博彰,梅北将大,長崎克行,Home
15,,上竣,3,■,■,■,,,31,11,3,35.5,3.67,9,5,0,55.6,0,-,9,0,3,1,-5.6,1,1.0,0.0,100.0,943,2021-02-28,2021,02,28,千葉県,ＪＦＥ体育館,奈良ドリーマーズ,クボタスピアーズ,言上真一,丹下雅行,0,3,3,Lose,71,85,83,15:15,16:44,40,大塚達也,笈川博彰,梅北将大,長崎克行,Home
17,,碩幸輝,3,■,■,■,,,25,12,1,48.0,4.00,0,0,0,-,2,0.67,9,0,1,1,0.0,1,1.0,0.0,100.0,943,2021-02-28,2021,02,28,千葉県,ＪＦＥ体育館,奈良ドリーマーズ,クボタスピアーズ,言上真一,丹下雅行,0,3,3,Lose,71,85,83,15:15,16:44,40,大塚達也,笈川博彰,梅北将大,長崎克行,Home
18,,南本大貴,3,■,■,■,,,1,1,0,100.0,0.33,0,0,0,-,0,-,13,0,0,3,5.8,0,0.0,0.0,-,943,2021-02-28,2021,02,28,千葉県,ＪＦＥ体育館,奈良ドリーマーズ,クボタスピアーズ,言上真一,丹下雅行,0,3,3,Lose,71,85,83,15:15,16:44,40,大塚達也,笈川博彰,梅北将大,長崎克行,Home
19,L,石渡瑛法,3,●,●,●,,,0,0,0,-,-,0,0,0,-,0,-,0,0,0,0,-,31,24.0,5.0,85.5,943,2021-02-28,2021,02,28,千葉県,ＪＦＥ体育館,奈良ドリーマーズ,クボタスピアーズ,言上真一,丹下雅行,0,3,3,Lose,71,85,83,15:15,16:44,40,大塚達也,笈川博彰,梅北将大,長崎克行,Home
1,,鎌苅翔,3,■,■,■,,,13,6,1,46.2,2.00,0,0,0,-,5,1.67,8,0,0,1,3.1,0,0.0,0.0,-,943,2021-02-28,2021,02,28,千葉県,ＪＦＥ体育館,クボタスピアーズ,奈良ドリーマーズ,川田匠,荒枝和紀,3,0,3,Win,85,71,83,15:15,16:44,40,大塚達也,笈川博彰,梅北将大,長崎克行,Away
2,,赤松圭介,3,■,■,■,,,37,18,3,48.6,6.00,10,6,1,60.0,0,-,12,0,1,0,-2.1,0,0.0,0.0,-,943,2021-02-28,2021,02,28,千葉県,ＪＦＥ体育館,クボタスピアーズ,奈良ドリーマーズ,川田匠,荒枝和紀,3,0,3,Win,85,71,83,15:15,16:44,40,大塚達也,笈川博彰,梅北将大,長崎克行,Away
3,,早瀬川雄也,0,,,,,,0,0,0,-,-,0,0,0,-,0,-,0,0,0,0,-,0,0.0,0.0,-,943,2021-02-28,2021,02,28,千葉県,ＪＦＥ体育館,クボタスピアーズ,奈良ドリーマーズ,川田匠,荒枝和紀,3,0,3,Win,85,71,83,15:15,16:44,40,大塚達也,笈川博彰,梅北将大,長崎克行,Away
4,,岡崎誠,3,■,■,■,,,22,9,0,40.9,3.00,0,0,0,-,1,0.33,17,0,3,4,1.5,7,4.0,0.0,57.1,943,2021-02-28,2021,02,28,千葉県,ＪＦＥ体育館,クボタスピアーズ,奈良ドリーマーズ,川田匠,荒枝和紀,3,0,3,Win,85,71,83,15:15,16:44,40,大塚達也,笈川博彰,梅北将大,長崎克行,Away
5,,丸一達也,1,■,,,,,2,1,1,50.0,1.00,0,0,0,-,0,-,3,0,0,0,0.0,0,0.0,0.0,-,943,2021-02-28,2021,02,28,千葉県,ＪＦＥ体育館,クボタスピアーズ,奈良ドリーマーズ,川田匠,荒枝和紀,3,0,3,Win,85,71,83,15:15,16:44,40,大塚達也,笈川博彰,梅北将大,長崎克行,Away
6,,阪根彩斗,1,,,□,,,3,2,0,66.7,2.00,0,0,0,-,0,-,0,0,0,0,-,2,0.0,0.0,0.0,943,2021-02-28,2021,02,28,千葉県,ＪＦＥ体育館,クボタスピアーズ,奈良ドリーマーズ,川田匠,荒枝和紀,3,0,3,Win,85,71,83,15:15,16:44,40,大塚達也,笈川博彰,梅北将大,長崎克行,Away
8,,野口拓朗,3,■,■,■,,,12,4,1,33.3,1.33,0,0,0,-,1,0.33,19,0,0,0,0.0,4,2.0,1.0,62.5,943,2021-02-28,2021,02,28,千葉県,ＪＦＥ体育館,クボタスピアーズ,奈良ドリーマーズ,川田匠,荒枝和紀,3,0,3,Win,85,71,83,15:15,16:44,40,大塚達也,笈川博彰,梅北将大,長崎克行,Away
9,,田中誠,3,■,■,■,,,0,0,0,-,-,0,0,0,-,1,0.33,11,1,0,0,9.1,1,1.0,0.0,100.0,943,2021-02-28,2021,02,28,千葉県,ＪＦＥ体育館,クボタスピアーズ,奈良ドリーマーズ,川田匠,荒枝和紀,3,0,3,Win,85,71,83,15:15,16:44,40,大塚達也,笈川博彰,梅北将大,長崎克行,Away
10,L,寺田晃聖,3,●,●,●,,,0,0,0,-,-,0,0,0,-,0,-,0,0,0,0,-,41,21.0,14.0,68.3,943,2021-02-28,2021,02,28,千葉県,ＪＦＥ体育館,クボタスピアーズ,奈良ドリーマーズ,川田匠,荒枝和紀,3,0,3,Win,85,71,83,15:15,16:44,40,大塚達也,笈川博彰,梅北将大,長崎克行,Away
12,,籠樹,1,,,□,,,0,0,0,-,-,0,0,0,-,0,-,2,0,0,0,0.0,0,0.0,0.0,-,943,2021-02-28,2021,02,28,千葉県,ＪＦＥ体育館,クボタスピアーズ,奈良ドリーマーズ,川田匠,荒枝和紀,3,0,3,Win,85,71,83,15:15,16:44,40,大塚達也,笈川博彰,梅北将大,長崎克行,Away
13,,津崎智之,1,,,□,,,0,0,0,-,-,0,0,0,-,0,-,0,0,0,0,-,0,0.0,0.0,-,943,2021-02-28,2021,02,28,千葉県,ＪＦＥ体育館,クボタスピアーズ,奈良ドリーマーズ,川田匠,荒枝和紀,3,0,3,Win,85,71,83,15:15,16:44,40,大塚達也,笈川博彰,梅北将大,長崎克行,Away
14,L,守山巧,0,,,,,,0,0,0,-,-,0,0,0,-,0,-,0,0,0,0,-,0,0.0,0.0,-,943,2021-02-28,2021,02,28,千葉県,ＪＦＥ体育館,クボタスピアーズ,奈良ドリーマーズ,川田匠,荒枝和紀,3,0,3,Win,85,71,83,15:15,16:44,40,大塚達也,笈川博彰,梅北将大,長崎克行,Away
16,,谷口裕太郎,3,□,■,■,,,15,9,0,60.0,3.00,0,0,0,-,1,0.33,11,0,0,2,4.5,0,0.0,0.0,-,943,2021-02-28,2021,02,28,千葉県,ＪＦＥ体育館,クボタスピアーズ,奈良ドリーマーズ,川田匠,荒枝和紀,3,0,3,Win,85,71,83,15:15,16:44,40,大塚達也,笈川博彰,梅北将大,長崎克行,Away
17,,田中伸哉,2,□,□,,,,0,0,0,-,-,0,0,0,-,0,-,0,0,0,0,-,4,2.0,0.0,50.0,943,2021-02-28,2021,02,28,千葉県,ＪＦＥ体育館,クボタスピアーズ,奈良ドリーマーズ,川田匠,荒枝和紀,3,0,3,Win,85,71,83,15:15,16:44,40,大塚達也,笈川博彰,梅北将大,長崎克行,Away
