AA,AP,AE,ASucc%,AP/S,BAA,BAP,BAE,BASucc%,BP,BP/S,SVA,SVP,SVE,SVx,SVEff%,RA,Rx,Rg,RSucc%,MatchNo.,Date,Year,Month,Day,Place,Venue,Team,Op.Team,Director,Coach,Win Set,Lose Set,Total Set,Win Lose,Get Point,Lose Point,Game Time,Start Time,End Time,Spectators,Jury,Chief Umpire,Sub Umpire,Judgeman,Home Away,OpAA,OpAP,OpAE,OpASucc%,OpAP/S,OpBAA,OpBAP,OpBAE,OpBASucc%,OpBP,OpBP/S,OpSVA,OpSVP,OpSVE,OpSVx,OpSVEff%,OpRA,OpRx,OpRg,OpRSucc%
121,56,9,46.3,11.20,20,9,4,45.0,16,3.20,103,3,15,25,5.3,84,41.0,22.0,61.9,101,2018-10-26,2018,10,26,,大田区総合体育館,サントリーサンバーズ,JTサンダーズ,荻野正二,酒井大祐,3,2,5,Win,104,103,122,19:31,21:49,3000,小柴滋,浅井唯由,澤達大,塚本健二,Home,122,58,7,47.5,11.60,28,17,3,60.7,12,2.40,104,6,18,17,5.5,87,36.0,24.0,55.2
122,58,7,47.5,11.60,28,17,3,60.7,12,2.40,104,6,18,17,5.5,87,36.0,24.0,55.2,101,2018-10-26,2018,10,26,,大田区総合体育館,JTサンダーズ,サントリーサンバーズ,ｳﾞｺｳﾞｨｯﾁｳﾞｪｾﾘﾝ,ｻﾄﾚﾙﾃｨﾈ,2,3,5,Lose,103,104,122,19:31,21:49,3000,小柴滋,浅井唯由,澤達大,塚本健二,Away,121,56,9,46.3,11.20,20,9,4,45.0,16,3.20,103,3,15,25,5.3,84,41.0,22.0,61.9
79,39,5,49.4,13.00,13,5,3,38.5,7,2.33,73,4,13,21,8.2,42,17.0,11.0,53.6,104,2018-10-27,2018,10,27,,松本市総合体育館,東レアローズ,大分三好ヴァイセアドラー,小林敦,篠田歩,3,0,3,Win,75,54,73,12:00,13:19,940,勝又正,江下毅,森口豊,内藤義人,Home,83,31,10,37.3,10.33,28,11,4,39.3,4,1.33,56,1,13,14,2.2,58,21.0,16.0,50.0
83,31,10,37.3,10.33,28,11,4,39.3,4,1.33,56,1,13,14,2.2,58,21.0,16.0,50.0,104,2018-10-27,2018,10,27,,松本市総合体育館,大分三好ヴァイセアドラー,東レアローズ,小川貴史,小林尚登,0,3,3,Lose,54,75,73,12:00,13:19,940,勝又正,江下毅,森口豊,内藤義人,Away,79,39,5,49.4,13.00,13,5,3,38.5,7,2.33,73,4,13,21,8.2,42,17.0,11.0,53.6
80,42,4,52.5,14.00,4,3,0,75.0,4,1.33,78,3,12,18,5.8,48,25.0,9.0,61.5,102,2018-10-27,2018,10,27,,小牧スポーツ公園総合体育館（パークアリーナ小牧）,豊田合成トレフェルサ,FC東京,ﾄﾐｰﾃｨﾘｶｲﾈﾝ,ｸﾘｽﾃｨｱﾝｿﾝｱﾝﾃﾞｨｯｼｭ,3,0,3,Win,79,64,86,13:00,14:39,2100,利根川忠史,西中野健,城智人,戸田幸喜,Home,91,38,8,41.8,12.67,11,2,1,18.2,5,1.67,65,4,16,11,4.2,64,29.0,16.0,57.8
91,38,8,41.8,12.67,11,2,1,18.2,5,1.67,65,4,16,11,4.2,64,29.0,16.0,57.8,102,2018-10-27,2018,10,27,,小牧スポーツ公園総合体育館（パークアリーナ小牧）,FC東京,豊田合成トレフェルサ,ﾛﾃﾞｨｱﾚｯｻﾝﾄﾞﾛ,坂本将康,0,3,3,Lose,64,79,86,13:00,14:39,2100,利根川忠史,西中野健,城智人,戸田幸喜,Away,80,42,4,52.5,14.00,4,3,0,75.0,4,1.33,78,3,12,18,5.8,48,25.0,9.0,61.5
108,53,5,49.1,13.25,13,4,1,30.8,9,2.25,95,6,12,32,11.6,62,24.0,20.0,54.8,103,2018-10-27,2018,10,27,,小牧スポーツ公園総合体育館（パークアリーナ小牧）,ジェイテクトSTINGS,堺ブレイザーズ,高橋慎治,若山智昭,3,1,4,Win,96,80,111,16:00,18:00,1800,利根川忠史,山本晋五,千代延靖夫,天野五月,Home,116,50,8,43.1,12.50,28,12,2,42.9,10,2.50,81,1,18,18,1.2,79,26.0,19.0,44.9
116,50,8,43.1,12.50,28,12,2,42.9,10,2.50,81,1,18,18,1.2,79,26.0,19.0,44.9,103,2018-10-27,2018,10,27,,小牧スポーツ公園総合体育館（パークアリーナ小牧）,堺ブレイザーズ,ジェイテクトSTINGS,真保綱一郎,上杉徹,1,3,4,Lose,80,96,111,16:00,18:00,1800,利根川忠史,山本晋五,千代延靖夫,天野五月,Away,108,53,5,49.1,13.25,13,4,1,30.8,9,2.25,95,6,12,32,11.6,62,24.0,20.0,54.8
72,31,6,43.1,10.33,13,5,3,38.5,3,1.00,61,4,12,15,7.8,59,26.0,17.0,58.5,105,2018-10-27,2018,10,27,,松本市総合体育館,VC長野トライデンツ,パナソニックパンサーズ,笹川星哉,ｱｰﾏﾂﾏｻｼﾞｪﾃﾞｨ,0,3,3,Lose,59,75,71,16:00,17:24,1470,勝又正,原啓之,戸川太輔,内藤義人,Home,73,42,6,57.5,14.00,13,8,2,61.5,9,3.00,73,5,13,16,7.9,49,22.0,12.0,57.1
73,42,6,57.5,14.00,13,8,2,61.5,9,3.00,73,5,13,16,7.9,49,22.0,12.0,57.1,105,2018-10-27,2018,10,27,,松本市総合体育館,パナソニックパンサーズ,VC長野トライデンツ,川村慎二,行武広貴,3,0,3,Win,75,59,71,16:00,17:24,1470,勝又正,原啓之,戸川太輔,内藤義人,Away,72,31,6,43.1,10.33,13,5,3,38.5,3,1.00,61,4,12,15,7.8,59,26.0,17.0,58.5
95,45,3,47.4,15.00,19,8,1,42.1,10,3.33,74,0,9,15,2.0,54,26.0,18.0,64.8,108,2018-10-28,2018,10,28,,松本市総合体育館,VC長野トライデンツ,大分三好ヴァイセアドラー,笹川星哉,ｱｰﾏﾂﾏｻｼﾞｪﾃﾞｨ,3,0,3,Win,75,65,83,12:00,13:36,1020,勝又正,森口豊,江下毅,橋詰清美,Home,106,46,7,43.4,15.33,28,15,3,53.6,5,1.67,66,2,11,10,2.7,65,37.0,13.0,66.9
106,46,7,43.4,15.33,28,15,3,53.6,5,1.67,66,2,11,10,2.7,65,37.0,13.0,66.9,108,2018-10-28,2018,10,28,,松本市総合体育館,大分三好ヴァイセアドラー,VC長野トライデンツ,小川貴史,ﾑﾚｲﾎﾟｰﾙ,0,3,3,Lose,65,75,83,12:00,13:36,1020,勝又正,森口豊,江下毅,橋詰清美,Away,95,45,3,47.4,15.00,19,8,1,42.1,10,3.33,74,0,9,15,2.0,54,26.0,18.0,64.8
130,51,6,39.2,12.75,20,10,1,50.0,17,4.25,97,2,10,36,8.8,62,19.0,17.0,44.4,106,2018-10-28,2018,10,28,,小牧スポーツ公園総合体育館（パークアリーナ小牧）,豊田合成トレフェルサ,堺ブレイザーズ,ﾄﾐｰﾃｨﾘｶｲﾈﾝ,ｸﾘｽﾃｨｱﾝｿﾝｱﾝﾃﾞｨｯｼｭ,3,1,4,Win,98,82,115,13:00,15:09,2300,利根川忠史,千代延靖夫,山本晋五,三角希実,Home,127,50,8,39.4,12.50,37,13,3,35.1,9,2.25,83,3,19,25,5.4,86,31.0,18.0,46.5
127,50,8,39.4,12.50,37,13,3,35.1,9,2.25,83,3,19,25,5.4,86,31.0,18.0,46.5,106,2018-10-28,2018,10,28,,小牧スポーツ公園総合体育館（パークアリーナ小牧）,堺ブレイザーズ,豊田合成トレフェルサ,真保綱一郎,上杉徹,1,3,4,Lose,82,98,115,13:00,15:09,2300,利根川忠史,千代延靖夫,山本晋五,三角希実,Away,130,51,6,39.2,12.75,20,10,1,50.0,17,4.25,97,2,10,36,8.8,62,19.0,17.0,44.4
76,45,3,59.2,15.00,10,6,1,60.0,9,3.00,74,2,11,16,4.4,46,16.0,16.0,52.2,109,2018-10-28,2018,10,28,,松本市総合体育館,パナソニックパンサーズ,東レアローズ,川村慎二,行武広貴,3,0,3,Win,75,58,74,15:00,16:20,1500,勝又正,戸川太輔,原啓之,樋口裕晃,Home,80,33,4,41.2,11.00,17,7,3,41.2,8,2.67,59,1,12,14,2.5,62,34.0,11.0,63.7
80,33,4,41.2,11.00,17,7,3,41.2,8,2.67,59,1,12,14,2.5,62,34.0,11.0,63.7,109,2018-10-28,2018,10,28,,松本市総合体育館,東レアローズ,パナソニックパンサーズ,小林敦,篠田歩,0,3,3,Lose,58,75,74,15:00,16:20,1500,勝又正,戸川太輔,原啓之,樋口裕晃,Away,76,45,3,59.2,15.00,10,6,1,60.0,9,3.00,74,2,11,16,4.4,46,16.0,16.0,52.2
104,49,6,47.1,16.33,14,8,0,57.1,5,1.67,80,6,11,23,11.2,58,22.0,21.0,56.0,107,2018-10-28,2018,10,28,,小牧スポーツ公園総合体育館（パークアリーナ小牧）,ジェイテクトSTINGS,FC東京,高橋慎治,若山智昭,3,0,3,Win,82,71,86,16:30,18:02,1300,利根川忠史,城智人,西中野健,松本冴香,Home,92,46,6,50.0,15.33,13,7,0,53.8,7,2.33,73,1,14,15,1.7,67,24.0,17.0,48.5
92,46,6,50.0,15.33,13,7,0,53.8,7,2.33,73,1,14,15,1.7,67,24.0,17.0,48.5,107,2018-10-28,2018,10,28,,小牧スポーツ公園総合体育館（パークアリーナ小牧）,FC東京,ジェイテクトSTINGS,ﾛﾃﾞｨｱﾚｯｻﾝﾄﾞﾛ,坂本将康,0,3,3,Lose,71,82,86,16:30,18:02,1300,利根川忠史,城智人,西中野健,松本冴香,Away,104,49,6,47.1,16.33,14,8,0,57.1,5,1.67,80,6,11,23,11.2,58,22.0,21.0,56.0
78,38,2,48.7,12.67,13,4,1,30.8,9,3.00,74,5,12,14,7.4,45,26.0,10.0,68.9,112,2018-11-03,2018,11,03,,福井県営体育館,豊田合成トレフェルサ,大分三好ヴァイセアドラー,ﾄﾐｰﾃｨﾘｶｲﾈﾝ,ｸﾘｽﾃｨｱﾝｿﾝｱﾝﾃﾞｨｯｼｭ,3,0,3,Win,75,62,86,12:00,13:32,1000,伊藤博之,江下毅,原啓之,田畑亮祐,Home,88,39,5,44.3,13.00,28,14,1,50.0,4,1.33,63,4,14,9,4.4,57,26.0,17.0,60.5
88,39,5,44.3,13.00,28,14,1,50.0,4,1.33,63,4,14,9,4.4,57,26.0,17.0,60.5,112,2018-11-03,2018,11,03,,福井県営体育館,大分三好ヴァイセアドラー,豊田合成トレフェルサ,小川貴史,小林尚登,0,3,3,Lose,62,75,86,12:00,13:32,1000,伊藤博之,江下毅,原啓之,田畑亮祐,Away,78,38,2,48.7,12.67,13,4,1,30.8,9,3.00,74,5,12,14,7.4,45,26.0,10.0,68.9
81,46,6,56.8,15.33,18,11,4,61.1,9,3.00,73,2,12,13,3.1,46,29.0,9.0,72.8,110,2018-11-03,2018,11,03,,シシンヨーオークアリーナ（呉市総合体育館）,サントリーサンバーズ,VC長野トライデンツ,荻野正二,ﾚｵﾅﾙﾄﾞｶﾙﾊﾞﾘｮ,3,0,3,Win,75,50,76,13:00,14:22,1000,石井洋壮,國頭亮太,冨田博一,藤井勇紀,Home,84,24,6,28.6,8.00,15,1,2,6.7,4,1.33,52,3,6,8,6.7,60,28.0,19.0,62.5
84,24,6,28.6,8.00,15,1,2,6.7,4,1.33,52,3,6,8,6.7,60,28.0,19.0,62.5,110,2018-11-03,2018,11,03,,シシンヨーオークアリーナ（呉市総合体育館）,VC長野トライデンツ,サントリーサンバーズ,笹川星哉,ｱｰﾏﾂﾏｻｼﾞｪﾃﾞｨ,0,3,3,Lose,50,75,76,13:00,14:22,1000,石井洋壮,國頭亮太,冨田博一,藤井勇紀,Away,81,46,6,56.8,15.33,18,11,4,61.1,9,3.00,73,2,12,13,3.1,46,29.0,9.0,72.8
114,55,6,48.2,13.75,16,10,2,62.5,11,2.75,98,4,18,15,3.3,65,42.0,12.0,73.8,113,2018-11-03,2018,11,03,,福井県営体育館,パナソニックパンサーズ,ジェイテクトSTINGS,川村慎二,古田博幸,3,1,4,Win,99,86,108,15:00,16:57,1600,伊藤博之,森口豊,服部篤史,田畑亮祐,Home,118,49,7,41.5,12.25,26,13,2,50.0,7,1.75,87,4,21,8,0.9,78,39.0,22.0,64.1
118,49,7,41.5,12.25,26,13,2,50.0,7,1.75,87,4,21,8,0.9,78,39.0,22.0,64.1,113,2018-11-03,2018,11,03,,福井県営体育館,ジェイテクトSTINGS,パナソニックパンサーズ,高橋慎治,若山智昭,1,3,4,Lose,86,99,108,15:00,16:57,1600,伊藤博之,森口豊,服部篤史,田畑亮祐,Away,114,55,6,48.2,13.75,16,10,2,62.5,11,2.75,98,4,18,15,3.3,65,42.0,12.0,73.8
65,37,5,56.9,12.33,10,7,1,70.0,11,3.67,74,8,13,20,13.2,44,18.0,9.0,51.1,111,2018-11-03,2018,11,03,,シシンヨーオークアリーナ（呉市総合体育館）,JTサンダーズ,東レアローズ,ｳﾞｺｳﾞｨｯﾁｳﾞｪｾﾘﾝ,菅直哉,3,0,3,Win,75,54,72,16:00,17:25,1600,石井洋壮,千代延靖夫,山本和良,赤瀬広幸,Home,70,26,5,37.1,8.67,17,6,1,35.3,8,2.67,55,0,11,17,2.7,57,24.0,14.0,54.4
70,26,5,37.1,8.67,17,6,1,35.3,8,2.67,55,0,11,17,2.7,57,24.0,14.0,54.4,111,2018-11-03,2018,11,03,,シシンヨーオークアリーナ（呉市総合体育館）,東レアローズ,JTサンダーズ,小林敦,篠田歩,0,3,3,Lose,54,75,72,16:00,17:25,1600,石井洋壮,千代延靖夫,山本和良,赤瀬広幸,Away,65,37,5,56.9,12.33,10,7,1,70.0,11,3.67,74,8,13,20,13.2,44,18.0,9.0,51.1
98,46,6,46.9,11.50,21,10,0,47.6,10,2.50,97,7,21,23,7.7,72,20.0,23.0,43.8,114,2018-11-03,2018,11,03,,堺市金岡公園体育館,堺ブレイザーズ,FC東京,真保綱一郎,坂梨朋彦,3,1,4,Win,98,90,114,16:00,18:10,1500,田野昭彦,戸川太輔,中山健,和佐田信行,Home,109,54,11,49.5,13.50,21,11,2,52.4,7,1.75,91,0,19,29,2.7,73,22.0,25.0,47.3
109,54,11,49.5,13.50,21,11,2,52.4,7,1.75,91,0,19,29,2.7,73,22.0,25.0,47.3,114,2018-11-03,2018,11,03,,堺市金岡公園体育館,FC東京,堺ブレイザーズ,ﾛﾃﾞｨｱﾚｯｻﾝﾄﾞﾛ,坂本将康,1,3,4,Lose,90,98,114,16:00,18:10,1500,田野昭彦,戸川太輔,中山健,和佐田信行,Away,98,46,6,46.9,11.50,21,10,0,47.6,10,2.50,97,7,21,23,7.7,72,20.0,23.0,43.8
105,56,7,53.3,14.00,20,11,0,55.0,9,2.25,99,7,23,14,4.8,77,54.0,11.0,77.3,115,2018-11-04,2018,11,04,,シシンヨーオークアリーナ（呉市総合体育館）,東レアローズ,サントリーサンバーズ,小林敦,篠田歩,3,1,4,Win,100,96,109,12:00,13:58,1100,石井洋壮,冨田博一,國頭亮太,奥先裕美,Home,99,50,11,50.5,12.50,26,14,4,53.8,9,2.25,97,3,17,12,1.8,73,47.0,12.0,72.6
99,50,11,50.5,12.50,26,14,4,53.8,9,2.25,97,3,17,12,1.8,73,47.0,12.0,72.6,115,2018-11-04,2018,11,04,,シシンヨーオークアリーナ（呉市総合体育館）,サントリーサンバーズ,東レアローズ,荻野正二,ﾚｵﾅﾙﾄﾞｶﾙﾊﾞﾘｮ,1,3,4,Lose,96,100,109,12:00,13:58,1100,石井洋壮,冨田博一,國頭亮太,奥先裕美,Away,105,56,7,53.3,14.00,20,11,0,55.0,9,2.25,99,7,23,14,4.8,77,54.0,11.0,77.3
102,49,5,48.0,12.25,18,7,2,38.9,13,3.25,97,4,10,13,4.9,60,34.0,17.0,70.8,117,2018-11-04,2018,11,04,,福井県営体育館,ジェイテクトSTINGS,大分三好ヴァイセアドラー,高橋慎治,若山智昭,3,1,4,Win,98,79,100,12:00,13:49,1100,伊藤博之,原啓之,江下毅,田畑亮祐,Home,121,55,10,45.5,13.75,35,16,4,45.7,8,2.00,80,1,19,9,-1.9,85,46.0,26.0,69.4
121,55,10,45.5,13.75,35,16,4,45.7,8,2.00,80,1,19,9,-1.9,85,46.0,26.0,69.4,117,2018-11-04,2018,11,04,,福井県営体育館,大分三好ヴァイセアドラー,ジェイテクトSTINGS,小川貴史,小林尚登,1,3,4,Lose,79,98,100,12:00,13:49,1100,伊藤博之,原啓之,江下毅,田畑亮祐,Away,102,49,5,48.0,12.25,18,7,2,38.9,13,3.25,97,4,10,13,4.9,60,34.0,17.0,70.8
70,45,3,64.3,15.00,10,9,0,90.0,6,2.00,75,3,14,9,2.3,45,25.0,11.0,67.8,118,2018-11-04,2018,11,04,,福井県営体育館,パナソニックパンサーズ,豊田合成トレフェルサ,川村慎二,行武広貴,3,0,3,Win,76,61,89,15:00,16:35,1500,伊藤博之,服部篤史,森口豊,田畑亮祐,Home,71,35,4,49.3,11.67,16,4,2,25.0,6,2.00,62,3,16,7,1.2,60,41.0,8.0,75.0
71,35,4,49.3,11.67,16,4,2,25.0,6,2.00,62,3,16,7,1.2,60,41.0,8.0,75.0,118,2018-11-04,2018,11,04,,福井県営体育館,豊田合成トレフェルサ,パナソニックパンサーズ,ﾄﾐｰﾃｨﾘｶｲﾈﾝ,深津貴之,0,3,3,Lose,61,76,89,15:00,16:35,1500,伊藤博之,服部篤史,森口豊,田畑亮祐,Away,70,45,3,64.3,15.00,10,9,0,90.0,6,2.00,75,3,14,9,2.3,45,25.0,11.0,67.8
74,43,5,58.1,14.33,17,11,2,64.7,9,3.00,73,2,12,18,4.8,53,27.0,15.0,65.1,116,2018-11-04,2018,11,04,,シシンヨーオークアリーナ（呉市総合体育館）,JTサンダーズ,VC長野トライデンツ,ｳﾞｺｳﾞｨｯﾁｳﾞｪｾﾘﾝ,菅直哉,3,0,3,Win,75,61,75,15:00,16:28,1600,石井洋壮,山本和良,千代延靖夫,友成文恵,Home,87,42,9,48.3,14.00,11,4,3,36.4,0,0.00,63,0,10,11,0.4,61,26.0,17.0,56.6
87,42,9,48.3,14.00,11,4,3,36.4,0,0.00,63,0,10,11,0.4,61,26.0,17.0,56.6,116,2018-11-04,2018,11,04,,シシンヨーオークアリーナ（呉市総合体育館）,VC長野トライデンツ,JTサンダーズ,笹川星哉,ｱｰﾏﾂﾏｻｼﾞｪﾃﾞｨ,0,3,3,Lose,61,75,75,15:00,16:28,1600,石井洋壮,山本和良,千代延靖夫,友成文恵,Away,74,43,5,58.1,14.33,17,11,2,64.7,9,3.00,73,2,12,18,4.8,53,27.0,15.0,65.1
72,37,6,51.4,12.33,16,9,3,56.2,6,2.00,59,1,9,11,2.5,60,22.0,19.0,52.5,119,2018-11-10,2018,11,10,,刈谷市総合運動公園体育館（ウィングアリーナ刈谷）,ジェイテクトSTINGS,JTサンダーズ,高橋慎治,若山智昭,0,3,3,Lose,57,75,68,13:00,14:14,2400,伊藤博之,江下毅,村中伸,渡部あかね,Home,70,41,4,58.6,13.67,13,8,0,61.5,7,2.33,73,7,9,16,12.0,50,21.0,17.0,59.0
70,41,4,58.6,13.67,13,8,0,61.5,7,2.33,73,7,9,16,12.0,50,21.0,17.0,59.0,119,2018-11-10,2018,11,10,,刈谷市総合運動公園体育館（ウィングアリーナ刈谷）,JTサンダーズ,ジェイテクトSTINGS,ｳﾞｺｳﾞｨｯﾁｳﾞｪｾﾘﾝ,ｻﾄﾚﾙﾃｨﾈ,3,0,3,Win,75,57,68,13:00,14:14,2400,伊藤博之,江下毅,村中伸,渡部あかね,Away,72,37,6,51.4,12.33,16,9,3,56.2,6,2.00,59,1,9,11,2.5,60,22.0,19.0,52.5
105,58,6,55.2,14.50,14,3,2,21.4,9,2.25,95,5,13,25,8.4,65,30.0,19.0,60.8,121,2018-11-10,2018,11,10,,墨田区総合体育館,FC東京,大分三好ヴァイセアドラー,ﾛﾃﾞｨｱﾚｯｻﾝﾄﾞﾛ,坂本将康,3,1,4,Win,96,78,95,13:00,14:51,1800,大塚達也,桑原健輔,高橋宏明,塚本健二,Home,112,51,6,45.5,12.75,26,16,0,61.5,5,1.25,79,1,13,16,2.2,79,24.0,28.0,48.1
112,51,6,45.5,12.75,26,16,0,61.5,5,1.25,79,1,13,16,2.2,79,24.0,28.0,48.1,121,2018-11-10,2018,11,10,,墨田区総合体育館,大分三好ヴァイセアドラー,FC東京,小川貴史,小林尚登,1,3,4,Lose,78,96,95,13:00,14:51,1800,大塚達也,桑原健輔,高橋宏明,塚本健二,Away,105,58,6,55.2,14.50,14,3,2,21.4,9,2.25,95,5,13,25,8.4,65,30.0,19.0,60.8
110,55,6,50.0,13.75,18,5,3,27.8,5,1.25,93,3,16,21,4.6,76,33.0,16.0,53.9,120,2018-11-10,2018,11,10,,刈谷市総合運動公園体育館（ウィングアリーナ刈谷）,豊田合成トレフェルサ,サントリーサンバーズ,ﾄﾐｰﾃｨﾘｶｲﾈﾝ,ｸﾘｽﾃｨｱﾝｿﾝｱﾝﾃﾞｨｯｼｭ,1,3,4,Lose,92,99,116,16:00,18:05,1000,伊藤博之,國頭亮太,山本和良,中倉文菜,Home,108,61,7,56.5,15.25,33,16,4,48.5,8,2.00,98,5,19,25,6.6,76,38.0,15.0,59.9
108,61,7,56.5,15.25,33,16,4,48.5,8,2.00,98,5,19,25,6.6,76,38.0,15.0,59.9,120,2018-11-10,2018,11,10,,刈谷市総合運動公園体育館（ウィングアリーナ刈谷）,サントリーサンバーズ,豊田合成トレフェルサ,荻野正二,酒井大祐,3,1,4,Win,99,92,116,16:00,18:05,1000,伊藤博之,國頭亮太,山本和良,中倉文菜,Away,110,55,6,50.0,13.75,18,5,3,27.8,5,1.25,93,3,16,21,4.6,76,33.0,16.0,53.9
92,43,8,46.7,10.75,14,7,3,50.0,13,3.25,97,4,11,23,7.2,64,34.0,15.0,64.8,122,2018-11-10,2018,11,10,,墨田区総合体育館,パナソニックパンサーズ,堺ブレイザーズ,川村慎二,古田博幸,3,1,4,Win,98,88,101,16:00,18:00,1600,大塚達也,浅井唯由,原啓之,森健,Home,125,56,10,44.8,14.00,25,9,3,36.0,4,1.00,89,6,23,15,4.5,85,33.0,28.0,55.3
125,56,10,44.8,14.00,25,9,3,36.0,4,1.00,89,6,23,15,4.5,85,33.0,28.0,55.3,122,2018-11-10,2018,11,10,,墨田区総合体育館,堺ブレイザーズ,パナソニックパンサーズ,真保綱一郎,上杉徹,1,3,4,Lose,88,98,101,16:00,18:00,1600,大塚達也,浅井唯由,原啓之,森健,Away,92,43,8,46.7,10.75,14,7,3,50.0,13,3.25,97,4,11,23,7.2,64,34.0,15.0,64.8
105,56,11,53.3,14.00,20,12,4,60.0,5,1.25,90,7,14,29,11.9,86,27.0,23.0,44.8,123,2018-11-11,2018,11,11,,刈谷市総合運動公園体育館（ウィングアリーナ刈谷）,ジェイテクトSTINGS,サントリーサンバーズ,高橋慎治,若山智昭,1,3,4,Lose,89,101,112,12:00,14:01,2100,伊藤博之,村中伸,國頭亮太,天野五月,Home,110,63,7,57.3,15.75,25,12,4,48.0,5,1.25,100,3,13,36,8.8,72,30.0,10.0,48.6
110,63,7,57.3,15.75,25,12,4,48.0,5,1.25,100,3,13,36,8.8,72,30.0,10.0,48.6,123,2018-11-11,2018,11,11,,刈谷市総合運動公園体育館（ウィングアリーナ刈谷）,サントリーサンバーズ,ジェイテクトSTINGS,荻野正二,酒井大祐,3,1,4,Win,101,89,112,12:00,14:01,2100,伊藤博之,村中伸,國頭亮太,天野五月,Away,105,56,11,53.3,14.00,20,12,4,60.0,5,1.25,90,7,14,29,11.9,86,27.0,23.0,44.8
106,50,5,47.2,12.50,20,8,2,40.0,8,2.00,97,4,12,19,5.9,66,27.0,16.0,53.0,125,2018-11-11,2018,11,11,,墨田区総合体育館,堺ブレイザーズ,大分三好ヴァイセアドラー,真保綱一郎,上杉徹,3,1,4,Win,98,87,104,12:00,13:53,1300,大塚達也,原啓之,浅井唯由,渡部千穂,Home,124,63,10,50.8,15.75,34,15,2,44.1,4,1.00,88,1,22,23,1.4,84,41.0,21.0,61.3
124,63,10,50.8,15.75,34,15,2,44.1,4,1.00,88,1,22,23,1.4,84,41.0,21.0,61.3,125,2018-11-11,2018,11,11,,墨田区総合体育館,大分三好ヴァイセアドラー,堺ブレイザーズ,小川貴史,小林尚登,1,3,4,Lose,87,98,104,12:00,13:53,1300,大塚達也,原啓之,浅井唯由,渡部千穂,Away,106,50,5,47.2,12.50,20,8,2,40.0,8,2.00,97,4,12,19,5.9,66,27.0,16.0,53.0
69,39,9,56.5,13.00,14,6,3,42.9,7,2.33,74,4,13,18,7.1,48,25.0,10.0,62.5,127,2018-11-11,2018,11,11,,三島市民体育館,東レアローズ,VC長野トライデンツ,小林敦,篠田歩,3,0,3,Win,76,64,76,13:00,14:22,1377,勝又正,戸川太輔,澤達大,鈴木基之,Home,73,36,8,49.3,12.00,13,4,3,30.8,2,0.67,66,1,18,12,-0.8,61,29.0,10.0,55.7
73,36,8,49.3,12.00,13,4,3,30.8,2,0.67,66,1,18,12,-0.8,61,29.0,10.0,55.7,127,2018-11-11,2018,11,11,,三島市民体育館,VC長野トライデンツ,東レアローズ,笹川星哉,ｱｰﾏﾂﾏｻｼﾞｪﾃﾞｨ,0,3,3,Lose,64,76,76,13:00,14:22,1377,勝又正,戸川太輔,澤達大,鈴木基之,Away,69,39,9,56.5,13.00,14,6,3,42.9,7,2.33,74,4,13,18,7.1,48,25.0,10.0,62.5
131,71,4,54.2,14.20,29,13,3,44.8,8,1.60,116,2,19,29,3.9,89,39.0,23.0,56.7,124,2018-11-11,2018,11,11,,刈谷市総合運動公園体育館（ウィングアリーナ刈谷）,豊田合成トレフェルサ,JTサンダーズ,ﾄﾐｰﾃｨﾘｶｲﾈﾝ,ｸﾘｽﾃｨｱﾝｿﾝｱﾝﾃﾞｨｯｼｭ,3,2,5,Win,117,111,126,15:00,17:18,1300,伊藤博之,山本和良,江下毅,三角希実,Home,138,76,11,55.1,15.20,30,20,3,66.7,5,1.00,112,3,21,26,3.8,97,44.0,23.0,57.2
138,76,11,55.1,15.20,30,20,3,66.7,5,1.00,112,3,21,26,3.8,97,44.0,23.0,57.2,124,2018-11-11,2018,11,11,,刈谷市総合運動公園体育館（ウィングアリーナ刈谷）,JTサンダーズ,豊田合成トレフェルサ,ｳﾞｺｳﾞｨｯﾁｳﾞｪｾﾘﾝ,ｻﾄﾚﾙﾃｨﾈ,2,3,5,Lose,111,117,126,15:00,17:18,1300,伊藤博之,山本和良,江下毅,三角希実,Away,131,71,4,54.2,14.20,29,13,3,44.8,8,1.60,116,2,19,29,3.9,89,39.0,23.0,56.7
89,35,7,39.3,11.67,9,5,1,55.6,2,0.67,54,2,8,12,5.6,66,25.0,19.0,52.3,126,2018-11-11,2018,11,11,,墨田区総合体育館,FC東京,パナソニックパンサーズ,ﾛﾃﾞｨｱﾚｯｻﾝﾄﾞﾛ,坂本将康,0,3,3,Lose,53,75,72,15:00,16:18,1850,大塚達也,高橋宏明,桑原健輔,古田法美,Home,83,47,7,56.6,15.67,16,11,2,68.8,9,3.00,74,3,6,21,9.1,45,17.0,15.0,54.4
83,47,7,56.6,15.67,16,11,2,68.8,9,3.00,74,3,6,21,9.1,45,17.0,15.0,54.4,126,2018-11-11,2018,11,11,,墨田区総合体育館,パナソニックパンサーズ,FC東京,川村慎二,古田博幸,3,0,3,Win,75,53,72,15:00,16:18,1850,大塚達也,高橋宏明,桑原健輔,古田法美,Away,89,35,7,39.3,11.67,9,5,1,55.6,2,0.67,54,2,8,12,5.6,66,25.0,19.0,52.3
94,45,2,47.9,15.00,18,9,1,50.0,5,1.67,74,4,6,22,10.8,56,24.0,21.0,61.6,128,2018-11-17,2018,11,17,,丸善インテックアリーナ大阪（大阪市中央体育館）,パナソニックパンサーズ,JTサンダーズ,川村慎二,古田博幸,3,0,3,Win,75,65,80,11:00,12:26,920,酒出修,浅井唯由,村中伸,和佐田信行,Home,97,51,8,52.6,17.00,21,15,1,71.4,2,0.67,66,1,9,11,2.3,67,27.0,18.0,53.7
97,51,8,52.6,17.00,21,15,1,71.4,2,0.67,66,1,9,11,2.3,67,27.0,18.0,53.7,128,2018-11-17,2018,11,17,,丸善インテックアリーナ大阪（大阪市中央体育館）,JTサンダーズ,パナソニックパンサーズ,ｳﾞｺｳﾞｨｯﾁｳﾞｪｾﾘﾝ,ｻﾄﾚﾙﾃｨﾈ,0,3,3,Lose,65,75,80,11:00,12:26,920,酒出修,浅井唯由,村中伸,和佐田信行,Away,94,45,2,47.9,15.00,18,9,1,50.0,5,1.67,74,4,6,22,10.8,56,24.0,21.0,61.6
117,57,10,48.7,14.25,37,20,4,54.1,5,1.25,84,5,13,22,8.6,86,47.0,11.0,61.0,130,2018-11-17,2018,11,17,,草薙総合運動場体育館,東レアローズ,FC東京,小林敦,篠田歩,1,3,4,Lose,83,94,101,13:00,14:50,740,佐々木克之,髙橋宏明,小野将人,新妻明子,Home,118,58,8,49.2,14.50,33,13,3,39.4,6,1.50,93,4,7,24,8.9,70,35.0,10.0,57.1
118,58,8,49.2,14.50,33,13,3,39.4,6,1.50,93,4,7,24,8.9,70,35.0,10.0,57.1,130,2018-11-17,2018,11,17,,草薙総合運動場体育館,FC東京,東レアローズ,ﾛﾃﾞｨｱﾚｯｻﾝﾄﾞﾛ,坂本将康,3,1,4,Win,94,83,101,13:00,14:50,740,佐々木克之,髙橋宏明,小野将人,新妻明子,Away,117,57,10,48.7,14.25,37,20,4,54.1,5,1.25,84,5,13,22,8.6,86,47.0,11.0,61.0
75,50,2,66.7,16.67,13,8,0,61.5,8,2.67,74,0,8,20,4.1,50,29.0,12.0,70.0,129,2018-11-17,2018,11,17,,丸善インテックアリーナ大阪（大阪市中央体育館）,サントリーサンバーズ,大分三好ヴァイセアドラー,荻野正二,酒井大祐,3,0,3,Win,75,59,74,15:00,16:25,1730,酒出修,山本晋五,千代延靖夫,田中清,Home,81,43,5,53.1,14.33,23,15,1,65.2,2,0.67,60,2,10,9,2.9,66,30.0,16.0,57.6
81,43,5,53.1,14.33,23,15,1,65.2,2,0.67,60,2,10,9,2.9,66,30.0,16.0,57.6,129,2018-11-17,2018,11,17,,丸善インテックアリーナ大阪（大阪市中央体育館）,大分三好ヴァイセアドラー,サントリーサンバーズ,小川貴史,小林尚登,0,3,3,Lose,59,75,74,15:00,16:25,1730,酒出修,山本晋五,千代延靖夫,田中清,Away,75,50,2,66.7,16.67,13,8,0,61.5,8,2.67,74,0,8,20,4.1,50,29.0,12.0,70.0
78,47,3,60.3,15.67,12,7,1,58.3,6,2.00,74,5,22,18,5.4,49,15.0,11.0,41.8,131,2018-11-17,2018,11,17,,草薙総合運動場体育館,堺ブレイザーズ,VC長野トライデンツ,真保綱一郎,上杉徹,3,0,3,Win,75,61,80,16:00,17:26,740,佐々木克之,桑原健輔,戸川太輔,鈴木基之,Home,74,32,4,43.2,10.67,10,5,2,50.0,0,0.00,62,3,11,22,9.3,50,21.0,9.0,51.0
74,32,4,43.2,10.67,10,5,2,50.0,0,0.00,62,3,11,22,9.3,50,21.0,9.0,51.0,131,2018-11-17,2018,11,17,,草薙総合運動場体育館,VC長野トライデンツ,堺ブレイザーズ,笹川星哉,ｱｰﾏﾂﾏｻｼﾞｪﾃﾞｨ,0,3,3,Lose,61,75,80,16:00,17:26,740,佐々木克之,桑原健輔,戸川太輔,鈴木基之,Away,78,47,3,60.3,15.67,12,7,1,58.3,6,2.00,74,5,22,18,5.4,49,15.0,11.0,41.8
108,60,3,55.6,15.00,28,15,1,53.6,10,2.50,96,6,16,20,7.3,66,23.0,24.0,53.0,132,2018-11-17,2018,11,17,,刈谷市総合運動公園体育館（ウィングアリーナ刈谷）,ジェイテクトSTINGS,豊田合成トレフェルサ,高橋慎治,若山智昭,3,1,4,Win,97,81,101,18:30,20:20,2000,田野昭彦,山本和良,中山健,久保翔太,Home,109,47,6,43.1,11.75,12,6,1,50.0,9,2.25,82,4,14,17,5.8,78,25.0,29.0,50.6
109,47,6,43.1,11.75,12,6,1,50.0,9,2.25,82,4,14,17,5.8,78,25.0,29.0,50.6,132,2018-11-17,2018,11,17,,刈谷市総合運動公園体育館（ウィングアリーナ刈谷）,豊田合成トレフェルサ,ジェイテクトSTINGS,ﾄﾐｰﾃｨﾘｶｲﾈﾝ,ｸﾘｽﾃｨｱﾝｿﾝｱﾝﾃﾞｨｯｼｭ,1,3,4,Lose,81,97,101,18:30,20:20,2000,田野昭彦,山本和良,中山健,久保翔太,Away,108,60,3,55.6,15.00,28,15,1,53.6,10,2.50,96,6,16,20,7.3,66,23.0,24.0,53.0
60,41,4,68.3,13.67,12,9,0,75.0,10,3.33,73,4,10,26,11.0,40,15.0,12.0,52.5,133,2018-11-18,2018,11,18,,丸善インテックアリーナ大阪（大阪市中央体育館）,JTサンダーズ,大分三好ヴァイセアドラー,ｳﾞｺｳﾞｨｯﾁｳﾞｪｾﾘﾝ,ｻﾄﾚﾙﾃｨﾈ,3,0,3,Win,75,47,61,11:00,12:07,550,酒出修,千代延靖夫,浅井唯由,永江雅之,Home,70,29,8,41.4,9.67,20,4,6,20.0,3,1.00,49,1,9,13,4.1,60,13.0,21.0,39.2
70,29,8,41.4,9.67,20,4,6,20.0,3,1.00,49,1,9,13,4.1,60,13.0,21.0,39.2,133,2018-11-18,2018,11,18,,丸善インテックアリーナ大阪（大阪市中央体育館）,大分三好ヴァイセアドラー,JTサンダーズ,小川貴史,小林尚登,0,3,3,Lose,47,75,61,11:00,12:07,550,酒出修,千代延靖夫,浅井唯由,永江雅之,Away,60,41,4,68.3,13.67,12,9,0,75.0,10,3.33,73,4,10,26,11.0,40,15.0,12.0,52.5
103,45,6,43.7,11.25,18,8,3,44.4,10,2.50,94,8,8,38,16.5,61,28.0,15.0,58.2,135,2018-11-18,2018,11,18,,草薙総合運動場体育館,東レアローズ,堺ブレイザーズ,小林敦,篠田歩,3,1,4,Win,95,78,99,12:00,13:48,1540,佐々木克之,小野将人,高橋宏明,新妻明子,Home,127,58,11,45.7,14.50,25,10,2,40.0,6,1.50,79,0,18,19,0.3,84,26.0,14.0,39.3
127,58,11,45.7,14.50,25,10,2,40.0,6,1.50,79,0,18,19,0.3,84,26.0,14.0,39.3,135,2018-11-18,2018,11,18,,草薙総合運動場体育館,堺ブレイザーズ,東レアローズ,真保綱一郎,上杉徹,1,3,4,Lose,78,95,99,12:00,13:48,1540,佐々木克之,小野将人,高橋宏明,新妻明子,Away,103,45,6,43.7,11.25,18,8,3,44.4,10,2.50,94,8,8,38,16.5,61,28.0,15.0,58.2
109,61,7,56.0,15.25,25,12,3,48.0,12,3.00,97,5,15,26,8.0,70,29.0,17.0,53.6,134,2018-11-18,2018,11,18,,丸善インテックアリーナ大阪（大阪市中央体育館）,サントリーサンバーズ,パナソニックパンサーズ,荻野正二,酒井大祐,3,1,4,Win,98,83,109,15:00,17:03,2030,酒出修,村中伸,山本晋五,安田悠司,Home,109,51,3,46.8,12.75,24,13,0,54.2,5,1.25,84,5,13,24,9.2,79,28.0,25.0,51.3
109,51,3,46.8,12.75,24,13,0,54.2,5,1.25,84,5,13,24,9.2,79,28.0,25.0,51.3,134,2018-11-18,2018,11,18,,丸善インテックアリーナ大阪（大阪市中央体育館）,パナソニックパンサーズ,サントリーサンバーズ,川村慎二,ﾓｯﾀﾊﾟｴｽﾏｳﾘｼｵ,1,3,4,Lose,83,98,109,15:00,17:03,2030,酒出修,村中伸,山本晋五,安田悠司,Away,109,61,7,56.0,15.25,25,12,3,48.0,12,3.00,97,5,15,26,8.0,70,29.0,17.0,53.6
84,41,3,48.8,13.67,11,4,0,36.4,8,2.67,73,5,12,20,9.6,42,17.0,12.0,54.8,136,2018-11-18,2018,11,18,,草薙総合運動場体育館,FC東京,VC長野トライデンツ,ﾛﾃﾞｨｱﾚｯｻﾝﾄﾞﾛ,坂本将康,3,0,3,Win,75,52,73,15:00,16:19,1050,佐々木克之,戸川太輔,桑原健輔,鈴木基之,Home,90,29,7,32.2,9.67,9,1,0,11.1,3,1.00,54,3,11,11,5.6,58,25.0,11.0,52.6
90,29,7,32.2,9.67,9,1,0,11.1,3,1.00,54,3,11,11,5.6,58,25.0,11.0,52.6,136,2018-11-18,2018,11,18,,草薙総合運動場体育館,VC長野トライデンツ,FC東京,笹川星哉,ｱｰﾏﾂﾏｻｼﾞｪﾃﾞｨ,0,3,3,Lose,52,75,73,15:00,16:19,1050,佐々木克之,戸川太輔,桑原健輔,鈴木基之,Away,84,41,3,48.8,13.67,11,4,0,36.4,8,2.67,73,5,12,20,9.6,42,17.0,12.0,54.8
139,60,9,43.2,15.00,36,14,5,38.9,5,1.25,85,3,11,18,5.6,85,28.0,23.0,46.5,137,2018-11-24,2018,11,24,,堺市金岡公園体育館,堺ブレイザーズ,JTサンダーズ,真保綱一郎,上杉徹,3,1,4,Win,86,93,111,12:00,14:07,1600,印藤智一,髙橋宏明,浅井唯由,安田悠司,Home,111,56,6,50.5,14.00,27,15,3,55.6,13,3.25,94,2,9,33,8.5,74,32.0,23.0,58.8
111,56,6,50.5,14.00,27,15,3,55.6,13,3.25,94,2,9,33,8.5,74,32.0,23.0,58.8,137,2018-11-24,2018,11,24,,堺市金岡公園体育館,JTサンダーズ,堺ブレイザーズ,ｳﾞｺｳﾞｨｯﾁｳﾞｪｾﾘﾝ,ｻﾄﾚﾙﾃｨﾈ,1,3,4,Lose,93,86,111,12:00,14:07,1600,印藤智一,髙橋宏明,浅井唯由,安田悠司,Away,139,60,9,43.2,15.00,36,14,5,38.9,5,1.25,85,3,11,18,5.6,85,28.0,23.0,46.5
126,62,7,49.2,15.50,24,11,2,45.8,7,1.75,95,1,20,13,-0.8,72,32.0,15.0,54.9,139,2018-11-24,2018,11,24,,松本市総合体育館,豊田合成トレフェルサ,東レアローズ,ﾄﾐｰﾃｨﾘｶｲﾈﾝ,ｸﾘｽﾃｨｱﾝｿﾝｱﾝﾃﾞｨｯｼｭ,3,1,4,Win,96,89,112,12:00,14:01,1220,大塚達也,江下毅,澤達大,樋口裕晃,Home,117,51,6,43.6,12.75,23,11,0,47.8,6,1.50,90,4,16,24,6.7,74,48.0,13.0,73.6
117,51,6,43.6,12.75,23,11,0,47.8,6,1.50,90,4,16,24,6.7,74,48.0,13.0,73.6,139,2018-11-24,2018,11,24,,松本市総合体育館,東レアローズ,豊田合成トレフェルサ,小林敦,篠田歩,1,3,4,Lose,89,96,112,12:00,14:01,1220,大塚達也,江下毅,澤達大,樋口裕晃,Away,126,62,7,49.2,15.50,24,11,2,45.8,7,1.75,95,1,20,13,-0.8,72,32.0,15.0,54.9
102,56,5,54.9,14.00,14,9,1,64.3,10,2.50,98,6,13,26,9.4,66,21.0,24.0,50.0,138,2018-11-24,2018,11,24,,堺市金岡公園体育館,サントリーサンバーズ,FC東京,荻野正二,酒井大祐,3,1,4,Win,98,75,106,15:00,16:55,1017,印藤智一,中山健,山本和良,和佐田信行,Home,130,51,11,39.2,12.75,26,9,3,34.6,3,0.75,76,2,10,21,6.2,80,32.0,22.0,53.8
130,51,11,39.2,12.75,26,9,3,34.6,3,0.75,76,2,10,21,6.2,80,32.0,22.0,53.8,138,2018-11-24,2018,11,24,,堺市金岡公園体育館,FC東京,サントリーサンバーズ,ﾛﾃﾞｨｱﾚｯｻﾝﾄﾞﾛ,坂本将康,1,3,4,Lose,75,98,106,15:00,16:55,1017,印藤智一,中山健,山本和良,和佐田信行,Away,102,56,5,54.9,14.00,14,9,1,64.3,10,2.50,98,6,13,26,9.4,66,21.0,24.0,50.0
82,33,6,40.2,11.00,14,5,2,35.7,6,2.00,67,3,12,9,3.4,56,26.0,16.0,60.7,140,2018-11-24,2018,11,24,,松本市総合体育館,VC長野トライデンツ,ジェイテクトSTINGS,笹川星哉,ｱｰﾏﾂﾏｻｼﾞｪﾃﾞｨ,0,3,3,Lose,65,75,80,16:00,17:33,2260,大塚達也,西中野健,小野将人,橋詰清美,Home,85,46,3,54.1,15.33,15,8,2,53.3,7,2.33,73,4,17,10,3.1,52,33.0,10.0,73.1
85,46,3,54.1,15.33,15,8,2,53.3,7,2.33,73,4,17,10,3.1,52,33.0,10.0,73.1,140,2018-11-24,2018,11,24,,松本市総合体育館,ジェイテクトSTINGS,VC長野トライデンツ,高橋慎治,ﾌｧｼﾞｬｰﾆﾌｪﾃﾞﾘｺ,3,0,3,Win,75,65,80,16:00,17:33,2260,大塚達也,西中野健,小野将人,橋詰清美,Away,82,33,6,40.2,11.00,14,5,2,35.7,6,2.00,67,3,12,9,3.4,56,26.0,16.0,60.7
95,39,6,41.1,13.00,15,7,0,46.7,2,0.67,57,2,10,9,3.1,65,29.0,18.0,58.5,143,2018-11-25,2018,11,25,,松本市総合体育館,VC長野トライデンツ,豊田合成トレフェルサ,笹川星哉,ｱｰﾏﾂﾏｻｼﾞｪﾃﾞｨ,0,3,3,Lose,55,75,75,12:00,13:28,1460,大塚達也,澤達大,江下毅,内藤義人,Home,86,47,3,54.7,15.67,4,2,0,50.0,9,3.00,73,1,8,17,4.5,46,24.0,12.0,65.2
86,47,3,54.7,15.67,4,2,0,50.0,9,3.00,73,1,8,17,4.5,46,24.0,12.0,65.2,143,2018-11-25,2018,11,25,,松本市総合体育館,豊田合成トレフェルサ,VC長野トライデンツ,ﾄﾐｰﾃｨﾘｶｲﾈﾝ,ｸﾘｽﾃｨｱﾝｿﾝｱﾝﾃﾞｨｯｼｭ,3,0,3,Win,75,55,75,12:00,13:28,1460,大塚達也,澤達大,江下毅,内藤義人,Away,95,39,6,41.1,13.00,15,7,0,46.7,2,0.67,57,2,10,9,3.1,65,29.0,18.0,58.5
100,47,5,47.0,11.75,23,15,0,65.2,7,1.75,80,1,10,17,3.4,76,22.0,24.0,44.7,141,2018-11-25,2018,11,25,,堺市金岡公園体育館,堺ブレイザーズ,サントリーサンバーズ,真保綱一郎,上杉徹,1,3,4,Lose,79,94,101,12:00,13:57,1750,印藤智一,山本和良,高橋宏明,安田悠司,Home,102,60,8,58.8,15.00,19,11,3,57.9,11,2.75,93,8,14,30,12.9,69,30.0,22.0,59.4
102,60,8,58.8,15.00,19,11,3,57.9,11,2.75,93,8,14,30,12.9,69,30.0,22.0,59.4,141,2018-11-25,2018,11,25,,堺市金岡公園体育館,サントリーサンバーズ,堺ブレイザーズ,荻野正二,酒井大祐,3,1,4,Win,94,79,101,12:00,13:57,1750,印藤智一,山本和良,高橋宏明,安田悠司,Away,100,47,5,47.0,11.75,23,15,0,65.2,7,1.75,80,1,10,17,3.4,76,22.0,24.0,44.7
109,56,9,51.4,14.00,22,16,3,72.7,7,1.75,90,4,12,20,6.7,81,31.0,16.0,48.1,145,2018-11-25,2018,11,25,,大分県立総合体育館,大分三好ヴァイセアドラー,パナソニックパンサーズ,小川貴史,ﾑﾚｲﾎﾟｰﾙ,1,3,4,Lose,89,96,107,13:00,14:56,939,中馬義郎,冨田博一,千代延靖夫,平川祐介,Home,105,58,7,55.2,14.50,17,10,0,58.8,11,2.75,95,3,14,31,7.6,75,37.0,17.0,60.7
105,58,7,55.2,14.50,17,10,0,58.8,11,2.75,95,3,14,31,7.6,75,37.0,17.0,60.7,145,2018-11-25,2018,11,25,,大分県立総合体育館,パナソニックパンサーズ,大分三好ヴァイセアドラー,川村慎二,古田博幸,3,1,4,Win,96,89,107,13:00,14:56,939,中馬義郎,冨田博一,千代延靖夫,平川祐介,Away,109,56,9,51.4,14.00,22,16,3,72.7,7,1.75,90,4,12,20,6.7,81,31.0,16.0,48.1
83,46,4,55.4,15.33,16,8,3,50.0,11,3.67,73,2,10,23,7.2,48,20.0,18.0,60.4,142,2018-11-25,2018,11,25,,堺市金岡公園体育館,JTサンダーズ,FC東京,ｳﾞｺｳﾞｨｯﾁｳﾞｪｾﾘﾝ,ｻﾄﾚﾙﾃｨﾈ,3,0,3,Win,75,57,75,15:00,16:21,942,印藤智一,浅井唯由,中山健,和佐田信行,Home,92,38,4,41.3,12.67,14,6,0,42.9,1,0.33,59,1,10,10,1.7,62,26.0,13.0,52.4
92,38,4,41.3,12.67,14,6,0,42.9,1,0.33,59,1,10,10,1.7,62,26.0,13.0,52.4,142,2018-11-25,2018,11,25,,堺市金岡公園体育館,FC東京,JTサンダーズ,ﾛﾃﾞｨｱﾚｯｻﾝﾄﾞﾛ,坂本将康,0,3,3,Lose,57,75,75,15:00,16:21,942,印藤智一,浅井唯由,中山健,和佐田信行,Away,83,46,4,55.4,15.33,16,8,3,50.0,11,3.67,73,2,10,23,7.2,48,20.0,18.0,60.4
78,35,5,44.9,11.67,13,6,2,46.2,6,2.00,63,0,10,11,0.4,54,31.0,6.0,63.0,144,2018-11-25,2018,11,25,,松本市総合体育館,東レアローズ,ジェイテクトSTINGS,小林敦,篠田歩,0,3,3,Lose,61,75,75,15:00,16:21,1920,大塚達也,小野将人,西中野健,樋口裕晃,Home,81,41,4,50.6,13.67,17,8,2,47.1,11,3.67,73,7,15,17,10.3,53,19.0,23.0,57.5
81,41,4,50.6,13.67,17,8,2,47.1,11,3.67,73,7,15,17,10.3,53,19.0,23.0,57.5,144,2018-11-25,2018,11,25,,松本市総合体育館,ジェイテクトSTINGS,東レアローズ,高橋慎治,ﾌｧｼﾞｬｰﾆﾌｪﾃﾞﾘｺ,3,0,3,Win,75,61,75,15:00,16:21,1920,大塚達也,小野将人,西中野健,樋口裕晃,Away,78,35,5,44.9,11.67,13,6,2,46.2,6,2.00,63,0,10,11,0.4,54,31.0,6.0,63.0
134,62,7,46.3,12.40,21,10,1,47.6,11,2.20,111,4,20,33,6.5,97,52.0,12.0,59.8,146,2018-12-01,2018,12,01,,とくぎんトモニアリーナ（徳島市立体育館）,ジェイテクトSTINGS,大分三好ヴァイセアドラー,高橋慎治,ﾌｧｼﾞｬｰﾆﾌｪﾃﾞﾘｺ,2,3,5,Lose,111,117,134,13:00,15:26,1511,小柴滋,江下毅,グレッグルーオー,齋藤雄司,Home,125,60,10,48.0,12.00,35,16,7,45.7,15,3.00,117,6,17,30,7.9,89,45.0,10.0,56.2
125,60,10,48.0,12.00,35,16,7,45.7,15,3.00,117,6,17,30,7.9,89,45.0,10.0,56.2,146,2018-12-01,2018,12,01,,とくぎんトモニアリーナ（徳島市立体育館）,大分三好ヴァイセアドラー,ジェイテクトSTINGS,小川貴史,ﾑﾚｲﾎﾟｰﾙ,3,2,5,Win,117,111,134,13:00,15:26,1511,小柴滋,江下毅,グレッグルーオー,齋藤雄司,Away,134,62,7,46.3,12.40,21,10,1,47.6,11,2.20,111,4,20,33,6.5,97,52.0,12.0,59.8
89,47,7,52.8,11.75,12,6,3,50.0,7,1.75,86,2,13,17,3.5,70,17.0,23.0,40.7,148,2018-12-01,2018,12,01,,駒沢オリンピック公園総合運動場屋内球技場,FC東京,サントリーサンバーズ,ﾛﾃﾞｨｱﾚｯｻﾝﾄﾞﾛ,坂本将康,1,3,4,Lose,85,93,101,13:00,14:50,1480,印藤智一,高橋宏明,森口豊,塚本健二,Home,97,58,8,59.8,14.50,13,7,1,53.8,7,1.75,92,5,19,28,7.9,72,20.0,34.0,51.4
97,58,8,59.8,14.50,13,7,1,53.8,7,1.75,92,5,19,28,7.9,72,20.0,34.0,51.4,148,2018-12-01,2018,12,01,,駒沢オリンピック公園総合運動場屋内球技場,サントリーサンバーズ,FC東京,荻野正二,酒井大祐,3,1,4,Win,93,85,101,13:00,14:50,1480,印藤智一,高橋宏明,森口豊,塚本健二,Away,89,47,7,52.8,11.75,12,6,3,50.0,7,1.75,86,2,13,17,3.5,70,17.0,23.0,40.7
79,46,4,58.2,15.33,15,8,1,53.3,10,3.33,75,2,4,23,9.0,52,25.0,20.0,67.3,149,2018-12-01,2018,12,01,,駒沢オリンピック公園総合運動場屋内球技場,パナソニックパンサーズ,VC長野トライデンツ,川村慎二,古田博幸,3,0,3,Win,77,62,83,16:00,17:29,1100,印藤智一,桑原健輔,千代延靖夫,金廣美善夫,Home,101,46,6,45.5,15.33,17,6,0,35.3,3,1.00,64,3,9,7,3.9,70,23.0,22.0,48.6
101,46,6,45.5,15.33,17,6,0,35.3,3,1.00,64,3,9,7,3.9,70,23.0,22.0,48.6,149,2018-12-01,2018,12,01,,駒沢オリンピック公園総合運動場屋内球技場,VC長野トライデンツ,パナソニックパンサーズ,笹川星哉,ｱｰﾏﾂﾏｻｼﾞｪﾃﾞｨ,0,3,3,Lose,62,77,83,16:00,17:29,1100,印藤智一,桑原健輔,千代延靖夫,金廣美善夫,Away,79,46,4,58.2,15.33,15,8,1,53.3,10,3.33,75,2,4,23,9.0,52,25.0,20.0,67.3
75,34,6,45.3,11.33,15,10,2,66.7,3,1.00,58,1,9,6,0.4,58,23.0,19.0,56.0,147,2018-12-01,2018,12,01,,とくぎんトモニアリーナ（徳島市立体育館）,JTサンダーズ,東レアローズ,ｳﾞｺｳﾞｨｯﾁｳﾞｪｾﾘﾝ,菅直哉,0,3,3,Lose,57,75,67,16:20,17:33,1632,小柴滋,山本晋五,中山健,佐藤栄作,Home,76,44,4,57.9,14.67,18,11,1,61.1,10,3.33,73,5,12,13,7.2,48,33.0,9.0,78.1
76,44,4,57.9,14.67,18,11,1,61.1,10,3.33,73,5,12,13,7.2,48,33.0,9.0,78.1,147,2018-12-01,2018,12,01,,とくぎんトモニアリーナ（徳島市立体育館）,東レアローズ,JTサンダーズ,小林敦,篠田歩,3,0,3,Win,75,57,67,16:20,17:33,1632,小柴滋,山本晋五,中山健,佐藤栄作,Away,75,34,6,45.3,11.33,15,10,2,66.7,3,1.00,58,1,9,6,0.4,58,23.0,19.0,56.0
114,55,5,48.2,13.75,20,11,1,55.0,6,1.50,93,5,14,23,7.8,74,27.0,23.0,52.0,150,2018-12-02,2018,12,02,,とくぎんトモニアリーナ（徳島市立体育館）,ジェイテクトSTINGS,東レアローズ,高橋慎治,ﾌｧｼﾞｬｰﾆﾌｪﾃﾞﾘｺ,3,1,4,Win,94,90,110,12:00,13:59,1623,小柴滋,グレッグルーオー,江下毅,齋藤雄司,Home,100,49,7,49.0,12.25,23,14,1,60.9,12,3.00,91,4,15,23,6.6,77,34.0,17.0,55.2
100,49,7,49.0,12.25,23,14,1,60.9,12,3.00,91,4,15,23,6.6,77,34.0,17.0,55.2,150,2018-12-02,2018,12,02,,とくぎんトモニアリーナ（徳島市立体育館）,東レアローズ,ジェイテクトSTINGS,小林敦,篠田歩,1,3,4,Lose,90,94,110,12:00,13:59,1623,小柴滋,グレッグルーオー,江下毅,齋藤雄司,Away,114,55,5,48.2,13.75,20,11,1,55.0,6,1.50,93,5,14,23,7.8,74,27.0,23.0,52.0
77,35,5,45.5,11.67,11,6,0,54.5,12,4.00,73,3,15,8,1.7,49,22.0,16.0,61.2,152,2018-12-02,2018,12,02,,駒沢オリンピック公園総合運動場屋内球技場,サントリーサンバーズ,VC長野トライデンツ,荻野正二,酒井大祐,3,0,3,Win,75,62,72,12:00,13:18,1200,印藤智一,森口豊,桑原健輔,高澤利恵,Home,87,32,8,36.8,10.67,12,4,1,33.3,6,2.00,64,4,14,8,3.9,57,25.0,22.0,63.2
87,32,8,36.8,10.67,12,4,1,33.3,6,2.00,64,4,14,8,3.9,57,25.0,22.0,63.2,152,2018-12-02,2018,12,02,,駒沢オリンピック公園総合運動場屋内球技場,VC長野トライデンツ,サントリーサンバーズ,笹川星哉,ｱｰﾏﾂﾏｻｼﾞｪﾃﾞｨ,0,3,3,Lose,62,75,72,12:00,13:18,1200,印藤智一,森口豊,桑原健輔,高澤利恵,Away,77,35,5,45.5,11.67,11,6,0,54.5,12,4.00,73,3,15,8,1.7,49,22.0,16.0,61.2
101,54,7,53.5,13.50,18,10,1,55.6,7,1.75,94,5,8,35,12.5,68,33.0,20.0,63.2,154,2018-12-02,2018,12,02,,小牧スポーツ公園総合体育館（パークアリーナ小牧）,豊田合成トレフェルサ,堺ブレイザーズ,ﾄﾐｰﾃｨﾘｶｲﾈﾝ,ｸﾘｽﾃｨｱﾝｿﾝｱﾝﾃﾞｨｯｼｭ,3,1,4,Win,95,84,113,14:00,16:02,2100,加冶健男,澤達大,山本和良,松本冴香,Home,117,56,6,47.9,14.00,15,8,2,53.3,6,1.50,85,2,16,15,2.1,83,30.0,18.0,47.0
117,56,6,47.9,14.00,15,8,2,53.3,6,1.50,85,2,16,15,2.1,83,30.0,18.0,47.0,154,2018-12-02,2018,12,02,,小牧スポーツ公園総合体育館（パークアリーナ小牧）,堺ブレイザーズ,豊田合成トレフェルサ,真保綱一郎,上杉徹,1,3,4,Lose,84,95,113,14:00,16:02,2100,加冶健男,澤達大,山本和良,松本冴香,Away,101,54,7,53.5,13.50,18,10,1,55.6,7,1.75,94,5,8,35,12.5,68,33.0,20.0,63.2
69,45,2,65.2,15.00,13,9,0,69.2,15,5.00,74,1,16,18,2.0,47,25.0,10.0,63.8,151,2018-12-02,2018,12,02,,とくぎんトモニアリーナ（徳島市立体育館）,JTサンダーズ,大分三好ヴァイセアドラー,ｳﾞｺｳﾞｨｯﾁｳﾞｪｾﾘﾝ,菅直哉,3,0,3,Win,75,57,71,15:00,16:17,1735,小柴滋,中山健,山本晋五,佐藤栄作,Home,77,35,3,45.5,11.67,20,9,2,45.0,3,1.00,58,1,10,12,2.6,57,21.0,19.0,53.5
77,35,3,45.5,11.67,20,9,2,45.0,3,1.00,58,1,10,12,2.6,57,21.0,19.0,53.5,151,2018-12-02,2018,12,02,,とくぎんトモニアリーナ（徳島市立体育館）,大分三好ヴァイセアドラー,JTサンダーズ,小川貴史,ﾑﾚｲﾎﾟｰﾙ,0,3,3,Lose,57,75,71,15:00,16:17,1735,小柴滋,中山健,山本晋五,佐藤栄作,Away,69,45,2,65.2,15.00,13,9,0,69.2,15,5.00,74,1,16,18,2.0,47,25.0,10.0,63.8
90,43,9,47.8,14.33,14,5,3,35.7,2,0.67,57,2,12,12,3.5,68,30.0,20.0,58.8,153,2018-12-02,2018,12,02,,駒沢オリンピック公園総合運動場屋内球技場,FC東京,パナソニックパンサーズ,ﾛﾃﾞｨｱﾚｯｻﾝﾄﾞﾛ,坂本将康,0,3,3,Lose,56,77,72,15:00,16:18,2000,印藤智一,千代延靖夫,高橋宏明,渡部千穂,Home,69,47,2,68.1,15.67,17,10,0,58.8,5,1.67,76,2,7,18,6.2,44,18.0,13.0,55.7
69,47,2,68.1,15.67,17,10,0,58.8,5,1.67,76,2,7,18,6.2,44,18.0,13.0,55.7,153,2018-12-02,2018,12,02,,駒沢オリンピック公園総合運動場屋内球技場,パナソニックパンサーズ,FC東京,川村慎二,古田博幸,3,0,3,Win,77,56,72,15:00,16:18,2000,印藤智一,千代延靖夫,高橋宏明,渡部千穂,Away,90,43,9,47.8,14.33,14,5,3,35.7,2,0.67,57,2,12,12,3.5,68,30.0,20.0,58.8
112,54,8,48.2,13.50,23,12,3,52.2,4,1.00,85,8,17,17,9.4,84,38.0,25.0,60.1,157,2018-12-08,2018,12,08,,パナソニックアリーナ,ジェイテクトSTINGS,サントリーサンバーズ,高橋慎治,若山智昭,1,3,4,Lose,84,99,100,12:00,13:49,2250,加治健男,森口豊,山本和良,和佐田信行,Home,94,55,3,58.5,13.75,14,9,0,64.3,14,3.50,98,3,13,20,4.8,63,26.0,19.0,56.3
94,55,3,58.5,13.75,14,9,0,64.3,14,3.50,98,3,13,20,4.8,63,26.0,19.0,56.3,157,2018-12-08,2018,12,08,,パナソニックアリーナ,サントリーサンバーズ,ジェイテクトSTINGS,荻野正二,酒井大祐,3,1,4,Win,99,84,100,12:00,13:49,2250,加治健男,森口豊,山本和良,和佐田信行,Away,112,54,8,48.2,13.50,23,12,3,52.2,4,1.00,85,8,17,17,9.4,84,38.0,25.0,60.1
98,47,6,48.0,15.67,23,10,4,43.5,7,2.33,73,3,9,15,6.2,55,18.0,20.0,50.9,155,2018-12-08,2018,12,08,,北九州市立総合体育館,堺ブレイザーズ,VC長野トライデンツ,真保綱一郎,上杉徹,3,0,3,Win,75,64,84,12:02,13:37,1984,石井洋壮,戸川太輔,国頭亮太,賀来愛実,Home,98,45,5,45.9,15.00,16,4,1,25.0,2,0.67,66,0,11,17,2.3,63,26.0,22.0,58.7
98,45,5,45.9,15.00,16,4,1,25.0,2,0.67,66,0,11,17,2.3,63,26.0,22.0,58.7,155,2018-12-08,2018,12,08,,北九州市立総合体育館,VC長野トライデンツ,堺ブレイザーズ,笹川星哉,ｱｰﾏﾂﾏｻｼﾞｪﾃﾞｨ,0,3,3,Lose,64,75,84,12:02,13:37,1984,石井洋壮,戸川太輔,国頭亮太,賀来愛実,Away,98,47,6,48.0,15.67,23,10,4,43.5,7,2.33,73,3,9,15,6.2,55,18.0,20.0,50.9
96,43,7,44.8,10.75,14,6,0,42.9,11,2.75,85,0,13,30,5.0,69,24.0,20.0,49.3,158,2018-12-08,2018,12,08,,パナソニックアリーナ,パナソニックパンサーズ,JTサンダーズ,川村慎二,古田博幸,1,3,4,Lose,84,92,99,15:00,16:48,2800,加治健男,原啓之,千代延靖夫,安田悠司,Home,105,49,9,46.7,12.25,27,14,6,51.9,17,4.25,91,3,20,25,4.7,72,28.0,14.0,48.6
105,49,9,46.7,12.25,27,14,6,51.9,17,4.25,91,3,20,25,4.7,72,28.0,14.0,48.6,158,2018-12-08,2018,12,08,,パナソニックアリーナ,JTサンダーズ,パナソニックパンサーズ,ｳﾞｺｳﾞｨｯﾁｳﾞｪｾﾘﾝ,ｻﾄﾚﾙﾃｨﾈ,3,1,4,Win,92,84,99,15:00,16:48,2800,加治健男,原啓之,千代延靖夫,安田悠司,Away,96,43,7,44.8,10.75,14,6,0,42.9,11,2.75,85,0,13,30,5.0,69,24.0,20.0,49.3
87,45,4,51.7,15.00,23,8,4,34.8,7,2.33,74,3,7,21,8.8,44,19.0,12.0,56.8,156,2018-12-08,2018,12,08,,北九州市立総合体育館,豊田合成トレフェルサ,FC東京,ﾄﾐｰﾃｨﾘｶｲﾈﾝ,ｸﾘｽﾃｨｱﾝｿﾝｱﾝﾃﾞｨｯｼｭ,3,0,3,Win,75,61,76,15:00,16:22,1200,石井洋壮,江下毅,山本晋五,藤瀬このみ,Home,100,35,6,35.0,11.67,7,3,1,42.9,9,3.00,62,5,14,13,7.7,65,29.0,15.0,56.2
100,35,6,35.0,11.67,7,3,1,42.9,9,3.00,62,5,14,13,7.7,65,29.0,15.0,56.2,156,2018-12-08,2018,12,08,,北九州市立総合体育館,FC東京,豊田合成トレフェルサ,ﾛﾃﾞｨｱﾚｯｻﾝﾄﾞﾛ,坂本将康,0,3,3,Lose,61,75,76,15:00,16:22,1200,石井洋壮,江下毅,山本晋五,藤瀬このみ,Away,87,45,4,51.7,15.00,23,8,4,34.8,7,2.33,74,3,7,21,8.8,44,19.0,12.0,56.8
126,62,6,49.2,12.40,36,19,3,52.8,12,2.40,110,4,20,21,3.9,81,50.0,15.0,71.0,161,2018-12-09,2018,12,09,,パナソニックアリーナ,JTサンダーズ,サントリーサンバーズ,ｳﾞｺｳﾞｨｯﾁｳﾞｪｾﾘﾝ,ｻﾄﾚﾙﾃｨﾈ,2,3,5,Lose,109,107,130,12:00,14:22,2500,加治健男,千代延靖夫,原啓之,越村弘,Home,127,66,7,52.0,13.20,26,12,4,46.2,7,1.40,106,4,22,16,2.4,90,52.0,17.0,67.2
127,66,7,52.0,13.20,26,12,4,46.2,7,1.40,106,4,22,16,2.4,90,52.0,17.0,67.2,161,2018-12-09,2018,12,09,,パナソニックアリーナ,サントリーサンバーズ,JTサンダーズ,荻野正二,酒井大祐,3,2,5,Win,107,109,130,12:00,14:22,2500,加治健男,千代延靖夫,原啓之,越村弘,Away,126,62,6,49.2,12.40,36,19,3,52.8,12,2.40,110,4,20,21,3.9,81,50.0,15.0,71.0
93,45,3,48.4,15.00,13,9,0,69.2,5,1.67,74,5,16,18,7.4,52,19.0,17.0,52.9,159,2018-12-09,2018,12,09,,北九州市立総合体育館,堺ブレイザーズ,FC東京,真保綱一郎,上杉徹,3,0,3,Win,75,63,83,12:01,13:37,2497,石井洋壮,山本晋五,戸川太輔,森朝美,Home,86,34,7,39.5,11.33,9,2,3,22.2,7,2.33,64,2,11,16,5.1,56,35.0,4.0,66.1
86,34,7,39.5,11.33,9,2,3,22.2,7,2.33,64,2,11,16,5.1,56,35.0,4.0,66.1,159,2018-12-09,2018,12,09,,北九州市立総合体育館,FC東京,堺ブレイザーズ,ﾛﾃﾞｨｱﾚｯｻﾝﾄﾞﾛ,坂本将康,0,3,3,Lose,63,75,83,12:01,13:37,2497,石井洋壮,山本晋五,戸川太輔,森朝美,Away,93,45,3,48.4,15.00,13,9,0,69.2,5,1.67,74,5,16,18,7.4,52,19.0,17.0,52.9
114,64,6,56.1,12.80,38,19,3,50.0,8,1.60,108,6,15,13,5.1,83,35.0,19.0,53.6,163,2018-12-09,2018,12,09,,大分県立総合体育館,大分三好ヴァイセアドラー,東レアローズ,小川貴史,小林尚登,3,2,5,Win,110,102,120,13:00,15:12,853,中馬義郎,グレッグルーオー,中山健,平川祐介,Home,128,66,10,51.6,13.20,35,18,4,51.4,10,2.00,103,4,19,26,5.6,90,49.0,25.0,68.3
128,66,10,51.6,13.20,35,18,4,51.4,10,2.00,103,4,19,26,5.6,90,49.0,25.0,68.3,163,2018-12-09,2018,12,09,,大分県立総合体育館,東レアローズ,大分三好ヴァイセアドラー,小林敦,篠田歩,2,3,5,Lose,102,110,120,13:00,15:12,853,中馬義郎,グレッグルーオー,中山健,平川祐介,Away,114,64,6,56.1,12.80,38,19,3,50.0,8,1.60,108,6,15,13,5.1,83,35.0,19.0,53.6
103,52,5,50.5,17.33,19,6,2,31.6,3,1.00,73,3,14,14,4.1,51,33.0,10.0,74.5,160,2018-12-09,2018,12,09,,北九州市立総合体育館,豊田合成トレフェルサ,VC長野トライデンツ,ﾄﾐｰﾃｨﾘｶｲﾈﾝ,ｸﾘｽﾃｨｱﾝｿﾝｱﾝﾃﾞｨｯｼｭ,3,0,3,Win,75,62,79,15:00,16:25,1100,石井洋壮,国頭亮太,江下毅,青栁遥,Home,81,33,4,40.7,11.00,17,4,0,23.5,7,2.33,64,1,12,8,0.0,57,24.0,19.0,58.8
81,33,4,40.7,11.00,17,4,0,23.5,7,2.33,64,1,12,8,0.0,57,24.0,19.0,58.8,160,2018-12-09,2018,12,09,,北九州市立総合体育館,VC長野トライデンツ,豊田合成トレフェルサ,笹川星哉,ｱｰﾏﾂﾏｻｼﾞｪﾃﾞｨ,0,3,3,Lose,62,75,79,15:00,16:25,1100,石井洋壮,国頭亮太,江下毅,青栁遥,Away,103,52,5,50.5,17.33,19,6,2,31.6,3,1.00,73,3,14,14,4.1,51,33.0,10.0,74.5
109,53,6,48.6,13.25,19,13,2,68.4,12,3.00,94,4,7,27,9.6,75,34.0,18.0,57.3,162,2018-12-09,2018,12,09,,パナソニックアリーナ,パナソニックパンサーズ,ジェイテクトSTINGS,川村慎二,古田博幸,3,1,4,Win,95,92,106,15:15,17:10,2950,加治健男,山本和良,森口豊,和佐田信行,Home,124,64,5,51.6,16.00,23,16,1,69.6,5,1.25,93,7,15,20,8.9,85,40.0,17.0,57.1
124,64,5,51.6,16.00,23,16,1,69.6,5,1.25,93,7,15,20,8.9,85,40.0,17.0,57.1,162,2018-12-09,2018,12,09,,パナソニックアリーナ,ジェイテクトSTINGS,パナソニックパンサーズ,高橋慎治,若山智昭,1,3,4,Lose,92,95,106,15:15,17:10,2950,加治健男,山本和良,森口豊,和佐田信行,Away,109,53,6,48.6,13.25,19,13,2,68.4,12,3.00,94,4,7,27,9.6,75,34.0,18.0,57.3
76,39,5,51.3,13.00,14,7,0,50.0,1,0.33,65,2,14,5,-0.4,57,21.0,26.0,59.6,164,2019-01-05,2019,01,05,,小牧スポーツ公園総合体育館（パークアリーナ小牧）,豊田合成トレフェルサ,東レアローズ,ﾄﾐｰﾃｨﾘｶｲﾈﾝ,ｸﾘｽﾃｨｱﾝｿﾝｱﾝﾃﾞｨｯｼｭ,0,3,3,Lose,63,75,79,13:00,14:30,2200,勝又正,浅井唯由,小野将人,森廣淳一,Home,74,43,6,58.1,14.33,19,12,2,63.2,7,2.33,73,4,13,10,4.5,50,27.0,18.0,72.0
74,43,6,58.1,14.33,19,12,2,63.2,7,2.33,73,4,13,10,4.5,50,27.0,18.0,72.0,164,2019-01-05,2019,01,05,,小牧スポーツ公園総合体育館（パークアリーナ小牧）,東レアローズ,豊田合成トレフェルサ,小林敦,篠田歩,3,0,3,Win,75,63,79,13:00,14:30,2200,勝又正,浅井唯由,小野将人,森廣淳一,Away,76,39,5,51.3,13.00,14,7,0,50.0,1,0.33,65,2,14,5,-0.4,57,21.0,26.0,59.6
104,59,8,56.7,14.75,27,15,3,55.6,18,4.50,98,1,16,26,3.6,72,34.0,8.0,52.8,166,2019-01-05,2019,01,05,,広島県立総合体育館,JTサンダーズ,FC東京,ｳﾞｺｳﾞｨｯﾁｳﾞｪｾﾘﾝ,ｻﾄﾚﾙﾃｨﾈ,3,1,4,Win,99,86,103,13:00,14:59,4460,中馬義郎,千代延靖夫,西中野健,友成文恵,Home,112,46,5,41.1,11.50,14,10,0,71.4,7,1.75,86,3,14,30,8.1,82,35.0,21.0,55.5
112,46,5,41.1,11.50,14,10,0,71.4,7,1.75,86,3,14,30,8.1,82,35.0,21.0,55.5,166,2019-01-05,2019,01,05,,広島県立総合体育館,FC東京,JTサンダーズ,ﾛﾃﾞｨｱﾚｯｻﾝﾄﾞﾛ,坂本将康,1,3,4,Lose,86,99,103,13:00,14:59,4460,中馬義郎,千代延靖夫,西中野健,友成文恵,Away,104,59,8,56.7,14.75,27,15,3,55.6,18,4.50,98,1,16,26,3.6,72,34.0,8.0,52.8
70,34,1,48.6,11.33,15,7,0,46.7,9,3.00,74,0,5,22,5.7,43,14.0,10.0,44.2,168,2019-01-05,2019,01,05,,パナソニックアリーナ,パナソニックパンサーズ,サントリーサンバーズ,川村慎二,古田博幸,3,0,3,Win,75,61,84,14:00,15:30,2300,伊藤博之,冨田博一,Greg Rouault,安田悠司,Home,99,46,7,46.5,15.33,27,11,1,40.7,4,1.33,62,2,19,19,3.2,69,30.0,17.0,55.8
99,46,7,46.5,15.33,27,11,1,40.7,4,1.33,62,2,19,19,3.2,69,30.0,17.0,55.8,168,2019-01-05,2019,01,05,,パナソニックアリーナ,サントリーサンバーズ,パナソニックパンサーズ,荻野正二,酒井大祐,0,3,3,Lose,61,75,84,14:00,15:30,2300,伊藤博之,冨田博一,Greg Rouault,安田悠司,Away,70,34,1,48.6,11.33,15,7,0,46.7,9,3.00,74,0,5,22,5.7,43,14.0,10.0,44.2
77,46,6,59.7,15.33,9,6,1,66.7,2,0.67,74,7,8,19,13.2,51,19.0,20.0,56.9,165,2019-01-05,2019,01,05,,小牧スポーツ公園総合体育館（パークアリーナ小牧）,堺ブレイザーズ,大分三好ヴァイセアドラー,真保綱一郎,上杉徹,3,0,3,Win,75,60,77,16:00,17:23,1300,勝又正,城智人,澤達大,松本冴香,Home,79,43,9,54.4,14.33,23,5,3,21.7,2,0.67,61,0,10,12,0.8,62,18.0,23.0,47.6
79,43,9,54.4,14.33,23,5,3,21.7,2,0.67,61,0,10,12,0.8,62,18.0,23.0,47.6,165,2019-01-05,2019,01,05,,小牧スポーツ公園総合体育館（パークアリーナ小牧）,大分三好ヴァイセアドラー,堺ブレイザーズ,小川貴史,小林尚登,0,3,3,Lose,60,75,77,16:00,17:23,1300,勝又正,城智人,澤達大,松本冴香,Away,77,46,6,59.7,15.33,9,6,1,66.7,2,0.67,74,7,8,19,13.2,51,19.0,20.0,56.9
118,62,8,52.5,15.50,23,14,2,60.9,11,2.75,95,3,15,16,3.4,74,29.0,33.0,61.5,167,2019-01-05,2019,01,05,,広島県立総合体育館,ジェイテクトSTINGS,VC長野トライデンツ,高橋慎治,若山智昭,3,1,4,Win,96,86,100,16:00,17:49,1520,中馬義郎,國頭亮太,山本晋吾,山根凛太朗,Home,102,44,5,43.1,11.00,14,6,1,42.9,11,2.75,87,3,11,12,3.7,78,43.0,19.0,67.3
102,44,5,43.1,11.00,14,6,1,42.9,11,2.75,87,3,11,12,3.7,78,43.0,19.0,67.3,167,2019-01-05,2019,01,05,,広島県立総合体育館,VC長野トライデンツ,ジェイテクトSTINGS,笹川星哉,ｱｰﾏﾂﾏｻｼﾞｪﾃﾞｨ,1,3,4,Lose,86,96,100,16:00,17:49,1520,中馬義郎,國頭亮太,山本晋吾,山根凛太朗,Away,118,62,8,52.5,15.50,23,14,2,60.9,11,2.75,95,3,15,16,3.4,74,29.0,33.0,61.5
124,59,10,47.6,11.80,18,7,1,38.9,14,2.80,109,6,12,24,8.3,76,18.0,26.0,40.8,171,2019-01-06,2019,01,06,,広島県立総合体育館,ジェイテクトSTINGS,FC東京,高橋慎治,若山智昭,3,2,5,Win,110,92,123,12:00,14:15,1350,中馬義郎,山本晋五,千代延靖夫,友成文恵,Home,150,52,14,34.7,10.40,20,9,3,45.0,9,1.80,93,6,14,32,11.3,95,54.0,17.0,65.8
150,52,14,34.7,10.40,20,9,3,45.0,9,1.80,93,6,14,32,11.3,95,54.0,17.0,65.8,171,2019-01-06,2019,01,06,,広島県立総合体育館,FC東京,ジェイテクトSTINGS,ﾛﾃﾞｨｱﾚｯｻﾝﾄﾞﾛ,坂本将康,2,3,5,Lose,92,110,123,12:00,14:15,1350,中馬義郎,山本晋五,千代延靖夫,友成文恵,Away,124,59,10,47.6,11.80,18,7,1,38.9,14,2.80,109,6,12,24,8.3,76,18.0,26.0,40.8
82,41,7,50.0,13.67,19,13,2,68.4,9,3.00,76,3,9,19,7.2,57,16.0,21.0,46.5,169,2019-01-06,2019,01,06,,小牧スポーツ公園総合体育館（パークアリーナ小牧）,豊田合成トレフェルサ,大分三好ヴァイセアドラー,ﾄﾐｰﾃｨﾘｶｲﾈﾝ,ｸﾘｽﾃｨｱﾝｿﾝｱﾝﾃﾞｨｯｼｭ,3,0,3,Win,77,68,83,13:00,14:34,1800,勝又正,小野将人,城智人,中倉文菜,Home,96,40,7,41.7,13.33,28,9,4,32.1,3,1.00,69,5,11,20,10.5,66,24.0,23.0,53.8
96,40,7,41.7,13.33,28,9,4,32.1,3,1.00,69,5,11,20,10.5,66,24.0,23.0,53.8,169,2019-01-06,2019,01,06,,小牧スポーツ公園総合体育館（パークアリーナ小牧）,大分三好ヴァイセアドラー,豊田合成トレフェルサ,小川貴史,小林尚登,0,3,3,Lose,68,77,83,13:00,14:34,1800,勝又正,小野将人,城智人,中倉文菜,Away,82,41,7,50.0,13.67,19,13,2,68.4,9,3.00,76,3,9,19,7.2,57,16.0,21.0,46.5
86,46,6,53.5,15.33,19,11,2,57.9,9,3.00,75,4,14,23,8.3,58,22.0,17.0,52.6,172,2019-01-06,2019,01,06,,広島県立総合体育館,JTサンダーズ,VC長野トライデンツ,ｳﾞｺｳﾞｨｯﾁｳﾞｪｾﾘﾝ,ｻﾄﾚﾙﾃｨﾈ,3,0,3,Win,77,65,81,15:00,16:34,3830,中馬義郎,西中野健,國頭亮太,山根凜太朗,Home,83,33,9,39.8,11.00,18,9,3,50.0,3,1.00,67,5,8,19,11.6,59,13.0,23.0,41.5
83,33,9,39.8,11.00,18,9,3,50.0,3,1.00,67,5,8,19,11.6,59,13.0,23.0,41.5,172,2019-01-06,2019,01,06,,広島県立総合体育館,VC長野トライデンツ,JTサンダーズ,笹川星哉,ｱｰﾏﾂﾏｻｼﾞｪﾃﾞｨ,0,3,3,Lose,65,77,81,15:00,16:34,3830,中馬義郎,西中野健,國頭亮太,山根凜太朗,Away,86,46,6,53.5,15.33,19,11,2,57.9,9,3.00,75,4,14,23,8.3,58,22.0,17.0,52.6
93,46,5,49.5,11.50,28,16,2,57.1,17,4.25,93,8,9,31,14.5,61,20.0,17.0,46.7,170,2019-01-06,2019,01,06,,小牧スポーツ公園総合体育館（パークアリーナ小牧）,東レアローズ,堺ブレイザーズ,小林敦,篠田歩,3,1,4,Win,94,73,91,16:00,17:40,1300,勝又正,澤達大,浅井唯由,内山希美,Home,106,42,10,39.6,10.50,19,10,3,52.6,8,2.00,74,5,13,19,8.8,81,25.0,20.0,43.2
106,42,10,39.6,10.50,19,10,3,52.6,8,2.00,74,5,13,19,8.8,81,25.0,20.0,43.2,170,2019-01-06,2019,01,06,,小牧スポーツ公園総合体育館（パークアリーナ小牧）,堺ブレイザーズ,東レアローズ,真保綱一郎,上杉徹,1,3,4,Lose,73,94,91,16:00,17:40,1300,勝又正,澤達大,浅井唯由,内山希美,Away,93,46,5,49.5,11.50,28,16,2,57.1,17,4.25,93,8,9,31,14.5,61,20.0,17.0,46.7
84,47,7,56.0,15.67,27,15,2,55.6,5,1.67,77,7,12,16,10.4,61,30.0,11.0,58.2,175,2019-01-12,2019,01,12,,大分県立総合体育館,東レアローズ,サントリーサンバーズ,小林敦,篠田歩,3,0,3,Win,79,70,84,12:00,13:30,1142,中馬義郎,浅井唯由,山本晋五,平川祐介,Home,83,44,9,53.0,14.67,21,11,3,52.4,5,1.67,72,1,11,19,4.2,62,26.0,17.0,55.6
83,44,9,53.0,14.67,21,11,3,52.4,5,1.67,72,1,11,19,4.2,62,26.0,17.0,55.6,175,2019-01-12,2019,01,12,,大分県立総合体育館,サントリーサンバーズ,東レアローズ,荻野正二,酒井大祐,0,3,3,Lose,70,79,84,12:00,13:30,1142,中馬義郎,浅井唯由,山本晋五,平川祐介,Away,84,47,7,56.0,15.67,27,15,2,55.6,5,1.67,77,7,12,16,10.4,61,30.0,11.0,58.2
108,43,9,39.8,10.75,26,9,4,34.6,11,2.75,84,6,10,27,12.2,72,42.0,9.0,64.6,173,2019-01-12,2019,01,12,,福山市緑町公園屋内競技場（ローズアリーナ）,ジェイテクトSTINGS,堺ブレイザーズ,高橋慎治,若山智昭,1,3,4,Lose,83,90,108,13:00,14:57,1550,石井洋壮,グレッグルーオー,原啓之,藤井勇紀,Home,122,57,5,46.7,14.25,19,9,0,47.4,9,2.25,89,3,16,21,4.8,72,34.0,11.0,54.9
122,57,5,46.7,14.25,19,9,0,47.4,9,2.25,89,3,16,21,4.8,72,34.0,11.0,54.9,173,2019-01-12,2019,01,12,,福山市緑町公園屋内競技場（ローズアリーナ）,堺ブレイザーズ,ジェイテクトSTINGS,真保綱一郎,上杉徹,3,1,4,Win,90,83,108,13:00,14:57,1550,石井洋壮,グレッグルーオー,原啓之,藤井勇紀,Away,108,43,9,39.8,10.75,26,9,4,34.6,11,2.75,84,6,10,27,12.2,72,42.0,9.0,64.6
128,64,9,50.0,16.00,35,20,4,57.1,5,1.25,106,4,17,18,4.0,93,35.0,23.0,50.0,176,2019-01-12,2019,01,12,,大分県立総合体育館,大分三好ヴァイセアドラー,パナソニックパンサーズ,小川貴史,小林尚登,1,3,4,Lose,105,112,121,15:00,17:10,1320,中馬義郎,山本和良,小野将人,平川祐介,Home,137,75,11,54.7,18.75,20,9,2,45.0,7,1.75,111,3,17,33,6.3,88,49.0,18.0,65.9
137,75,11,54.7,18.75,20,9,2,45.0,7,1.75,111,3,17,33,6.3,88,49.0,18.0,65.9,176,2019-01-12,2019,01,12,,大分県立総合体育館,パナソニックパンサーズ,大分三好ヴァイセアドラー,川村慎二,古田博幸,3,1,4,Win,112,105,121,15:00,17:10,1320,中馬義郎,山本和良,小野将人,平川祐介,Away,128,64,9,50.0,16.00,35,20,4,57.1,5,1.25,106,4,17,18,4.0,93,35.0,23.0,50.0
136,54,10,39.7,13.50,14,9,0,64.3,10,2.50,91,3,21,24,4.1,76,40.0,21.0,66.4,177,2019-01-12,2019,01,12,,墨田区総合体育館,FC東京,VC長野トライデンツ,ﾛﾃﾞｨｱﾚｯｻﾝﾄﾞﾛ,坂本将康,3,1,4,Win,92,89,102,15:00,16:58,1500,小柴滋,高橋宏明,澤達大,渡部真穂,Home,117,46,10,39.3,11.50,12,7,1,58.3,7,1.75,90,3,12,14,3.9,69,24.0,19.0,48.6
117,46,10,39.3,11.50,12,7,1,58.3,7,1.75,90,3,12,14,3.9,69,24.0,19.0,48.6,177,2019-01-12,2019,01,12,,墨田区総合体育館,VC長野トライデンツ,FC東京,笹川星哉,ｱｰﾏﾂﾏｻｼﾞｪﾃﾞｨ,1,3,4,Lose,89,92,102,15:00,16:58,1500,小柴滋,高橋宏明,澤達大,渡部真穂,Away,136,54,10,39.7,13.50,14,9,0,64.3,10,2.50,91,3,21,24,4.1,76,40.0,21.0,66.4
124,65,4,52.4,16.25,26,24,0,92.3,11,2.75,94,4,18,14,3.2,77,43.0,14.0,64.9,174,2019-01-12,2019,01,12,,福山市緑町公園屋内競技場（ローズアリーナ）,JTサンダーズ,豊田合成トレフェルサ,ｳﾞｺｳﾞｨｯﾁｳﾞｪｾﾘﾝ,ｻﾄﾚﾙﾃｨﾈ,3,1,4,Win,95,87,104,16:00,18:00,2230,石井洋壮,千代延靖夫,中山健,赤瀬広幸,Home,112,51,3,45.5,12.75,21,8,3,38.1,10,2.50,88,2,10,20,5.1,74,43.0,15.0,68.2
112,51,3,45.5,12.75,21,8,3,38.1,10,2.50,88,2,10,20,5.1,74,43.0,15.0,68.2,174,2019-01-12,2019,01,12,,福山市緑町公園屋内競技場（ローズアリーナ）,豊田合成トレフェルサ,JTサンダーズ,ﾄﾐｰﾃｨﾘｶｲﾈﾝ,藤田和広,1,3,4,Lose,87,95,104,16:00,18:00,2230,石井洋壮,千代延靖夫,中山健,赤瀬広幸,Away,124,65,4,52.4,16.25,26,24,0,92.3,11,2.75,94,4,18,14,3.2,77,43.0,14.0,64.9
120,60,5,50.0,12.00,24,12,1,50.0,6,1.20,106,8,10,27,11.6,81,44.0,15.0,63.6,178,2019-01-13,2019,01,13,,福山市緑町公園屋内競技場（ローズアリーナ）,豊田合成トレフェルサ,ジェイテクトSTINGS,ﾄﾐｰﾃｨﾘｶｲﾈﾝ,藤田和広,3,2,5,Win,106,102,123,12:00,14:15,1500,石井洋壮,原啓之,千代延靖夫,藤井勇紀,Home,133,68,11,51.1,13.60,36,15,7,41.7,10,2.00,102,7,19,19,6.9,94,51.0,14.0,61.7
133,68,11,51.1,13.60,36,15,7,41.7,10,2.00,102,7,19,19,6.9,94,51.0,14.0,61.7,178,2019-01-13,2019,01,13,,福山市緑町公園屋内競技場（ローズアリーナ）,ジェイテクトSTINGS,豊田合成トレフェルサ,高橋慎治,若山智昭,2,3,5,Lose,102,106,123,12:00,14:15,1500,石井洋壮,原啓之,千代延靖夫,藤井勇紀,Away,120,60,5,50.0,12.00,24,12,1,50.0,6,1.20,106,8,10,27,11.6,81,44.0,15.0,63.6
98,43,9,43.9,10.75,20,11,2,55.0,12,3.00,94,7,7,18,10.4,67,26.0,17.0,51.5,180,2019-01-13,2019,01,13,,大分県立総合体育館,パナソニックパンサーズ,東レアローズ,川村慎二,古田博幸,3,1,4,Win,95,85,104,12:00,13:53,1043,中馬義郎,山本晋五,浅井唯由,平川祐介,Home,110,54,10,49.1,13.50,31,21,2,67.7,9,2.25,86,3,19,21,4.1,84,39.0,23.0,60.1
110,54,10,49.1,13.50,31,21,2,67.7,9,2.25,86,3,19,21,4.1,84,39.0,23.0,60.1,180,2019-01-13,2019,01,13,,大分県立総合体育館,東レアローズ,パナソニックパンサーズ,小林敦,篠田歩,1,3,4,Lose,85,95,104,12:00,13:53,1043,中馬義郎,山本晋五,浅井唯由,平川祐介,Away,98,43,9,43.9,10.75,20,11,2,55.0,12,3.00,94,7,7,18,10.4,67,26.0,17.0,51.5
73,43,5,58.9,14.33,19,13,1,68.4,8,2.67,73,3,7,19,8.2,49,17.0,19.0,54.1,179,2019-01-13,2019,01,13,,福山市緑町公園屋内競技場（ローズアリーナ）,JTサンダーズ,堺ブレイザーズ,ｳﾞｺｳﾞｨｯﾁｳﾞｪｾﾘﾝ,ｻﾄﾚﾙﾃｨﾈ,3,0,3,Win,75,62,82,15:00,16:35,2340,石井洋壮,中山健,グレッグルーオー,赤瀬広幸,Home,83,42,6,50.6,14.00,15,8,2,53.3,3,1.00,64,5,13,11,7.0,65,23.0,21.0,51.5
83,42,6,50.6,14.00,15,8,2,53.3,3,1.00,64,5,13,11,7.0,65,23.0,21.0,51.5,179,2019-01-13,2019,01,13,,福山市緑町公園屋内競技場（ローズアリーナ）,堺ブレイザーズ,JTサンダーズ,真保綱一郎,上杉徹,0,3,3,Lose,62,75,82,15:00,16:35,2340,石井洋壮,中山健,グレッグルーオー,赤瀬広幸,Away,73,43,5,58.9,14.33,19,13,1,68.4,8,2.67,73,3,7,19,8.2,49,17.0,19.0,54.1
92,51,4,55.4,17.00,28,15,2,53.6,1,0.33,76,0,13,20,2.3,64,27.0,11.0,50.8,181,2019-01-13,2019,01,13,,大分県立総合体育館,大分三好ヴァイセアドラー,サントリーサンバーズ,小川貴史,小林尚登,0,3,3,Lose,74,82,83,15:00,16:29,1870,中馬義郎,小野将人,山本和良,平川祐介,Home,89,54,6,60.7,18.00,18,13,3,72.2,5,1.67,80,3,15,25,6.9,63,29.0,14.0,57.1
89,54,6,60.7,18.00,18,13,3,72.2,5,1.67,80,3,15,25,6.9,63,29.0,14.0,57.1,181,2019-01-13,2019,01,13,,大分県立総合体育館,サントリーサンバーズ,大分三好ヴァイセアドラー,荻野正二,酒井大祐,3,0,3,Win,82,74,83,15:00,16:29,1870,中馬義郎,小野将人,山本和良,平川祐介,Away,92,51,4,55.4,17.00,28,15,2,53.6,1,0.33,76,0,13,20,2.3,64,27.0,11.0,50.8
145,69,6,47.6,17.25,34,19,3,55.9,7,1.75,108,3,19,23,3.7,91,43.0,25.0,61.0,182,2019-01-19,2019,01,19,,沖縄市体育館,豊田合成トレフェルサ,サントリーサンバーズ,ﾄﾐｰﾃｨﾘｶｲﾈﾝ,藤田和広,3,1,4,Win,109,107,125,12:00,14:14,1366,加治健男,浅井唯由,服部篤史,諸見謝尚,Home,122,61,11,50.0,15.25,30,13,6,43.3,16,4.00,108,4,15,21,5.1,88,31.0,32.0,53.4
122,61,11,50.0,15.25,30,13,6,43.3,16,4.00,108,4,15,21,5.1,88,31.0,32.0,53.4,182,2019-01-19,2019,01,19,,沖縄市体育館,サントリーサンバーズ,豊田合成トレフェルサ,荻野正二,酒井大祐,1,3,4,Lose,107,109,125,12:00,14:14,1366,加治健男,浅井唯由,服部篤史,諸見謝尚,Away,145,69,6,47.6,17.25,34,19,3,55.9,7,1.75,108,3,19,23,3.7,91,43.0,25.0,61.0
126,65,10,51.6,13.00,32,16,7,50.0,10,2.00,101,4,14,33,8.7,87,46.0,11.0,59.2,186,2019-01-19,2019,01,19,,松江市総合体育館,JTサンダーズ,ジェイテクトSTINGS,ｳﾞｺｳﾞｨｯﾁｳﾞｪｾﾘﾝ,菅直哉,3,2,5,Win,101,105,121,13:00,15:20,1600,石井洋壮,森口豊,千代延靖夫,波田野政幸,Home,122,57,4,46.7,11.40,33,15,1,45.5,11,2.20,105,8,16,30,11.0,86,30.0,23.0,48.3
122,57,4,46.7,11.40,33,15,1,45.5,11,2.20,105,8,16,30,11.0,86,30.0,23.0,48.3,186,2019-01-19,2019,01,19,,松江市総合体育館,ジェイテクトSTINGS,JTサンダーズ,高橋慎治,阿部純也,2,3,5,Lose,105,101,121,13:00,15:20,1600,石井洋壮,森口豊,千代延靖夫,波田野政幸,Away,126,65,10,51.6,13.00,32,16,7,50.0,10,2.00,101,4,14,33,8.7,87,46.0,11.0,59.2
75,44,5,58.7,14.67,18,12,2,66.7,9,3.00,75,3,16,19,5.0,53,26.0,12.0,60.4,184,2019-01-19,2019,01,19,,草薙総合運動場体育館,東レアローズ,FC東京,小林敦,篠田歩,3,0,3,Win,77,65,75,13:00,14:21,1020,大塚達也,村中伸,澤達大,丸山洋幸,Home,76,38,5,50.0,12.67,13,8,1,61.5,4,1.33,67,0,14,15,0.4,57,21.0,17.0,51.8
76,38,5,50.0,12.67,13,8,1,61.5,4,1.33,67,0,14,15,0.4,57,21.0,17.0,51.8,184,2019-01-19,2019,01,19,,草薙総合運動場体育館,FC東京,東レアローズ,ﾛﾃﾞｨｱﾚｯｻﾝﾄﾞﾛ,坂本将康,0,3,3,Lose,65,77,75,13:00,14:21,1020,大塚達也,村中伸,澤達大,丸山洋幸,Away,75,44,5,58.7,14.67,18,12,2,66.7,9,3.00,75,3,16,19,5.0,53,26.0,12.0,60.4
83,42,4,50.6,14.00,15,6,1,40.0,11,3.67,74,5,6,21,11.8,50,25.0,16.0,66.0,183,2019-01-19,2019,01,19,,沖縄市体育館,パナソニックパンサーズ,堺ブレイザーズ,川村慎二,古田博幸,3,0,3,Win,76,62,81,15:20,16:47,1811,加治健男,冨田博一,山本晋五,諸見謝尚,Home,96,47,4,49.0,15.67,19,10,1,52.6,4,1.33,64,1,13,9,0.0,64,17.0,25.0,46.1
96,47,4,49.0,15.67,19,10,1,52.6,4,1.33,64,1,13,9,0.0,64,17.0,25.0,46.1,183,2019-01-19,2019,01,19,,沖縄市体育館,堺ブレイザーズ,パナソニックパンサーズ,真保綱一郎,上杉徹,0,3,3,Lose,62,76,81,15:20,16:47,1811,加治健男,冨田博一,山本晋五,諸見謝尚,Away,83,42,4,50.6,14.00,15,6,1,40.0,11,3.67,74,5,6,21,11.8,50,25.0,16.0,66.0
128,64,16,50.0,16.00,31,16,7,51.6,8,2.00,100,5,18,22,6.0,82,47.0,9.0,62.8,185,2019-01-19,2019,01,19,,草薙総合運動場体育館,大分三好ヴァイセアドラー,VC長野トライデンツ,小川貴史,ﾑﾚｲﾎﾟｰﾙ,3,1,4,Win,101,94,106,16:00,17:55,650,大塚達也,城智人,戸川太輔,山本三菜美,Home,109,47,9,43.1,11.75,16,7,1,43.8,7,1.75,95,2,11,26,6.1,79,43.0,14.0,63.3
109,47,9,43.1,11.75,16,7,1,43.8,7,1.75,95,2,11,26,6.1,79,43.0,14.0,63.3,185,2019-01-19,2019,01,19,,草薙総合運動場体育館,VC長野トライデンツ,大分三好ヴァイセアドラー,笹川星哉,ｱｰﾏﾂﾏｻｼﾞｪﾃﾞｨ,1,3,4,Lose,94,101,106,16:00,17:55,650,大塚達也,城智人,戸川太輔,山本三菜美,Away,128,64,16,50.0,16.00,31,16,7,51.6,8,2.00,100,5,18,22,6.0,82,47.0,9.0,62.8
124,61,7,49.2,12.20,22,13,3,59.1,10,2.00,102,5,16,30,8.3,82,29.0,27.0,51.8,187,2019-01-20,2019,01,20,,沖縄市体育館,サントリーサンバーズ,堺ブレイザーズ,荻野正二,酒井大祐,3,2,5,Win,102,101,129,12:00,14:21,1385,加治健男,服部篤史,冨田博一,諸見謝尚,Home,125,58,8,46.4,11.60,27,13,2,48.1,12,2.40,101,3,17,25,5.0,84,28.0,23.0,47.0
125,58,8,46.4,11.60,27,13,2,48.1,12,2.40,101,3,17,25,5.0,84,28.0,23.0,47.0,187,2019-01-20,2019,01,20,,沖縄市体育館,堺ブレイザーズ,サントリーサンバーズ,真保綱一郎,上杉徹,2,3,5,Lose,101,102,129,12:00,14:21,1385,加治健男,服部篤史,冨田博一,諸見謝尚,Away,124,61,7,49.2,12.20,22,13,3,59.1,10,2.00,102,5,16,30,8.3,82,29.0,27.0,51.8
87,47,5,54.0,15.67,17,5,1,29.4,7,2.33,73,4,11,23,9.6,48,27.0,10.0,66.7,189,2019-01-20,2019,01,20,,草薙総合運動場体育館,東レアローズ,VC長野トライデンツ,小林敦,篠田歩,3,0,3,Win,75,52,63,12:00,13:09,620,大塚達也,澤達大,城智人,丸山洋幸,Home,77,32,8,41.6,10.67,16,2,3,12.5,3,1.00,54,0,6,11,2.3,60,16.0,19.0,42.5
77,32,8,41.6,10.67,16,2,3,12.5,3,1.00,54,0,6,11,2.3,60,16.0,19.0,42.5,189,2019-01-20,2019,01,20,,草薙総合運動場体育館,VC長野トライデンツ,東レアローズ,笹川星哉,ｱｰﾏﾂﾏｻｼﾞｪﾃﾞｨ,0,3,3,Lose,52,75,63,12:00,13:09,620,大塚達也,澤達大,城智人,丸山洋幸,Away,87,47,5,54.0,15.67,17,5,1,29.4,7,2.33,73,4,11,23,9.6,48,27.0,10.0,66.7
127,59,6,46.5,11.80,19,10,0,52.6,16,3.20,109,1,17,33,4.6,78,35.0,25.0,60.9,190,2019-01-20,2019,01,20,,草薙総合運動場体育館,FC東京,大分三好ヴァイセアドラー,ﾛﾃﾞｨｱﾚｯｻﾝﾄﾞﾛ,坂本将康,3,2,5,Win,109,97,111,15:00,17:03,350,大塚達也,戸川太輔,村中伸,望月壮,Home,142,60,12,42.3,12.00,35,23,2,65.7,7,1.40,97,7,14,16,7.7,91,24.0,34.0,45.1
142,60,12,42.3,12.00,35,23,2,65.7,7,1.40,97,7,14,16,7.7,91,24.0,34.0,45.1,190,2019-01-20,2019,01,20,,草薙総合運動場体育館,大分三好ヴァイセアドラー,FC東京,小川貴史,小林尚登,2,3,5,Lose,97,109,111,15:00,17:03,350,大塚達也,戸川太輔,村中伸,望月壮,Away,127,59,6,46.5,11.80,19,10,0,52.6,16,3.20,109,1,17,33,4.6,78,35.0,25.0,60.9
110,55,7,50.0,13.75,15,6,2,40.0,11,2.75,94,7,15,14,7.2,80,23.0,30.0,47.5,188,2019-01-20,2019,01,20,,沖縄市体育館,パナソニックパンサーズ,豊田合成トレフェルサ,川村慎二,古田博幸,3,1,4,Win,95,92,110,15:31,17:30,1957,加治健男,山本晋五,浅井唯由,諸見謝尚,Home,96,47,6,49.0,11.75,20,9,3,45.0,12,3.00,93,6,10,24,10.2,77,22.0,36.0,51.9
96,47,6,49.0,11.75,20,9,3,45.0,12,3.00,93,6,10,24,10.2,77,22.0,36.0,51.9,188,2019-01-20,2019,01,20,,沖縄市体育館,豊田合成トレフェルサ,パナソニックパンサーズ,ﾄﾐｰﾃｨﾘｶｲﾈﾝ,藤田和広,1,3,4,Lose,92,95,110,15:31,17:30,1957,加治健男,山本晋五,浅井唯由,諸見謝尚,Away,110,55,7,50.0,13.75,15,6,2,40.0,11,2.75,94,7,15,14,7.2,80,23.0,30.0,47.5
75,33,3,44.0,11.00,19,7,2,36.8,6,2.00,60,2,8,12,5.0,58,33.0,12.0,67.2,191,2019-01-26,2019,01,26,,大田区総合体育館,豊田合成トレフェルサ,JTサンダーズ,ﾄﾐｰﾃｨﾘｶｲﾈﾝ,深津貴之,0,3,3,Lose,58,75,76,11:00,12:22,1250,村上成司,江下毅,村中伸,渡辺彰子,Home,80,45,2,56.2,15.00,21,14,1,66.7,14,4.67,73,3,13,12,3.8,52,20.0,18.0,55.8
80,45,2,56.2,15.00,21,14,1,66.7,14,4.67,73,3,13,12,3.8,52,20.0,18.0,55.8,191,2019-01-26,2019,01,26,,大田区総合体育館,JTサンダーズ,豊田合成トレフェルサ,ｳﾞｺｳﾞｨｯﾁｳﾞｪｾﾘﾝ,ｻﾄﾚﾙﾃｨﾈ,3,0,3,Win,75,58,76,11:00,12:22,1250,村上成司,江下毅,村中伸,渡辺彰子,Away,75,33,3,44.0,11.00,19,7,2,36.8,6,2.00,60,2,8,12,5.0,58,33.0,12.0,67.2
80,44,3,55.0,14.67,12,9,1,75.0,7,2.33,73,3,8,17,7.2,47,28.0,3.0,62.8,193,2019-01-26,2019,01,26,,松本市総合体育館,パナソニックパンサーズ,ジェイテクトSTINGS,川村慎二,古田博幸,3,0,3,Win,75,58,71,12:00,13:17,1580,利根川忠史,浅井唯由,原啓之,内藤義人,Home,76,41,4,53.9,13.67,18,10,2,55.6,3,1.00,60,3,13,13,5.0,65,36.0,9.0,62.3
76,41,4,53.9,13.67,18,10,2,55.6,3,1.00,60,3,13,13,5.0,65,36.0,9.0,62.3,193,2019-01-26,2019,01,26,,松本市総合体育館,ジェイテクトSTINGS,パナソニックパンサーズ,高橋慎治,若山智昭,0,3,3,Lose,58,75,71,12:00,13:17,1580,利根川忠史,浅井唯由,原啓之,内藤義人,Away,80,44,3,55.0,14.67,12,9,1,75.0,7,2.33,73,3,8,17,7.2,47,28.0,3.0,62.8
57,33,2,57.9,11.00,19,8,0,42.1,11,3.67,74,6,11,26,13.2,41,17.0,8.0,51.2,195,2019-01-26,2019,01,26,,和歌山県立体育館,堺ブレイザーズ,東レアローズ,真保綱一郎,上杉徹,3,0,3,Win,75,56,74,12:00,13:27,1748,田野敏彦,グレッグルーオー,山本和良,中井博文,Home,72,35,7,48.6,11.67,13,6,1,46.2,4,1.33,57,2,15,15,3.5,60,22.0,10.0,45.0
72,35,7,48.6,11.67,13,6,1,46.2,4,1.33,57,2,15,15,3.5,60,22.0,10.0,45.0,195,2019-01-26,2019,01,26,,和歌山県立体育館,東レアローズ,堺ブレイザーズ,小林敦,篠田歩,0,3,3,Lose,56,75,74,12:00,13:27,1748,田野敏彦,グレッグルーオー,山本和良,中井博文,Away,57,33,2,57.9,11.00,19,8,0,42.1,11,3.67,74,6,11,26,13.2,41,17.0,8.0,51.2
60,39,4,65.0,13.00,11,6,2,54.5,9,3.00,73,7,10,32,17.1,42,14.0,12.0,47.6,192,2019-01-26,2019,01,26,,大田区総合体育館,サントリーサンバーズ,大分三好ヴァイセアドラー,荻野正二,酒井大祐,3,0,3,Win,75,53,67,15:00,16:17,2235,村上成司,千代延靖夫,服部篤史,角野八重,Home,77,33,8,42.9,11.00,22,11,3,50.0,3,1.00,55,1,12,16,3.6,62,11.0,13.0,28.2
77,33,8,42.9,11.00,22,11,3,50.0,3,1.00,55,1,12,16,3.6,62,11.0,13.0,28.2,192,2019-01-26,2019,01,26,,大田区総合体育館,大分三好ヴァイセアドラー,サントリーサンバーズ,小川貴史,小林尚登,0,3,3,Lose,53,75,67,15:00,16:17,2235,村上成司,千代延靖夫,服部篤史,角野八重,Away,60,39,4,65.0,13.00,11,6,2,54.5,9,3.00,73,7,10,32,17.1,42,14.0,12.0,47.6
90,35,10,38.9,11.67,17,3,5,17.6,4,1.33,58,2,8,10,4.3,62,24.0,15.0,50.8,194,2019-01-26,2019,01,26,,松本市総合体育館,VC長野トライデンツ,FC東京,笹川星哉,ｱｰﾏﾂﾏｻｼﾞｪﾃﾞｨ,0,3,3,Lose,56,75,76,16:00,17:29,1410,利根川忠史,中山健,戸川太輔,嶋田和明,Home,78,45,5,57.7,15.00,10,4,3,40.0,3,1.00,73,4,9,21,9.6,48,30.0,8.0,70.8
78,45,5,57.7,15.00,10,4,3,40.0,3,1.00,73,4,9,21,9.6,48,30.0,8.0,70.8,194,2019-01-26,2019,01,26,,松本市総合体育館,FC東京,VC長野トライデンツ,ﾛﾃﾞｨｱﾚｯｻﾝﾄﾞﾛ,坂本将康,3,0,3,Win,75,56,76,16:00,17:29,1410,利根川忠史,中山健,戸川太輔,嶋田和明,Away,90,35,10,38.9,11.67,17,3,5,17.6,4,1.33,58,2,8,10,4.3,62,24.0,15.0,50.8
57,28,3,49.1,9.33,10,5,0,50.0,16,5.33,74,7,8,20,13.5,33,10.0,14.0,51.5,196,2019-01-27,2019,01,27,,大田区総合体育館,JTサンダーズ,大分三好ヴァイセアドラー,ｳﾞｺｳﾞｨｯﾁｳﾞｪｾﾘﾝ,ｻﾄﾚﾙﾃｨﾈ,3,0,3,Win,75,42,68,11:00,12:14,1070,村上成史,服部篤史,江下毅,町田柚,Home,77,26,9,33.8,8.67,16,7,3,43.8,3,1.00,43,1,9,9,2.3,64,16.0,23.0,43.0
77,26,9,33.8,8.67,16,7,3,43.8,3,1.00,43,1,9,9,2.3,64,16.0,23.0,43.0,196,2019-01-27,2019,01,27,,大田区総合体育館,大分三好ヴァイセアドラー,JTサンダーズ,小川貴史,小林尚登,0,3,3,Lose,42,75,68,11:00,12:14,1070,村上成史,服部篤史,江下毅,町田柚,Away,57,28,3,49.1,9.33,10,5,0,50.0,16,5.33,74,7,8,20,13.5,33,10.0,14.0,51.5
82,37,1,45.1,12.33,7,5,0,71.4,7,2.33,63,1,12,9,0.4,63,30.0,18.0,61.9,198,2019-01-27,2019,01,27,,松本市総合体育館,VC長野トライデンツ,ジェイテクトSTINGS,笹川星哉,ｱｰﾏﾂﾏｻｼﾞｪﾃﾞｨ,0,3,3,Lose,61,75,72,12:00,13:25,2010,利根川忠史,原啓之,浅井唯由,橋詰清美,Home,86,54,6,62.8,18.00,24,16,1,66.7,6,2.00,73,1,10,14,2.7,50,25.0,16.0,66.0
86,54,6,62.8,18.00,24,16,1,66.7,6,2.00,73,1,10,14,2.7,50,25.0,16.0,66.0,198,2019-01-27,2019,01,27,,松本市総合体育館,ジェイテクトSTINGS,VC長野トライデンツ,高橋慎治,若山智昭,3,0,3,Win,75,61,72,12:00,13:25,2010,利根川忠史,原啓之,浅井唯由,橋詰清美,Away,82,37,1,45.1,12.33,7,5,0,71.4,7,2.33,63,1,12,9,0.4,63,30.0,18.0,61.9
116,70,5,60.3,14.00,37,23,0,62.2,6,1.20,110,5,28,29,4.8,89,41.0,22.0,58.4,197,2019-01-27,2019,01,27,,大田区総合体育館,サントリーサンバーズ,豊田合成トレフェルサ,荻野正二,酒井大祐,2,3,5,Lose,110,111,134,15:00,17:31,2453,村上成司,村中伸,千代延靖夫,古田法美,Home,111,64,7,57.7,12.80,15,9,1,60.0,4,0.80,111,7,19,22,7.0,79,33.0,15.0,51.3
111,64,7,57.7,12.80,15,9,1,60.0,4,0.80,111,7,19,22,7.0,79,33.0,15.0,51.3,197,2019-01-27,2019,01,27,,大田区総合体育館,豊田合成トレフェルサ,サントリーサンバーズ,ﾄﾐｰﾃｨﾘｶｲﾈﾝ,深津貴之,3,2,5,Win,111,110,134,15:00,17:31,2453,村上成司,村中伸,千代延靖夫,古田法美,Away,116,70,5,60.3,14.00,37,23,0,62.2,6,1.20,110,5,28,29,4.8,89,41.0,22.0,58.4
98,47,2,48.0,15.67,9,5,0,55.6,11,3.67,74,5,6,17,10.5,51,18.0,14.0,49.0,199,2019-01-27,2019,01,27,,松本市総合体育館,パナソニックパンサーズ,FC東京,川村慎二,古田博幸,3,0,3,Win,75,57,72,15:00,16:18,1150,利根川忠史,戸川太輔,中山健,樋口裕晃,Home,86,38,5,44.2,12.67,10,7,1,70.0,7,2.33,58,3,6,17,9.9,67,38.0,9.0,63.4
86,38,5,44.2,12.67,10,7,1,70.0,7,2.33,58,3,6,17,9.9,67,38.0,9.0,63.4,199,2019-01-27,2019,01,27,,松本市総合体育館,FC東京,パナソニックパンサーズ,ﾛﾃﾞｨｱﾚｯｻﾝﾄﾞﾛ,坂本将康,0,3,3,Lose,57,75,72,15:00,16:18,1150,利根川忠史,戸川太輔,中山健,樋口裕晃,Away,98,47,2,48.0,15.67,9,5,0,55.6,11,3.67,74,5,6,17,10.5,51,18.0,14.0,49.0
63,40,1,63.5,13.33,9,7,1,77.8,9,3.00,73,4,11,26,10.6,32,13.0,7.0,51.6,200,2019-02-02,2019,02,02,,熊本県立総合体育館,JTサンダーズ,VC長野トライデンツ,ｳﾞｺｳﾞｨｯﾁｳﾞｪｾﾘﾝ,菅直哉,3,0,3,Win,75,42,66,11:00,12:12,1205,中馬義郎,山本晋吾,千代延靖夫,端田直也,Home,82,27,8,32.9,9.00,10,4,4,40.0,0,0.00,44,3,11,10,6.2,62,14.0,18.0,37.1
82,27,8,32.9,9.00,10,4,4,40.0,0,0.00,44,3,11,10,6.2,62,14.0,18.0,37.1,200,2019-02-02,2019,02,02,,熊本県立総合体育館,VC長野トライデンツ,JTサンダーズ,笹川星哉,ｱｰﾏﾂﾏｻｼﾞｪﾃﾞｨ,0,3,3,Lose,42,75,66,11:00,12:12,1205,中馬義郎,山本晋吾,千代延靖夫,端田直也,Away,63,40,1,63.5,13.33,9,7,1,77.8,9,3.00,73,4,11,26,10.6,32,13.0,7.0,51.6
81,49,2,60.5,16.33,17,12,0,70.6,3,1.00,74,5,13,19,8.8,49,22.0,7.0,52.0,202,2019-02-02,2019,02,02,,堺市金岡公園体育館,堺ブレイザーズ,ジェイテクトSTINGS,真保綱一郎,上杉徹,3,0,3,Win,75,59,78,12:00,13:31,1911,勝又正,村中伸,山本和良,越村弘,Home,80,36,4,45.0,12.00,16,5,4,31.2,5,1.67,60,2,10,20,7.5,58,27.0,12.0,56.9
80,36,4,45.0,12.00,16,5,4,31.2,5,1.67,60,2,10,20,7.5,58,27.0,12.0,56.9,202,2019-02-02,2019,02,02,,堺市金岡公園体育館,ジェイテクトSTINGS,堺ブレイザーズ,高橋慎治,若山智昭,0,3,3,Lose,59,75,78,12:00,13:31,1911,勝又正,村中伸,山本和良,越村弘,Away,81,49,2,60.5,16.33,17,12,0,70.6,3,1.00,74,5,13,19,8.8,49,22.0,7.0,52.0
125,64,13,51.2,12.80,33,18,3,54.5,9,1.80,94,2,15,26,5.1,94,37.0,18.0,48.9,201,2019-02-02,2019,02,02,,熊本県立総合体育館,サントリーサンバーズ,パナソニックパンサーズ,荻野正二,ﾚｵﾅﾙﾄﾞｶﾙﾊﾞﾘｮ,2,3,5,Lose,94,107,125,14:00,16:22,2221,中馬義郎,浅井唯由,小野将人,鳥井昭宏,Home,123,66,6,53.7,13.20,21,11,0,52.4,9,1.80,107,3,13,36,8.2,78,39.0,12.0,57.7
123,66,6,53.7,13.20,21,11,0,52.4,9,1.80,107,3,13,36,8.2,78,39.0,12.0,57.7,201,2019-02-02,2019,02,02,,熊本県立総合体育館,パナソニックパンサーズ,サントリーサンバーズ,川村慎二,ﾓｯﾀﾊﾟｴｽﾏｳﾘｼｵ,3,2,5,Win,107,94,125,14:00,16:22,2221,中馬義郎,浅井唯由,小野将人,鳥井昭宏,Away,125,64,13,51.2,12.80,33,18,3,54.5,9,1.80,94,2,15,26,5.1,94,37.0,18.0,48.9
73,47,4,64.4,15.67,22,16,0,72.7,4,1.33,74,4,12,29,11.1,46,17.0,15.0,53.3,203,2019-02-02,2019,02,02,,堺市金岡公園体育館,東レアローズ,FC東京,小林敦,篠田歩,3,0,3,Win,75,57,68,15:00,16:14,1104,勝又正,戸川太輔,江下毅,中村滉伊知,Home,77,34,7,44.2,11.33,15,5,2,33.3,3,1.00,58,2,10,14,5.2,61,14.0,16.0,36.1
77,34,7,44.2,11.33,15,5,2,33.3,3,1.00,58,2,10,14,5.2,61,14.0,16.0,36.1,203,2019-02-02,2019,02,02,,堺市金岡公園体育館,FC東京,東レアローズ,ﾛﾃﾞｨｱﾚｯｻﾝﾄﾞﾛ,坂本将康,0,3,3,Lose,57,75,68,15:00,16:14,1104,勝又正,戸川太輔,江下毅,中村滉伊知,Away,73,47,4,64.4,15.67,22,16,0,72.7,4,1.33,74,4,12,29,11.1,46,17.0,15.0,53.3
67,40,3,59.7,13.33,6,3,1,50.0,7,2.33,73,2,11,19,5.5,44,19.0,15.0,60.2,204,2019-02-02,2019,02,02,,刈谷市総合運動公園体育館（ウィングアリーナ刈谷）,豊田合成トレフェルサ,大分三好ヴァイセアドラー,ﾄﾐｰﾃｨﾘｶｲﾈﾝ,ｸﾘｽﾃｨｱﾝｿﾝｱﾝﾃﾞｨｯｼｭ,3,0,3,Win,75,54,78,16:00,17:27,1100,石井洋壮,グレッグルーオー,森口豊,中澤和美,Home,87,36,8,41.4,12.00,23,11,1,47.8,3,1.00,56,0,12,10,-0.9,61,25.0,16.0,54.1
87,36,8,41.4,12.00,23,11,1,47.8,3,1.00,56,0,12,10,-0.9,61,25.0,16.0,54.1,204,2019-02-02,2019,02,02,,刈谷市総合運動公園体育館（ウィングアリーナ刈谷）,大分三好ヴァイセアドラー,豊田合成トレフェルサ,小川貴史,小林尚登,0,3,3,Lose,54,75,78,16:00,17:27,1100,石井洋壮,グレッグルーオー,森口豊,中澤和美,Away,67,40,3,59.7,13.33,6,3,1,50.0,7,2.33,73,2,11,19,5.5,44,19.0,15.0,60.2
112,57,6,50.9,14.25,15,7,1,46.7,5,1.25,96,8,12,39,15.4,74,31.0,15.0,52.0,205,2019-02-03,2019,02,03,,熊本県立総合体育館,パナソニックパンサーズ,JTサンダーズ,川村慎二,ﾓｯﾀﾊﾟｴｽﾏｳﾘｼｵ,3,1,4,Win,97,91,109,11:00,12:58,1757,中馬義郎,小野将人,浅井唯由,端田直也,Home,116,59,8,50.9,14.75,30,18,6,60.0,10,2.50,92,4,16,26,7.1,81,18.0,19.0,34.0
116,59,8,50.9,14.75,30,18,6,60.0,10,2.50,92,4,16,26,7.1,81,18.0,19.0,34.0,205,2019-02-03,2019,02,03,,熊本県立総合体育館,JTサンダーズ,パナソニックパンサーズ,ｳﾞｺｳﾞｨｯﾁｳﾞｪｾﾘﾝ,菅直哉,1,3,4,Lose,91,97,109,11:00,12:58,1757,中馬義郎,小野将人,浅井唯由,端田直也,Away,112,57,6,50.9,14.25,15,7,1,46.7,5,1.25,96,8,12,39,15.4,74,31.0,15.0,52.0
92,48,4,52.2,16.00,15,5,2,33.3,12,4.00,76,5,10,18,9.2,55,21.0,16.0,52.7,207,2019-02-03,2019,02,03,,堺市金岡公園体育館,堺ブレイザーズ,FC東京,真保綱一郎,上杉徹,3,0,3,Win,77,59,79,12:00,13:32,1803,勝又正,山本和良,戸川太輔,宮階和世,Home,97,38,4,39.2,12.67,20,8,1,40.0,5,1.67,60,1,5,18,7.1,64,33.0,13.0,61.7
97,38,4,39.2,12.67,20,8,1,40.0,5,1.67,60,1,5,18,7.1,64,33.0,13.0,61.7,207,2019-02-03,2019,02,03,,堺市金岡公園体育館,FC東京,堺ブレイザーズ,ﾛﾃﾞｨｱﾚｯｻﾝﾄﾞﾛ,坂本将康,0,3,3,Lose,59,77,79,12:00,13:32,1803,勝又正,山本和良,戸川太輔,宮階和世,Away,92,48,4,52.2,16.00,15,5,2,33.3,12,4.00,76,5,10,18,9.2,55,21.0,16.0,52.7
80,42,4,52.5,14.00,17,8,2,47.1,9,3.00,73,4,13,22,8.6,46,23.0,6.0,56.5,206,2019-02-03,2019,02,03,,熊本県立総合体育館,サントリーサンバーズ,VC長野トライデンツ,荻野正二,ﾚｵﾅﾙﾄﾞｶﾙﾊﾞﾘｮ,3,0,3,Win,75,59,76,14:00,15:27,2300,中馬義郎,千代延靖夫,山本晋吾,鳥井昭宏,Home,79,34,5,43.0,11.33,13,6,0,46.2,3,1.00,61,2,14,16,4.1,60,27.0,8.0,51.7
79,34,5,43.0,11.33,13,6,0,46.2,3,1.00,61,2,14,16,4.1,60,27.0,8.0,51.7,206,2019-02-03,2019,02,03,,熊本県立総合体育館,VC長野トライデンツ,サントリーサンバーズ,笹川星哉,宮澤武吉,0,3,3,Lose,59,75,76,14:00,15:27,2300,中馬義郎,千代延靖夫,山本晋吾,鳥井昭宏,Away,80,42,4,52.5,14.00,17,8,2,47.1,9,3.00,73,4,13,22,8.6,46,23.0,6.0,56.5
78,38,5,48.7,12.67,19,9,1,47.4,3,1.00,62,1,9,25,8.1,59,26.0,16.0,57.6,208,2019-02-03,2019,02,03,,堺市金岡公園体育館,東レアローズ,ジェイテクトSTINGS,小林敦,篠田歩,0,3,3,Lose,61,75,75,15:00,16:21,1300,勝又正,江下毅,村中伸,和佐田信行,Home,70,45,3,64.3,15.00,16,14,1,87.5,8,2.67,74,7,12,17,11.1,52,12.0,15.0,37.5
70,45,3,64.3,15.00,16,14,1,87.5,8,2.67,74,7,12,17,11.1,52,12.0,15.0,37.5,208,2019-02-03,2019,02,03,,堺市金岡公園体育館,ジェイテクトSTINGS,東レアローズ,高橋慎治,若山智昭,3,0,3,Win,75,61,75,15:00,16:21,1300,勝又正,江下毅,村中伸,和佐田信行,Away,78,38,5,48.7,12.67,19,9,1,47.4,3,1.00,62,1,9,25,8.1,59,26.0,16.0,57.6
123,61,10,49.6,15.25,33,18,2,54.5,13,3.25,100,4,12,27,7.8,81,29.0,20.0,48.1,209,2019-02-08,2019,02,08,,ウィングアリーナ刈谷,ジェイテクトSTINGS,FC東京,高橋慎治,若山智昭,3,1,4,Win,101,94,111,19:00,21:00,2100,田野昭彦,原啓之,江下毅,中澤和美,Home,129,57,9,44.2,14.25,17,10,2,58.8,9,2.25,95,2,13,31,6.8,86,38.0,19.0,55.2
129,57,9,44.2,14.25,17,10,2,58.8,9,2.25,95,2,13,31,6.8,86,38.0,19.0,55.2,209,2019-02-08,2019,02,08,,ウィングアリーナ刈谷,FC東京,ジェイテクトSTINGS,ﾛﾃﾞｨｱﾚｯｻﾝﾄﾞﾛ,坂本将康,1,3,4,Lose,94,101,111,19:00,21:00,2100,田野昭彦,原啓之,江下毅,中澤和美,Away,123,61,10,49.6,15.25,33,18,2,54.5,13,3.25,100,4,12,27,7.8,81,29.0,20.0,48.1
93,50,3,53.8,16.67,12,6,2,50.0,10,3.33,73,2,7,20,7.2,46,21.0,10.0,56.5,212,2019-02-09,2019,02,09,,別府ビーコンプラザ,豊田合成トレフェルサ,VC長野トライデンツ,ﾄﾐｰﾃｨﾘｶｲﾈﾝ,ｸﾘｽﾃｨｱﾝｿﾝｱﾝﾃﾞｨｯｼｭ,3,0,3,Win,75,54,76,12:00,13:22,711,塚本健,冨田博一,グレッグルーオー,平川祐介,Home,93,34,4,36.6,11.33,14,3,2,21.4,4,1.33,56,5,7,12,11.2,65,28.0,16.0,55.4
93,34,4,36.6,11.33,14,3,2,21.4,4,1.33,56,5,7,12,11.2,65,28.0,16.0,55.4,212,2019-02-09,2019,02,09,,別府ビーコンプラザ,VC長野トライデンツ,豊田合成トレフェルサ,笹川星哉,ｱｰﾏﾂﾏｻｼﾞｪﾃﾞｨ,0,3,3,Lose,54,75,76,12:00,13:22,711,塚本健,冨田博一,グレッグルーオー,平川祐介,Away,93,50,3,53.8,16.67,12,6,2,50.0,10,3.33,73,2,7,20,7.2,46,21.0,10.0,56.5
111,56,9,50.5,14.00,30,20,2,66.7,12,3.00,96,8,9,33,14.6,78,34.0,19.0,55.8,210,2019-02-09,2019,02,09,,三島市民体育館,東レアローズ,サントリーサンバーズ,小林敦,篠田歩,3,1,4,Win,97,88,107,13:00,14:56,1762,酒出修,高橋宏明,浅井唯由,新妻明子,Home,107,57,8,53.3,14.25,23,11,2,47.8,6,1.50,89,3,10,23,7.0,83,33.0,13.0,47.6
107,57,8,53.3,14.25,23,11,2,47.8,6,1.50,89,3,10,23,7.0,83,33.0,13.0,47.6,210,2019-02-09,2019,02,09,,三島市民体育館,サントリーサンバーズ,東レアローズ,荻野正二,ﾚｵﾅﾙﾄﾞｶﾙﾊﾞﾘｮ,1,3,4,Lose,88,97,107,13:00,14:56,1762,酒出修,高橋宏明,浅井唯由,新妻明子,Away,111,56,9,50.5,14.00,30,20,2,66.7,12,3.00,96,8,9,33,14.6,78,34.0,19.0,55.8
107,57,9,53.3,19.00,26,17,2,65.4,1,0.33,82,4,18,18,4.9,73,29.0,21.0,54.1,213,2019-02-09,2019,02,09,,別府ビーコンプラザ,大分三好ヴァイセアドラー,パナソニックパンサーズ,小川貴史,小林尚登,0,3,3,Lose,81,88,95,15:00,16:41,1001,塚本健,國頭亮太,千代延靖夫,平川祐介,Home,81,46,8,56.8,15.33,7,3,1,42.9,9,3.00,87,5,11,21,8.6,62,31.0,11.0,58.9
81,46,8,56.8,15.33,7,3,1,42.9,9,3.00,87,5,11,21,8.6,62,31.0,11.0,58.9,213,2019-02-09,2019,02,09,,別府ビーコンプラザ,パナソニックパンサーズ,大分三好ヴァイセアドラー,川村慎二,古田博幸,3,0,3,Win,88,81,95,15:00,16:41,1001,塚本健,國頭亮太,千代延靖夫,平川祐介,Away,107,57,9,53.3,19.00,26,17,2,65.4,1,0.33,82,4,18,18,4.9,73,29.0,21.0,54.1
107,50,8,46.7,12.50,21,6,3,28.6,12,3.00,91,2,12,28,6.6,74,27.0,17.0,48.0,211,2019-02-09,2019,02,09,,三島市民体育館,JTサンダーズ,堺ブレイザーズ,ｳﾞｺｳﾞｨｯﾁｳﾞｪｾﾘﾝ,ｻﾄﾚﾙﾃｨﾈ,1,3,4,Lose,90,96,109,16:00,17:58,1459,酒出修,澤達大,城智人,鈴木基之,Home,122,66,7,54.1,16.50,34,19,1,55.9,6,1.50,95,3,18,30,6.3,79,28.0,23.0,50.0
122,66,7,54.1,16.50,34,19,1,55.9,6,1.50,95,3,18,30,6.3,79,28.0,23.0,50.0,211,2019-02-09,2019,02,09,,三島市民体育館,堺ブレイザーズ,JTサンダーズ,真保綱一郎,上杉徹,3,1,4,Win,96,90,109,16:00,17:58,1459,酒出修,澤達大,城智人,鈴木基之,Away,107,50,8,46.7,12.50,21,6,3,28.6,12,3.00,91,2,12,28,6.6,74,27.0,17.0,48.0
113,51,6,45.1,12.75,12,7,1,58.3,13,3.25,83,0,10,23,3.9,80,31.0,26.0,55.0,216,2019-02-10,2019,02,10,,別府ビーコンプラザ,パナソニックパンサーズ,豊田合成トレフェルサ,川村慎二,古田博幸,1,3,4,Lose,82,96,109,12:00,13:58,1185,塚本健,千代延靖夫,冨田博一,平川祐介,Home,124,64,5,51.6,16.00,21,14,1,66.7,8,2.00,95,6,11,21,8.9,73,30.0,20.0,54.8
124,64,5,51.6,16.00,21,14,1,66.7,8,2.00,95,6,11,21,8.9,73,30.0,20.0,54.8,216,2019-02-10,2019,02,10,,別府ビーコンプラザ,豊田合成トレフェルサ,パナソニックパンサーズ,ﾄﾐｰﾃｨﾘｶｲﾈﾝ,ｸﾘｽﾃｨｱﾝｿﾝｱﾝﾃﾞｨｯｼｭ,3,1,4,Win,96,82,109,12:00,13:58,1185,塚本健,千代延靖夫,冨田博一,平川祐介,Away,113,51,6,45.1,12.75,12,7,1,58.3,13,3.25,83,0,10,23,3.9,80,31.0,26.0,55.0
112,55,8,49.1,13.75,24,15,2,62.5,10,2.50,96,6,15,26,9.1,80,44.0,10.0,61.3,214,2019-02-10,2019,02,10,,三島市民体育館,東レアローズ,JTサンダーズ,小林敦,篠田歩,3,1,4,Win,97,94,108,12:00,13:57,1775,酒出修,浅井唯由,高橋宏明,中村一史,Home,105,51,10,48.6,12.75,25,14,3,56.0,15,3.75,95,3,14,26,6.3,79,38.0,15.0,57.6
105,51,10,48.6,12.75,25,14,3,56.0,15,3.75,95,3,14,26,6.3,79,38.0,15.0,57.6,214,2019-02-10,2019,02,10,,三島市民体育館,JTサンダーズ,東レアローズ,ｳﾞｺｳﾞｨｯﾁｳﾞｪｾﾘﾝ,ｻﾄﾚﾙﾃｨﾈ,1,3,4,Lose,94,97,108,12:00,13:57,1775,酒出修,浅井唯由,高橋宏明,中村一史,Away,112,55,8,49.1,13.75,24,15,2,62.5,10,2.50,96,6,15,26,9.1,80,44.0,10.0,61.3
98,57,6,58.2,14.25,24,16,3,66.7,10,2.50,95,6,14,22,8.4,60,25.0,15.0,54.2,215,2019-02-10,2019,02,10,,三島市民体育館,サントリーサンバーズ,堺ブレイザーズ,荻野正二,ﾚｵﾅﾙﾄﾞｶﾙﾊﾞﾘｮ,3,1,4,Win,96,77,101,15:00,16:50,1309,酒出修,城智人,澤達大,望月壮,Home,112,48,6,42.9,12.00,26,10,3,38.5,3,0.75,78,3,16,19,4.8,76,31.0,22.0,55.3
112,48,6,42.9,12.00,26,10,3,38.5,3,0.75,78,3,16,19,4.8,76,31.0,22.0,55.3,215,2019-02-10,2019,02,10,,三島市民体育館,堺ブレイザーズ,サントリーサンバーズ,真保綱一郎,上杉徹,1,3,4,Lose,77,96,101,15:00,16:50,1309,酒出修,城智人,澤達大,望月壮,Away,98,57,6,58.2,14.25,24,16,3,66.7,10,2.50,95,6,14,22,8.4,60,25.0,15.0,54.2
84,45,8,53.6,15.00,25,9,3,36.0,8,2.67,73,4,10,20,8.9,43,23.0,8.0,62.8,217,2019-02-10,2019,02,10,,別府ビーコンプラザ,大分三好ヴァイセアドラー,VC長野トライデンツ,小川貴史,小林尚登,3,0,3,Win,75,54,75,15:00,16:21,1372,塚本健,グレッグ・ルーオー,國頭亮太,平川祐介,Home,77,32,4,41.6,10.67,15,5,1,33.3,2,0.67,56,1,12,12,1.8,63,23.0,16.0,49.2
77,32,4,41.6,10.67,15,5,1,33.3,2,0.67,56,1,12,12,1.8,63,23.0,16.0,49.2,217,2019-02-10,2019,02,10,,別府ビーコンプラザ,VC長野トライデンツ,大分三好ヴァイセアドラー,笹川星哉,ｱｰﾏﾂﾏｻｼﾞｪﾃﾞｨ,0,3,3,Lose,54,75,75,15:00,16:21,1372,塚本健,グレッグ・ルーオー,國頭亮太,平川祐介,Away,84,45,8,53.6,15.00,25,9,3,36.0,8,2.67,73,4,10,20,8.9,43,23.0,8.0,62.8
131,60,8,45.8,15.00,19,10,3,52.6,4,1.00,92,1,15,22,3.0,80,35.0,10.0,50.0,220,2019-02-16,2019,02,16,,氷見市ふれあいスポーツセンター,豊田合成トレフェルサ,東レアローズ,ﾄﾐｰﾃｨﾘｶｲﾈﾝ,ｸﾘｽﾃｨｱﾝｿﾝｱﾝﾃﾞｨｯｼｭ,1,3,4,Lose,91,100,117,12:00,14:06,1200,富田満,西中野健,江下毅,砂川雅昭,Home,112,59,9,52.7,14.75,24,11,2,45.8,7,1.75,99,10,16,35,14.9,77,46.0,10.0,66.2
112,59,9,52.7,14.75,24,11,2,45.8,7,1.75,99,10,16,35,14.9,77,46.0,10.0,66.2,220,2019-02-16,2019,02,16,,氷見市ふれあいスポーツセンター,東レアローズ,豊田合成トレフェルサ,小林敦,篠田歩,3,1,4,Win,100,91,117,12:00,14:06,1200,富田満,西中野健,江下毅,砂川雅昭,Away,131,60,8,45.8,15.00,19,10,3,52.6,4,1.00,92,1,15,22,3.0,80,35.0,10.0,50.0
122,67,4,54.9,16.75,18,10,2,55.6,3,0.75,99,7,18,32,10.6,77,20.0,34.0,48.1,218,2019-02-16,2019,02,16,,大田区総合体育館,FC東京,JTサンダーズ,ﾛﾃﾞｨｱﾚｯｻﾝﾄﾞﾛ,坂本将康,3,1,4,Win,100,90,109,13:00,15:05,2500,大塚達也,高橋宏明,村中伸,角野八重,Home,117,57,9,48.7,14.25,23,8,2,34.8,7,1.75,91,2,14,21,4.1,76,17.0,25.0,38.8
117,57,9,48.7,14.25,23,8,2,34.8,7,1.75,91,2,14,21,4.1,76,17.0,25.0,38.8,218,2019-02-16,2019,02,16,,大田区総合体育館,JTサンダーズ,FC東京,ｳﾞｺｳﾞｨｯﾁｳﾞｪｾﾘﾝ,ｻﾄﾚﾙﾃｨﾈ,1,3,4,Lose,90,100,109,13:00,15:05,2500,大塚達也,高橋宏明,村中伸,角野八重,Away,122,67,4,54.9,16.75,18,10,2,55.6,3,0.75,99,7,18,32,10.6,77,20.0,34.0,48.1
102,54,5,52.9,13.50,14,7,1,50.0,12,3.00,91,2,25,8,-2.5,84,45.0,15.0,62.5,222,2019-02-16,2019,02,16,,松本市総合体育館,VC長野トライデンツ,パナソニックパンサーズ,笹川星哉,ｱｰﾏﾂﾏｻｼﾞｪﾃﾞｨ,1,3,4,Lose,90,99,108,14:00,16:04,1680,田中昭彦,戸川太輔,澤達大,内藤義人,Home,113,51,10,45.1,12.75,18,8,2,44.4,9,2.25,98,4,12,22,6.6,66,39.0,17.0,72.0
113,51,10,45.1,12.75,18,8,2,44.4,9,2.25,98,4,12,22,6.6,66,39.0,17.0,72.0,222,2019-02-16,2019,02,16,,松本市総合体育館,パナソニックパンサーズ,VC長野トライデンツ,川村慎二,古田博幸,3,1,4,Win,99,90,108,14:00,16:04,1680,田中昭彦,戸川太輔,澤達大,内藤義人,Away,102,54,5,52.9,13.50,14,7,1,50.0,12,3.00,91,2,25,8,-2.5,84,45.0,15.0,62.5
119,65,6,54.6,16.25,18,10,1,55.6,5,1.25,99,5,16,33,9.3,77,40.0,18.0,63.6,221,2019-02-16,2019,02,16,,氷見市ふれあいスポーツセンター,堺ブレイザーズ,大分三好ヴァイセアドラー,真保綱一郎,上杉徹,3,1,4,Win,100,88,116,15:00,17:05,950,富田満,桑原健輔,森口豊,高野俊弘,Home,111,62,9,55.9,15.50,21,9,1,42.9,4,1.00,89,0,12,19,2.0,82,35.0,14.0,51.2
111,62,9,55.9,15.50,21,9,1,42.9,4,1.00,89,0,12,19,2.0,82,35.0,14.0,51.2,221,2019-02-16,2019,02,16,,氷見市ふれあいスポーツセンター,大分三好ヴァイセアドラー,堺ブレイザーズ,小川貴史,小林尚登,1,3,4,Lose,88,100,116,15:00,17:05,950,富田満,桑原健輔,森口豊,高野俊弘,Away,119,65,6,54.6,16.25,18,10,1,55.6,5,1.25,99,5,16,33,9.3,77,40.0,18.0,63.6
124,59,8,47.6,14.75,35,18,3,51.4,8,2.00,96,5,19,28,7.6,84,19.0,26.0,38.1,219,2019-02-16,2019,02,16,,大田区総合体育館,ジェイテクトSTINGS,サントリーサンバーズ,高橋慎治,若山智昭,1,3,4,Lose,95,103,111,16:00,18:00,2050,大塚達也,原啓之,冨田博一,塚本健二,Home,111,55,5,49.5,13.75,29,14,2,48.3,11,2.75,102,6,16,35,10.5,75,21.0,23.0,43.3
111,55,5,49.5,13.75,29,14,2,48.3,11,2.75,102,6,16,35,10.5,75,21.0,23.0,43.3,219,2019-02-16,2019,02,16,,大田区総合体育館,サントリーサンバーズ,ジェイテクトSTINGS,荻野正二,酒井大祐,3,1,4,Win,103,95,111,16:00,18:00,2050,大塚達也,原啓之,冨田博一,塚本健二,Away,124,59,8,47.6,14.75,35,18,3,51.4,8,2.00,96,5,19,28,7.6,84,19.0,26.0,38.1
82,47,3,57.3,15.67,16,11,1,68.8,9,3.00,73,1,6,24,7.5,58,17.0,24.0,50.0,223,2019-02-17,2019,02,17,,大田区総合体育館,JTサンダーズ,ジェイテクトSTINGS,ｳﾞｺｳﾞｨｯﾁｳﾞｪｾﾘﾝ,ｻﾄﾚﾙﾃｨﾈ,3,0,3,Win,75,65,75,12:00,13:21,2000,大塚達也,村中伸,高橋宏明,町田柚,Home,96,44,7,45.8,14.67,29,15,4,51.7,9,3.00,67,0,9,17,3.0,67,18.0,24.0,44.8
96,44,7,45.8,14.67,29,15,4,51.7,9,3.00,67,0,9,17,3.0,67,18.0,24.0,44.8,223,2019-02-17,2019,02,17,,大田区総合体育館,ジェイテクトSTINGS,JTサンダーズ,高橋慎治,若山智昭,0,3,3,Lose,65,75,75,12:00,13:21,2000,大塚達也,村中伸,高橋宏明,町田柚,Away,82,47,3,57.3,15.67,16,11,1,68.8,9,3.00,73,1,6,24,7.5,58,17.0,24.0,50.0
109,63,5,57.8,15.75,17,8,2,47.1,9,2.25,97,7,19,38,12.1,72,28.0,21.0,53.5,226,2019-02-17,2019,02,17,,氷見市ふれあいスポーツセンター,東レアローズ,大分三好ヴァイセアドラー,小林敦,篠田歩,3,1,4,Win,98,82,104,12:00,13:53,1000,富田満,江下毅,西中野健,中村達麻呂,Home,89,41,7,46.1,10.25,24,13,0,54.2,12,3.00,83,2,9,23,6.6,75,22.0,15.0,39.3
89,41,7,46.1,10.25,24,13,0,54.2,12,3.00,83,2,9,23,6.6,75,22.0,15.0,39.3,226,2019-02-17,2019,02,17,,氷見市ふれあいスポーツセンター,大分三好ヴァイセアドラー,東レアローズ,小川貴史,小林尚登,1,3,4,Lose,82,98,104,12:00,13:53,1000,富田満,江下毅,西中野健,中村達麻呂,Away,109,63,5,57.8,15.75,17,8,2,47.1,9,2.25,97,7,19,38,12.1,72,28.0,21.0,53.5
96,36,6,37.5,9.00,17,9,2,52.9,10,2.50,79,4,15,19,6.3,72,22.0,19.0,43.8,224,2019-02-17,2019,02,17,,大田区総合体育館,FC東京,サントリーサンバーズ,ﾛﾃﾞｨｱﾚｯｻﾝﾄﾞﾛ,坂本将康,1,3,4,Lose,78,95,97,15:00,16:53,2780,大塚達也,冨田博一,原啓之,渡部千穂,Home,118,59,7,50.0,14.75,19,12,2,63.2,4,1.00,94,9,18,26,11.7,63,22.0,19.0,50.0
118,59,7,50.0,14.75,19,12,2,63.2,4,1.00,94,9,18,26,11.7,63,22.0,19.0,50.0,224,2019-02-17,2019,02,17,,大田区総合体育館,サントリーサンバーズ,FC東京,荻野正二,酒井大祐,3,1,4,Win,95,78,97,15:00,16:53,2780,大塚達也,冨田博一,原啓之,渡部千穂,Away,96,36,6,37.5,9.00,17,9,2,52.9,10,2.50,79,4,15,19,6.3,72,22.0,19.0,43.8
131,61,12,46.6,12.20,19,6,5,31.6,9,1.80,109,3,14,34,7.3,85,49.0,13.0,65.3,225,2019-02-17,2019,02,17,,氷見市ふれあいスポーツセンター,豊田合成トレフェルサ,堺ブレイザーズ,ﾄﾐｰﾃｨﾘｶｲﾈﾝ,ｸﾘｽﾃｨｱﾝｿﾝｱﾝﾃﾞｨｯｼｭ,3,2,5,Win,110,109,136,15:00,17:29,1500,富田満,森口豊,桑原健輔,高野俊弘,Home,138,68,8,49.3,13.60,29,16,1,55.2,8,1.60,110,4,24,23,3.4,95,42.0,19.0,54.2
138,68,8,49.3,13.60,29,16,1,55.2,8,1.60,110,4,24,23,3.4,95,42.0,19.0,54.2,225,2019-02-17,2019,02,17,,氷見市ふれあいスポーツセンター,堺ブレイザーズ,豊田合成トレフェルサ,真保綱一郎,上杉徹,2,3,5,Lose,109,110,136,15:00,17:29,1500,富田満,森口豊,桑原健輔,高野俊弘,Away,131,61,12,46.6,12.20,19,6,5,31.6,9,1.80,109,3,14,34,7.3,85,49.0,13.0,65.3
115,50,5,43.5,12.50,21,12,2,57.1,8,2.00,97,6,22,35,9.5,75,25.0,16.0,44.0,227,2019-02-23,2019,02,23,,パナソニックアリーナ,東レアローズ,VC長野トライデンツ,小林敦,篠田歩,3,1,4,Win,98,87,102,12:00,13:51,2000,田野敏彦,原啓之,小野将人,永江雅之,Home,99,41,12,41.4,10.25,18,10,1,55.6,11,2.75,88,5,12,30,10.8,75,17.0,18.0,34.7
99,41,12,41.4,10.25,18,10,1,55.6,11,2.75,88,5,12,30,10.8,75,17.0,18.0,34.7,227,2019-02-23,2019,02,23,,パナソニックアリーナ,VC長野トライデンツ,東レアローズ,笹川星哉,ｱｰﾏﾂﾏｻｼﾞｪﾃﾞｨ,1,3,4,Lose,87,98,102,12:00,13:51,2000,田野敏彦,原啓之,小野将人,永江雅之,Away,115,50,5,43.5,12.50,21,12,2,57.1,8,2.00,97,6,22,35,9.5,75,25.0,16.0,44.0
115,65,6,56.5,16.25,19,12,2,63.2,13,3.25,101,3,14,18,4.0,69,39.0,13.0,65.9,231,2019-02-23,2019,02,23,,東広島市運動公園体育館,JTサンダーズ,サントリーサンバーズ,ｳﾞｺｳﾞｨｯﾁｳﾞｪｾﾘﾝ,ｻﾄﾚﾙﾃｨﾈ,3,1,4,Win,102,84,102,13:00,14:58,2500,加治健男,山本晋五,千代延靖夫,藤井勇紀,Home,118,49,5,41.5,12.25,26,10,1,38.5,11,2.75,85,3,14,17,4.4,87,61.0,8.0,74.7
118,49,5,41.5,12.25,26,10,1,38.5,11,2.75,85,3,14,17,4.4,87,61.0,8.0,74.7,231,2019-02-23,2019,02,23,,東広島市運動公園体育館,サントリーサンバーズ,JTサンダーズ,荻野正二,酒井大祐,1,3,4,Lose,84,102,102,13:00,14:58,2500,加治健男,山本晋五,千代延靖夫,藤井勇紀,Away,115,65,6,56.5,16.25,19,12,2,63.2,13,3.25,101,3,14,18,4.0,69,39.0,13.0,65.9
113,55,12,48.7,13.75,21,12,1,57.1,12,3.00,98,9,12,20,11.2,73,39.0,19.0,66.4,229,2019-02-23,2019,02,23,,ジェイテクトアリーナ奈良,ジェイテクトSTINGS,大分三好ヴァイセアドラー,高橋慎治,若山智昭,3,1,4,Win,99,80,103,13:00,14:52,1610,伊藤博之,城智人,山本和良,的場早紀,Home,110,45,12,40.9,11.25,27,10,5,37.0,9,2.25,81,1,8,14,3.1,83,33.0,25.0,54.8
110,45,12,40.9,11.25,27,10,5,37.0,9,2.25,81,1,8,14,3.1,83,33.0,25.0,54.8,229,2019-02-23,2019,02,23,,ジェイテクトアリーナ奈良,大分三好ヴァイセアドラー,ジェイテクトSTINGS,小川貴史,小林尚登,1,3,4,Lose,80,99,103,13:00,14:52,1610,伊藤博之,城智人,山本和良,的場早紀,Away,113,55,12,48.7,13.75,21,12,1,57.1,12,3.00,98,9,12,20,11.2,73,39.0,19.0,66.4
80,42,4,52.5,14.00,10,5,1,50.0,6,2.00,74,3,15,21,6.1,64,32.0,13.0,60.2,228,2019-02-23,2019,02,23,,パナソニックアリーナ,パナソニックパンサーズ,堺ブレイザーズ,川村慎二,古田博幸,0,3,3,Lose,73,81,86,15:00,16:32,2700,田野敏彦,村中伸,澤達大,越村弘,Home,73,40,6,54.8,13.33,14,6,3,42.9,7,2.33,80,12,13,18,16.6,58,33.0,4.0,60.3
73,40,6,54.8,13.33,14,6,3,42.9,7,2.33,80,12,13,18,16.6,58,33.0,4.0,60.3,228,2019-02-23,2019,02,23,,パナソニックアリーナ,堺ブレイザーズ,パナソニックパンサーズ,真保綱一郎,上杉徹,3,0,3,Win,81,73,86,15:00,16:32,2700,田野敏彦,村中伸,澤達大,越村弘,Away,80,42,4,52.5,14.00,10,5,1,50.0,6,2.00,74,3,15,21,6.1,64,32.0,13.0,60.2
82,41,1,50.0,13.67,11,5,0,45.5,5,1.67,74,3,14,25,7.8,45,15.0,19.0,54.4,230,2019-02-23,2019,02,23,,ジェイテクトアリーナ奈良,豊田合成トレフェルサ,FC東京,ﾄﾐｰﾃｨﾘｶｲﾈﾝ,ｸﾘｽﾃｨｱﾝｿﾝｱﾝﾃﾞｨｯｼｭ,3,0,3,Win,76,59,76,16:00,17:22,845,伊藤博之,中山健,江下毅,田中清,Home,89,32,15,36.0,10.67,21,9,4,42.9,4,1.33,61,6,12,11,9.4,58,23.0,10.0,48.3
89,32,15,36.0,10.67,21,9,4,42.9,4,1.33,61,6,12,11,9.4,58,23.0,10.0,48.3,230,2019-02-23,2019,02,23,,ジェイテクトアリーナ奈良,FC東京,豊田合成トレフェルサ,ﾛﾃﾞｨｱﾚｯｻﾝﾄﾞﾛ,坂本将康,0,3,3,Lose,59,76,76,16:00,17:22,845,伊藤博之,中山健,江下毅,田中清,Away,82,41,1,50.0,13.67,11,5,0,45.5,5,1.67,74,3,14,25,7.8,45,15.0,19.0,54.4
115,57,9,49.6,14.25,30,19,4,63.3,6,1.50,89,7,7,25,12.9,87,30.0,23.0,47.7,234,2019-02-24,2019,02,24,,ジェイテクトアリーナ奈良,ジェイテクトSTINGS,豊田合成トレフェルサ,高橋慎治,若山智昭,1,3,4,Lose,88,99,111,12:00,14:00,2060,伊藤博之,江下毅,城智人,田中清,Home,126,69,7,54.8,17.25,16,9,3,56.2,8,2.00,98,5,10,34,11.2,78,35.0,18.0,56.4
126,69,7,54.8,17.25,16,9,3,56.2,8,2.00,98,5,10,34,11.2,78,35.0,18.0,56.4,234,2019-02-24,2019,02,24,,ジェイテクトアリーナ奈良,豊田合成トレフェルサ,ジェイテクトSTINGS,ﾄﾐｰﾃｨﾘｶｲﾈﾝ,ｸﾘｽﾃｨｱﾝｿﾝｱﾝﾃﾞｨｯｼｭ,3,1,4,Win,99,88,111,12:00,14:00,2060,伊藤博之,江下毅,城智人,田中清,Away,115,57,9,49.6,14.25,30,19,4,63.3,6,1.50,89,7,7,25,12.9,87,30.0,23.0,47.7
90,44,2,48.9,14.67,28,18,0,64.3,11,3.67,74,5,9,32,14.5,46,16.0,11.0,46.7,232,2019-02-24,2019,02,24,,パナソニックアリーナ,堺ブレイザーズ,VC長野トライデンツ,真保綱一郎,上杉徹,3,0,3,Win,75,56,74,12:00,13:20,2200,田野敏彦,澤達大,原啓之,安田悠司,Home,90,39,2,43.3,13.00,14,5,0,35.7,4,1.33,57,1,10,19,5.7,64,18.0,14.0,39.1
90,39,2,43.3,13.00,14,5,0,35.7,4,1.33,57,1,10,19,5.7,64,18.0,14.0,39.1,232,2019-02-24,2019,02,24,,パナソニックアリーナ,VC長野トライデンツ,堺ブレイザーズ,笹川星哉,ｱｰﾏﾂﾏｻｼﾞｪﾃﾞｨ,0,3,3,Lose,56,75,74,12:00,13:20,2200,田野敏彦,澤達大,原啓之,安田悠司,Away,90,44,2,48.9,14.67,28,18,0,64.3,11,3.67,74,5,9,32,14.5,46,16.0,11.0,46.7
82,44,5,53.7,14.67,21,10,4,47.6,11,3.67,73,2,11,24,7.2,53,26.0,18.0,66.0,235,2019-02-24,2019,02,24,,ジェイテクトアリーナ奈良,FC東京,大分三好ヴァイセアドラー,ﾛﾃﾞｨｱﾚｯｻﾝﾄﾞﾛ,坂本将康,3,0,3,Win,75,64,78,15:00,16:24,853,伊藤博之,山本和良,中山健,浦辻昌康,Home,89,40,5,44.9,13.33,17,9,2,52.9,5,1.67,66,1,12,9,0.4,62,25.0,13.0,50.8
89,40,5,44.9,13.33,17,9,2,52.9,5,1.67,66,1,12,9,0.4,62,25.0,13.0,50.8,235,2019-02-24,2019,02,24,,ジェイテクトアリーナ奈良,大分三好ヴァイセアドラー,FC東京,小川貴史,小林尚登,0,3,3,Lose,64,75,78,15:00,16:24,853,伊藤博之,山本和良,中山健,浦辻昌康,Away,82,44,5,53.7,14.67,21,10,4,47.6,11,3.67,73,2,11,24,7.2,53,26.0,18.0,66.0
100,48,6,48.0,12.00,20,11,2,55.0,9,2.25,97,7,10,35,13.7,66,21.0,14.0,42.4,233,2019-02-24,2019,02,24,,パナソニックアリーナ,パナソニックパンサーズ,東レアローズ,川村慎二,古田博幸,3,1,4,Win,98,87,103,15:00,16:52,2800,田野敏彦,小野将人,村中伸,和佐田信行,Home,121,55,9,45.5,13.75,25,11,2,44.0,10,2.50,88,4,21,28,6.5,83,31.0,14.0,45.8
121,55,9,45.5,13.75,25,11,2,44.0,10,2.50,88,4,21,28,6.5,83,31.0,14.0,45.8,233,2019-02-24,2019,02,24,,パナソニックアリーナ,東レアローズ,パナソニックパンサーズ,小林敦,篠田歩,1,3,4,Lose,87,98,103,15:00,16:52,2800,田野敏彦,小野将人,村中伸,和佐田信行,Away,100,48,6,48.0,12.00,20,11,2,55.0,9,2.25,97,7,10,35,13.7,66,21.0,14.0,42.4
